3,2025-06-24
5,2025-05-14
5,2025-04-21
7,2025-06-03
8,2025-05-30
9,2025-05-19
11,2025-05-29
11,2025-05-22
12,2025-04-28
13,2025-04-29
16,2025-05-19
17,2025-04-28
22,2025-05-27
25,2025-04-28
28,2025-04-29
29,2025-06-02
30,2025-04-21
32,2025-05-22
34,2025-04-22
35,2025-04-28
36,2025-05-30
37,2025-04-30
38,2025-07-01
40,2025-05-22
42,2025-04-25
43,2025-05-28
46,2025-05-02
49,2025-06-24
50,2025-05-26
52,2025-05-07
56,2025-05-22
59,2025-05-22
66,2025-06-24
69,2025-05-19
70,2025-05-30
73,2025-05-14
74,2025-04-25
76,2025-06-20
84,2025-04-21
86,2025-04-28
87,2025-04-21
88,2025-05-28
91,2025-06-20
92,2025-07-02
93,2025-05-28
96,2025-06-24
97,2025-04-28
99,2025-05-19
100,2025-05-20
102,2025-04-21
107,2025-05-26
108,2025-06-02
110,2025-05-30
111,2025-05-20
112,2025-05-12
115,2025-05-16
116,2025-05-13
116,2025-05-27
117,2025-06-24
118,2025-05-20
119,2025-05-19
120,2025-04-25
123,2025-05-16
124,2025-05-16
125,2025-07-30
126,2025-06-24
128,2025-05-13
134,2025-07-21
135,2025-06-20
143,2025-06-05
143,2025-06-24
144,2025-05-12
146,2025-06-24
148,2025-05-20
151,2025-05-16
152,2025-05-13
153,2025-04-21
156,2025-04-25
159,2025-06-09
160,2025-06-20
161,2025-04-28
171,2025-05-13
172,2025-07-21
181,2025-04-28
184,2025-06-24
186,2025-05-29
189,2025-04-29
190,2025-05-22
191,2025-07-01
192,2025-04-21
192,2025-04-28
194,2025-06-20
196,2025-05-05
201,2025-04-28
202,2025-04-29
205,2025-04-28
207,2025-04-29
208,2025-06-20
209,2025-06-20
211,2025-06-26
212,2025-05-05
215,2025-05-06
218,2025-07-21
219,2025-05-05
222,2025-05-05
223,2025-05-20
224,2025-04-28
226,2025-04-28
229,2025-06-02
230,2025-05-08
236,2025-05-09
237,2025-04-21
242,2025-05-12
248,2025-06-24
249,2025-05-09
250,2025-05-19
251,2025-05-06
255,2025-06-24
259,2025-05-26
262,2025-08-26
263,2025-05-30
263,2025-04-25
266,2025-05-20
271,2025-06-17
272,2025-04-29
275,2025-06-24
277,2025-05-26
282,2025-04-28
285,2025-05-06
287,2025-05-20
291,2025-06-30
292,2025-05-20
295,2025-05-21
299,2025-06-20
301,2025-05-09
302,2025-06-24
304,2025-06-24
307,2025-05-05
308,2025-06-30
312,2025-06-02
315,2025-04-25
316,2025-06-20
318,2025-05-22
320,2025-06-24
322,2025-05-20
324,2025-06-24
325,2025-06-20
326,2025-06-24
329,2025-06-24
330,2025-06-20
336,2025-05-22
337,2025-05-23
338,2025-04-22
341,2025-06-20
342,2025-05-19
352,2025-05-19
353,2025-04-22
359,2025-06-24
361,2025-04-22
363,2025-05-19
363,2025-05-26
364,2025-05-19
365,2025-04-25
372,2025-05-19
377,2025-04-30
378,2025-05-19
379,2025-05-05
380,2025-05-06
381,2025-06-30
382,2025-04-28
384,2025-07-15
385,2025-05-29
386,2025-06-30
389,2025-06-17
390,2025-06-26
394,2025-04-22
399,2025-05-27
400,2025-04-21
402,2025-05-05
407,2025-05-06
409,2025-05-19
410,2025-05-26
411,2025-05-05
415,2025-05-15
415,2025-04-21
420,2025-04-21
421,2025-05-05
422,2025-09-08
425,2025-04-30
427,2025-05-07
430,2025-05-14
433,2025-05-09
442,2025-06-26
445,2025-05-05
447,2025-05-06
448,2025-06-19
450,2025-06-02
452,2025-05-06
455,2025-05-06
456,2025-05-06
457,2025-07-28
459,2025-05-05
463,2025-07-29
464,2025-05-19
465,2025-06-09
466,2025-06-19
470,2025-05-13
477,2025-06-30
480,2025-06-19
482,2025-06-20
485,2025-05-09
487,2025-05-12
492,2025-05-06
494,2025-05-13
496,2025-05-29
497,2025-08-11
500,2025-05-21
501,2025-05-14
502,2025-05-06
503,2025-05-30
504,2025-06-27
508,2025-06-24
509,2025-05-20
510,2025-05-09
512,2025-05-20
515,2025-06-19
516,2025-06-20
523,2025-05-16
529,2025-06-19
532,2025-05-12
533,2025-05-15
534,2025-05-27
535,2025-05-14
536,2025-05-13
537,2025-04-28
540,2025-09-08
542,2025-06-30
544,2025-05-26
545,2025-04-25
546,2025-05-15
546,2025-04-21
547,2025-06-09
549,2025-04-28
553,2025-06-16
554,2025-05-26
554,2025-05-26
559,2025-05-22
560,2025-05-20
568,2025-05-23
569,2025-06-19
572,2025-06-30
574,2025-05-21
575,2025-05-14
578,2025-05-19
582,2025-04-28
583,2025-05-28
583,2025-04-30
585,2025-06-09
604,2025-05-27
609,2025-06-20
613,2025-04-28
614,2025-04-30
621,2025-04-28
622,2025-04-28
630,2025-06-24
636,2025-05-27
638,2025-05-27
640,2025-05-30
643,2025-06-20
644,2025-04-30
652,2025-05-28
653,2025-05-21
657,2025-04-29
664,2025-04-28
668,2025-04-28
668,2025-05-19
669,2025-04-21
671,2025-05-26
671,2025-04-28
672,2025-06-19
673,2025-04-22
683,2025-04-29
696,2025-09-17
698,2025-05-21
700,2025-05-22
702,2025-04-25
703,2025-05-05
704,2025-06-09
705,2025-04-23
707,2025-05-30
707,2025-05-09
713,2025-05-27
717,2025-07-03
718,2025-05-27
719,2025-06-20
720,2025-05-16
722,2025-04-25
723,2025-06-23
724,2025-05-13
727,2025-05-05
728,2025-05-12
729,2025-05-02
731,2025-05-20
734,2025-05-20
734,2025-06-23
735,2025-06-09
736,2025-05-02
740,2025-06-09
744,2025-05-05
748,2025-05-06
751,2025-06-23
752,2025-05-27
753,2025-05-19
755,2025-04-21
757,2025-05-27
759,2025-05-27
761,2025-05-09
765,2025-06-02
767,2025-08-11
769,2025-05-07
770,2025-05-29
772,2025-05-20
773,2025-06-26
776,2025-05-27
777,2025-05-19
778,2025-05-20
780,2025-05-19
781,2025-04-21
783,2025-04-28
785,2025-05-05
788,2025-05-27
790,2025-05-20
791,2025-04-21
792,2025-05-13
793,2025-05-02
794,2025-05-13
795,2025-09-01
798,2025-05-15
800,2025-07-28
801,2025-05-02
804,2025-08-11
807,2025-06-09
809,2025-06-03
813,2025-05-16
814,2025-06-19
815,2025-05-27
817,2025-04-29
818,2025-05-27
819,2025-05-27
823,2025-06-24
828,2025-08-11
829,2025-05-19
832,2025-04-25
834,2025-05-27
835,2025-05-30
839,2025-05-20
841,2025-05-05
848,2025-05-20
849,2025-05-20
850,2025-07-23
851,2025-05-05
852,2025-06-26
855,2025-06-02
859,2025-05-05
865,2025-09-09
866,2025-05-09
873,2025-07-01
880,2025-05-09
884,2025-05-09
887,2025-05-09
891,2025-06-30
893,2025-05-22
894,2025-05-26
895,2025-05-29
896,2025-05-09
897,2025-05-20
898,2025-05-20
901,2025-06-26
902,2025-05-30
903,2025-05-29
907,2025-05-20
908,2025-05-27
909,2025-05-05
911,2025-05-09
920,2025-05-27
921,2025-06-16
923,2025-05-09
927,2025-05-27
928,2025-04-22
934,2025-06-30
935,2025-06-20
939,2025-05-21
947,2025-06-16
948,2025-09-17
950,2025-07-01
952,2025-05-05
953,2025-09-29
955,2025-06-20
957,2025-07-04
958,2025-06-24
962,2025-06-16
964,2025-06-27
966,2025-04-21
969,2025-04-22
978,2025-09-29
983,2025-06-30
984,2025-06-24
985,2025-05-26
987,2025-05-09
989,2025-05-05
994,2025-05-05
996,2025-06-27
998,2025-05-05
1006,2025-06-26
1010,2025-06-27
1011,2025-07-04
1012,2025-06-26
1015,2025-07-03
1019,2025-08-04
1020,2025-05-20
1021,2025-05-07
1023,2025-06-24
1025,2025-08-04
1027,2025-06-27
1028,2025-09-17
1031,2025-06-20
1036,2025-05-27
1037,2025-06-16
1039,2025-06-23
1041,2025-06-16
1042,2025-07-07
1043,2025-04-29
1045,2025-06-16
1046,2025-05-20
1050,2025-06-24
1051,2025-04-25
1056,2025-07-07
1061,2025-05-06
1063,2025-05-20
1064,2025-05-06
1067,2026-02-02
1071,2025-07-04
1072,2025-06-03
1075,2025-08-13
1080,2025-06-16
1081,2025-06-16
1082,2025-05-20
1083,2025-06-06
1085,2025-05-06
1086,2025-05-06
1089,2025-09-01
1090,2025-11-10
1091,2025-05-05
1093,2025-05-07
1095,2025-05-05
1099,2025-06-10
1102,2025-07-11
1103,2025-06-26
1104,2025-06-16
1107,2025-05-06
1108,2025-06-03
1111,2025-07-21
1121,2025-07-24
1122,2026-02-02
1128,2025-07-21
1129,2025-08-04
1130,2025-07-22
1131,2025-06-03
1134,2025-07-03
1134,2025-07-04
1136,2025-05-22
1137,2025-06-24
1145,2025-07-22
1146,2025-07-08
1147,2025-11-03
1149,2025-07-18
1150,2025-07-03
1155,2025-07-22
1156,2025-06-03
1157,2025-08-01
1160,2025-10-20
1161,2025-06-03
1163,2025-06-03
1164,2025-08-25
1166,2025-04-21
1170,2025-07-17
1171,2025-07-11
1172,2025-07-28
1174,2025-04-28
1181,2025-07-14
1184,2025-07-08
1184,2025-07-07
1190,2025-06-10
1192,2025-07-18
1194,2025-07-11
1198,2025-10-21
1199,2025-06-12
1202,2025-09-29
1204,2025-08-19
1209,2025-10-20
1210,2025-06-10
1218,2025-06-06
1220,2025-05-07
1224,2025-06-27
1226,2025-06-06
1230,2025-08-19
1231,2025-05-07
1232,2025-06-10
1235,2025-07-28
1238,2025-05-19
1240,2025-09-08
1241,2025-05-06
1244,2025-09-02
1245,2025-07-18
1247,2025-10-20
1248,2025-06-10
1250,2025-07-15
1251,2025-07-03
1253,2025-06-10
1256,2025-06-23
1257,2025-05-09
1258,2025-07-11
1260,2025-06-10
1265,2025-06-04
1267,2025-06-12
1268,2025-06-03
1269,2025-08-04
1269,2025-08-25
1270,2025-06-30
1275,2025-05-27
1276,2025-07-17
1277,2025-08-25
1279,2025-05-07
1280,2025-06-06
1284,2025-07-04
1288,2025-06-03
1289,2025-06-03
1290,2025-06-19
1293,2025-07-07
1294,2025-07-08
1297,2025-06-10
1300,2025-05-05
1301,2025-07-24
1302,2025-05-06
1306,2025-08-07
1309,2025-08-04
1310,2026-03-12
1312,2025-07-04
1317,2025-07-21
1319,2025-07-28
1320,2025-05-06
1321,2026-02-02
1322,2025-06-12
1324,2025-06-03
1326,2025-05-09
1330,2025-08-04
1334,2025-08-26
1335,2025-06-05
1336,2025-06-10
1337,2025-06-12
1338,2025-11-24
1345,2025-10-20
1348,2025-06-06
1350,2025-11-18
1355,2025-09-02
1361,2025-06-03
1362,2025-06-10
1363,2025-08-04
1365,2025-07-04
1366,2025-08-01
1369,2025-05-19
1370,2025-10-28
1372,2025-07-07
1374,2025-08-04
1374,2025-08-25
1375,2025-07-18
1376,2025-07-15
1377,2025-07-15
1378,2025-07-21
1380,2025-05-26
1382,2025-07-07
1383,2025-07-22
1384,2025-07-28
1386,2025-07-11
1387,2025-09-01
1388,2025-06-12
1389,2025-07-15
1391,2025-06-10
1393,2025-06-10
1396,2025-07-29
1399,2025-08-04
1402,2025-10-22
1403,2025-07-29
1404,2025-07-08
1406,2025-08-04
1408,2025-07-11
1409,2025-06-16
1411,2025-07-29
1413,2025-07-31
1419,2025-07-17
1420,2025-08-04
1421,2025-08-04
1427,2025-06-10
1428,2025-07-29
1429,2025-07-07
1430,2025-10-21
1432,2025-08-04
1434,2025-07-16
1436,2025-05-26
1439,2025-07-15
1440,2026-01-26
1441,2025-07-10
1442,2025-04-25
1444,2025-05-20
1445,2025-07-16
1447,2025-07-14
1448,2025-06-06
1449,2025-08-04
1450,2025-05-05
1457,2025-05-20
1458,2025-07-01
1459,2025-07-15
1465,2025-06-05
1466,2025-07-11
1467,2025-08-19
1470,2025-07-01
1472,2025-07-29
1475,2026-01-30
1476,2025-06-03
1478,2025-06-03
1479,2025-07-14
1482,2025-06-19
1483,2025-06-03
1484,2025-06-10
1486,2025-07-30
1490,2025-05-05
1491,2025-09-01
1492,2025-08-04
1493,2025-07-22
1495,2025-09-01
1496,2025-06-19
1497,2025-06-02
1498,2025-08-08
1501,2025-08-01
1502,2025-06-03
1503,2025-07-11
1504,2025-09-08
1507,2025-07-29
1512,2025-06-20
1514,2025-07-01
1517,2025-08-04
1518,2025-06-10
1520,2025-09-02
1522,2025-06-02
1524,2025-06-06
1526,2025-07-30
1527,2025-06-30
1536,2025-06-03
1538,2025-06-05
1545,2025-09-02
1548,2025-06-10
1549,2025-06-20
1550,2025-05-20
1553,2026-02-06
1556,2025-05-05
1558,2025-05-05
1559,2025-09-08
1560,2025-12-10
1561,2025-08-01
1562,2025-07-01
1566,2025-08-01
1568,2025-08-06
1570,2025-07-10
1572,2025-07-29
1577,2025-06-10
1578,2025-06-20
1579,2025-07-22
1580,2025-06-03
1581,2025-08-04
1584,2025-07-10
1585,2025-08-18
1587,2025-09-08
1591,2025-08-04
1592,2025-07-30
1598,2025-07-22
1602,2025-08-01
1603,2025-11-24
1604,2025-09-01
1605,2025-07-23
1607,2025-07-08
1611,2025-06-03
1613,2025-07-22
1614,2025-07-08
1615,2025-09-04
1617,2025-06-16
1619,2025-07-04
1622,2025-05-05
1623,2025-09-08
1624,2025-07-30
1626,2025-08-18
1628,2025-06-12
1629,2025-08-18
1632,2025-07-28
1636,2025-07-24
1638,2025-07-07
1639,2025-05-19
1643,2025-07-09
1649,2025-08-19
1650,2025-08-01
1653,2025-07-10
1654,2025-08-01
1655,2025-12-10
1658,2025-07-14
1659,2025-10-21
1660,2025-06-27
1662,2025-06-02
1663,2025-12-10
1667,2025-07-04
1669,2025-09-05
1671,2025-06-30
1672,2025-12-10
1673,2025-07-08
1677,2025-07-10
1681,2025-08-06
1682,2025-07-29
1684,2025-06-27
1686,2025-07-04
1688,2025-12-15
1692,2025-06-24
1694,2025-06-05
1695,2025-05-05
1697,2025-05-19
1699,2025-06-17
1700,2025-07-15
1701,2025-07-07
1702,2025-09-05
1703,2025-08-01
1706,2025-07-21
1708,2025-09-02
1712,2025-07-29
1718,2025-07-21
1724,2026-01-30
1728,2025-05-05
1732,2025-11-24
1734,2025-07-21
1736,2025-07-28
1738,2025-07-28
1742,2025-12-15
1745,2025-07-22
1751,2025-06-17
1755,2025-05-19
1756,2025-07-01
1760,2025-04-29
1762,2025-08-01
1769,2025-08-12
1771,2025-08-19
1774,2025-06-03
1777,2025-08-01
1782,2025-08-26
1783,2025-07-07
1785,2025-12-15
1786,2025-06-03
1790,2026-06-15
1791,2025-05-19
1794,2025-07-28
1797,2025-06-17
1801,2025-06-17
1807,2025-06-13
1814,2025-07-22
1815,2025-07-01
1817,2025-07-16
1818,2025-06-17
1819,2025-06-02
1822,2025-07-14
1824,2025-06-13
1826,2025-07-23
1828,2025-07-14
1831,2025-09-08
1832,2025-07-01
1838,2025-08-08
1843,2025-08-01
1844,2025-07-01
1848,2025-06-13
1849,2025-07-31
1852,2025-08-08
1853,2025-05-28
1854,2025-04-21
1855,2025-07-29
1856,2025-06-13
1857,2025-07-17
1858,2025-08-18
1860,2025-07-03
1864,2025-06-05
1867,2025-07-14
1867,2025-07-07
1869,2025-09-02
1870,2025-08-08
1876,2025-06-23
1877,2025-06-03
1878,2025-07-01
1882,2025-06-03
1883,2025-05-20
1884,2025-09-22
1885,2025-08-01
1886,2025-05-20
1887,2025-07-01
1888,2025-06-03
1889,2025-06-03
1890,2025-07-28
1892,2025-06-03
1893,2025-05-20
1895,2025-07-07
1896,2025-07-16
1898,2025-07-22
1899,2026-03-12
1901,2025-08-08
1907,2025-07-28
1908,2025-05-20
1911,2025-06-02
1912,2025-06-02
1913,2025-07-07
1914,2025-11-24
1917,2025-06-13
1918,2025-05-05
1919,2025-06-17
1920,2025-06-02
1921,2025-07-01
1922,2025-07-03
1923,2025-08-18
1925,2025-08-08
1926,2025-08-18
1928,2025-09-22
1933,2025-08-12
1937,2025-06-26
1938,2025-08-08
1945,2025-07-24
1947,2025-07-10
1948,2025-06-05
1949,2025-06-12
1950,2025-06-24
1952,2025-06-17
1953,2025-07-10
1954,2025-07-07
1955,2025-06-02
1956,2025-06-02
1961,2025-05-19
1962,2025-08-04
1963,2025-07-22
1964,2025-08-18
1970,2025-12-15
1971,2025-09-22
1972,2025-06-02
1973,2025-05-20
1975,2025-06-17
1977,2025-07-03
1979,2025-05-26
1982,2025-07-09
1983,2025-07-01
1991,2025-08-01
1994,2025-08-01
1995,2025-06-12
1997,2025-05-26
1999,2025-07-04
2001,2025-06-02
2004,2025-05-19
2007,2025-05-05
2008,2025-06-02
2009,2025-07-29
2010,2025-05-05
2013,2025-08-01
2016,2025-06-17
2017,2025-05-26
2018,2025-07-21
2020,2025-07-16
2021,2025-07-07
2021,2025-07-07
2024,2025-06-30
2025,2025-07-08
2026,2025-06-12
2027,2025-07-08
2027,2025-07-10
2028,2026-01-26
2033,2025-09-22
2037,2025-07-11
2038,2025-07-22
2041,2025-06-02
2042,2025-04-22
2045,2025-06-02
2049,2025-07-01
2051,2025-07-01
2057,2025-05-20
2061,2025-07-23
2062,2025-06-12
2064,2025-07-24
2069,2025-07-08
2070,2025-06-17
2071,2025-05-19
2073,2025-09-01
2075,2025-08-26
2078,2025-07-23
2079,2025-08-01
2080,2025-05-19
2081,2025-06-13
2085,2025-12-17
2086,2025-08-29
2088,2025-06-02
2089,2025-07-28
2090,2025-06-02
2092,2025-05-05
2096,2025-05-26
2096,2025-06-19
2098,2025-07-07
2099,2026-03-12
2101,2025-08-26
2103,2025-06-02
2108,2025-07-07
2110,2025-09-09
2111,2025-07-23
2114,2025-11-24
2115,2025-06-09
2116,2025-07-22
2122,2025-05-19
2124,2025-05-05
2125,2025-06-02
2128,2025-06-17
2129,2025-09-01
2131,2025-07-24
2132,2025-09-04
2135,2025-08-19
2137,2025-07-07
2142,2025-06-02
2143,2025-07-14
2144,2025-06-02
2145,2025-06-02
2149,2025-09-05
2150,2025-07-29
2152,2025-04-21
2154,2025-07-29
2156,2025-09-02
2157,2025-07-24
2159,2025-08-01
2160,2025-07-08
2161,2025-06-02
2165,2025-08-01
2167,2025-06-12
2169,2025-07-28
2176,2025-05-26
2177,2025-06-24
2180,2025-07-07
2182,2025-08-26
2184,2025-06-12
2185,2025-08-29
2186,2025-08-29
2187,2025-07-01
2188,2025-06-30
2189,2025-07-14
2190,2025-06-13
2191,2025-07-07
2192,2025-06-30
2195,2025-06-13
2202,2025-05-19
2204,2025-08-21
2207,2025-06-13
2208,2025-07-30
2209,2025-08-19
2211,2025-06-13
2212,2025-06-13
2215,2025-06-09
2216,2025-09-05
2218,2025-08-14
2220,2025-06-02
2225,2025-06-02
2228,2025-06-12
2230,2025-09-01
2231,2025-06-12
2234,2025-06-02
2235,2025-06-17
2238,2025-08-04
2239,2025-06-10
2240,2025-06-10
2241,2025-06-12
2242,2025-06-23
2243,2025-06-30
2244,2025-05-27
2251,2025-08-04
2254,2025-06-13
2258,2025-07-14
2260,2025-09-01
2261,2025-08-14
2263,2025-07-14
2265,2025-06-24
2266,2025-06-10
2270,2025-04-22
2272,2025-05-27
2276,2026-02-11
2279,2025-06-12
2280,2025-05-26
2281,2025-07-01
2284,2025-06-30
2285,2025-07-01
2290,2025-07-07
2296,2025-07-04
2297,2025-05-09
2299,2025-09-05
2300,2025-06-02
2303,2025-05-05
2304,2025-06-06
2307,2025-06-13
2308,2025-08-14
2309,2025-06-10
2314,2025-09-05
2315,2025-09-22
2316,2025-09-09
2317,2025-06-10
2318,2025-07-01
2319,2025-06-10
2319,2025-06-09
2320,2025-06-09
2321,2025-05-05
2325,2025-09-29
2326,2025-06-25
2327,2025-06-13
2332,2025-05-27
2334,2025-07-08
2338,2025-08-14
2339,2025-07-31
2341,2025-09-05
2346,2025-06-09
2348,2025-10-27
2351,2025-06-09
2353,2025-11-24
2356,2025-09-05
2362,2025-06-12
2363,2025-08-29
2364,2025-06-12
2365,2025-10-06
2367,2025-05-26
2369,2025-07-01
2370,2025-08-14
2373,2025-08-05
2375,2025-05-05
2378,2025-08-14
2379,2025-06-26
2382,2025-06-13
2383,2025-07-14
2385,2025-10-27
2387,2026-05-21
2388,2025-08-29
2390,2025-07-07
2392,2025-08-19
2394,2025-05-26
2395,2025-09-05
2396,2025-04-21
2398,2025-10-20
2399,2026-02-10
2402,2025-10-27
2405,2025-08-29
2406,2025-08-14
2408,2025-05-27
2410,2025-06-02
2417,2025-08-07
2420,2025-10-27
2422,2025-06-13
2424,2025-07-14
2424,2025-07-11
2429,2025-07-14
2435,2025-07-29
2438,2026-02-23
2439,2025-06-12
2441,2025-08-07
2442,2025-07-29
2443,2025-06-23
2443,2025-06-02
2444,2025-08-14
2445,2025-10-27
2447,2025-05-27
2449,2025-05-06
2451,2025-09-01
2452,2025-07-29
2453,2025-07-07
2455,2025-05-19
2457,2025-10-27
2458,2025-08-14
2460,2025-09-29
2462,2025-09-09
2463,2025-05-05
2464,2025-06-13
2465,2025-07-16
2468,2025-08-18
2471,2026-02-25
2474,2025-06-13
2476,2025-05-06
2479,2025-06-13
2480,2025-06-24
2481,2026-02-10
2483,2025-09-05
2484,2025-11-20
2485,2025-07-01
2487,2025-04-28
2490,2025-04-25
2491,2025-06-30
2492,2026-05-21
2493,2025-05-06
2496,2025-06-18
2497,2025-10-27
2499,2025-05-05
2502,2025-06-13
2503,2025-05-27
2504,2025-08-19
2506,2025-07-08
2508,2025-06-23
2509,2025-05-06
2511,2025-06-13
2512,2025-10-30
2513,2025-06-30
2514,2025-07-22
2516,2025-07-21
2520,2025-05-27
2521,2025-06-30
2523,2025-09-29
2526,2025-07-28
2528,2025-08-19
2530,2025-07-28
2532,2025-09-05
2534,2025-09-05
2538,2025-10-27
2542,2025-07-22
2547,2025-08-26
2550,2025-06-18
2555,2025-06-13
2558,2025-05-27
2559,2025-07-08
2564,2025-05-27
2566,2025-07-21
2567,2025-06-13
2569,2025-07-01
2570,2025-07-15
2571,2025-04-29
2574,2025-08-19
2577,2025-08-18
2578,2025-08-18
2579,2025-06-24
2580,2025-08-18
2586,2025-06-20
2591,2025-07-22
2592,2025-07-14
2595,2025-09-29
2605,2025-06-18
2607,2025-10-27
2608,2025-06-30
2613,2025-07-28
2616,2025-04-24
2618,2026-02-10
2623,2025-05-05
2624,2025-10-20
2626,2025-05-19
2627,2025-06-13
2628,2025-08-19
2629,2025-05-06
2630,2025-08-14
2631,2025-06-18
2632,2026-01-26
2633,2025-06-23
2636,2025-05-27
2637,2025-07-28
2640,2025-05-27
2643,2025-07-09
2647,2025-08-11
2649,2025-06-13
2653,2025-07-28
2658,2025-06-13
2659,2025-07-08
2662,2025-06-18
2663,2025-07-07
2666,2025-10-20
2672,2025-09-05
2677,2025-09-05
2678,2025-08-20
2682,2025-08-01
2684,2025-10-20
2687,2026-05-21
2688,2025-08-19
2691,2025-06-24
2692,2025-10-06
2695,2025-08-26
2696,2025-10-20
2699,2025-08-19
2700,2025-08-19
2701,2025-06-17
2703,2025-04-21
2705,2025-06-30
2706,2025-07-22
2707,2025-05-06
2710,2025-06-30
2711,2025-07-08
2716,2026-01-29
2717,2025-09-05
2718,2025-06-18
2719,2025-04-21
2724,2025-06-02
2725,2025-08-29
2726,2025-07-29
2738,2025-09-03
2740,2025-06-23
2743,2025-06-13
2745,2025-08-01
2746,2025-04-22
2749,2025-09-01
2750,2025-07-14
2753,2025-09-03
2754,2025-05-27
2755,2025-07-08
2756,2025-06-23
2757,2025-07-14
2762,2025-08-20
2764,2025-06-13
2766,2025-06-13
2767,2025-10-20
2768,2025-07-29
2769,2025-07-14
2773,2025-09-29
2775,2025-06-18
2776,2025-05-19
2777,2025-08-29
2780,2025-05-06
2782,2025-09-01
2784,2025-10-20
2786,2025-06-13
2787,2025-08-20
2790,2025-07-21
2791,2025-07-14
2794,2025-08-01
2798,2025-08-22
2799,2025-11-20
2801,2026-06-25
2802,2025-09-29
2803,2025-05-06
2806,2025-07-03
2808,2025-07-15
2813,2025-06-18
2814,2025-08-29
2815,2025-05-06
2817,2025-05-27
2819,2025-08-18
2820,2025-05-26
2823,2025-06-23
2826,2025-08-12
2828,2025-08-29
2829,2025-07-28
2830,2025-08-18
2831,2025-07-14
2839,2025-08-29
2840,2025-06-13
2846,2026-02-11
2847,2025-08-12
2849,2026-05-21
2851,2025-05-12
2852,2025-08-19
2854,2025-07-03
2856,2025-08-22
2857,2025-08-26
2861,2025-05-26
2862,2026-05-21
2865,2025-08-20
2867,2025-09-29
2874,2026-02-26
2876,2025-06-18
2886,2025-06-02
2888,2025-07-17
2892,2025-06-16
2894,2025-08-04
2897,2025-09-19
2898,2026-01-26
2902,2025-05-06
2903,2025-06-13
2907,2025-08-29
2915,2025-10-20
2916,2025-08-07
2920,2025-08-27
2921,2025-06-27
2922,2025-05-05
2924,2025-06-02
2926,2025-06-19
2927,2025-07-21
2928,2025-06-13
2929,2025-06-12
2930,2025-05-05
2931,2025-07-03
2933,2025-07-03
2935,2025-06-19
2936,2025-07-22
2937,2025-05-06
2940,2025-11-24
2941,2025-07-28
2942,2026-02-11
2945,2025-06-13
2947,2025-08-04
2948,2025-07-14
2949,2025-08-27
2950,2025-07-18
2953,2025-06-12
2958,2025-08-27
2959,2025-06-18
2960,2025-07-03
2961,2026-02-04
2962,2026-01-26
2964,2025-08-26
2967,2025-06-17
2975,2025-10-01
2976,2025-07-22
2977,2025-06-26
2978,2025-07-10
2979,2025-09-10
2981,2026-02-19
2982,2025-06-19
2983,2025-05-05
2984,2026-06-23
2985,2025-09-10
2987,2025-06-26
2989,2025-06-13
2993,2025-07-10
2994,2025-06-13
2995,2025-07-07
2996,2025-08-27
2999,2025-08-20
3001,2025-10-20
3007,2025-10-20
3009,2025-06-16
3009,2025-09-08
3010,2025-09-12
3015,2025-06-26
3019,2025-05-06
3020,2025-07-22
3021,2025-07-03
3024,2025-05-12
3032,2025-06-17
3033,2025-06-17
3034,2025-08-01
3035,2025-08-22
3039,2025-09-29
3040,2025-05-26
3041,2025-10-20
3043,2025-05-05
3044,2025-08-26
3045,2025-10-20
3047,2025-07-31
3048,2025-09-29
3050,2025-08-20
3054,2025-06-17
3055,2025-06-17
3061,2025-05-26
3062,2025-07-03
3069,2025-05-12
3071,2025-07-01
3074,2025-09-01
3078,2025-05-12
3079,2025-07-15
3081,2025-07-22
3083,2025-07-29
3084,2025-05-12
3089,2025-08-27
3091,2025-05-26
3092,2025-04-28
3095,2025-05-13
3096,2025-04-21
3099,2026-03-16
3104,2025-04-28
3106,2025-09-16
3107,2025-06-19
3109,2025-06-30
3111,2025-05-05
3115,2025-09-10
3116,2025-06-17
3120,2025-07-15
3122,2025-07-21
3123,2025-06-18
3125,2025-06-23
3126,2025-07-15
3127,2025-07-29
3128,2025-05-12
3129,2025-08-26
3131,2025-08-29
3132,2025-08-12
3134,2025-06-19
3137,2025-08-22
3138,2025-08-01
3139,2025-08-01
3140,2025-06-23
3141,2025-07-01
3144,2025-08-27
3147,2025-08-01
3149,2025-07-30
3150,2025-06-19
3151,2025-04-21
3155,2025-09-26
3159,2025-09-26
3160,2025-09-26
3163,2025-06-17
3164,2025-07-03
3167,2025-09-01
3170,2025-09-26
3175,2025-06-30
3176,2025-05-27
3178,2026-04-29
3179,2025-05-19
3182,2025-08-04
3186,2025-08-04
3188,2025-08-22
3193,2026-01-26
3194,2025-09-26
3196,2025-09-18
3198,2025-06-17
3199,2025-08-12
3201,2026-01-26
3202,2025-07-03
3203,2025-11-24
3204,2026-01-26
3206,2025-09-16
3209,2025-06-30
3210,2025-07-14
3212,2025-06-17
3213,2025-07-01
3218,2025-09-16
3220,2025-09-16
3223,2025-08-20
3226,2025-06-23
3228,2025-07-22
3229,2025-07-21
3234,2025-05-12
3237,2025-06-19
3239,2025-07-29
3240,2025-09-09
3241,2025-06-23
3242,2025-09-16
3244,2025-07-15
3245,2025-07-22
3247,2025-11-17
3248,2025-11-17
3249,2025-06-23
3254,2025-07-04
3256,2025-05-12
3259,2025-04-28
3263,2025-07-15
3269,2025-09-10
3271,2025-08-26
3272,2025-05-19
3273,2025-05-27
3274,2025-11-17
3276,2025-05-12
3281,2025-06-19
3282,2025-05-27
3283,2025-08-18
3285,2025-05-12
3289,2025-07-22
3292,2025-05-12
3295,2025-07-14
3296,2025-09-29
3302,2025-05-12
3303,2025-06-23
3304,2025-07-14
3307,2025-09-08
3308,2025-09-01
3311,2025-09-26
3312,2025-06-13
3318,2025-05-26
3319,2025-08-26
3320,2026-03-09
3322,2025-05-06
3327,2025-04-28
3329,2025-06-13
3330,2025-09-16
3333,2025-06-13
3336,2025-06-19
3337,2025-05-26
3338,2025-06-27
3341,2025-06-13
3347,2025-08-27
3349,2025-07-21
3351,2025-05-06
3353,2025-05-26
3354,2025-05-06
3355,2025-07-21
3356,2025-05-06
3362,2025-08-04
3363,2025-06-30
3365,2025-09-10
3366,2025-06-13
3368,2026-02-04
3369,2025-09-16
3379,2025-08-19
3380,2025-08-01
3382,2025-08-06
3383,2025-05-26
3384,2025-06-19
3386,2025-06-13
3387,2025-08-20
3388,2025-11-17
3390,2025-06-26
3393,2025-06-24
3395,2025-06-19
3397,2025-07-07
3398,2025-06-02
3400,2025-07-15
3401,2025-07-18
3403,2025-05-06
3405,2025-08-04
3408,2025-07-23
3409,2025-09-16
3412,2025-08-18
3413,2025-06-30
3420,2025-09-26
3421,2025-06-23
3423,2025-11-17
3428,2025-05-05
3429,2025-05-05
3430,2025-07-07
3431,2025-09-26
3432,2025-05-26
3434,2025-06-13
3440,2025-05-06
3442,2025-07-14
3445,2025-06-13
3450,2026-03-04
3451,2025-09-16
3455,2025-06-13
3457,2026-03-19
3458,2025-07-29
3459,2025-09-25
3460,2025-06-03
3461,2025-09-24
3464,2025-09-26
3465,2025-05-19
3466,2025-09-16
3470,2025-09-01
3474,2025-07-01
3475,2025-07-21
3476,2026-04-22
3478,2025-08-04
3480,2025-09-25
3481,2025-08-04
3483,2026-02-26
3485,2025-07-09
3487,2025-09-01
3489,2026-03-11
3491,2025-09-01
3494,2025-06-09
3498,2025-09-01
3501,2025-06-13
3502,2025-08-20
3503,2025-06-09
3504,2025-11-17
3507,2025-08-04
3508,2025-11-03
3509,2025-04-21
3515,2025-06-13
3517,2025-09-24
3519,2025-09-24
3523,2025-06-26
3527,2025-06-26
3528,2025-07-15
3529,2025-05-19
3531,2025-06-13
3532,2025-09-26
3535,2025-06-20
3537,2025-08-12
3538,2026-02-26
3541,2025-06-20
3542,2025-08-26
3544,2025-07-01
3545,2025-06-20
3547,2025-09-25
3548,2025-09-10
3551,2025-07-04
3556,2025-09-25
3559,2025-09-01
3562,2025-06-09
3563,2025-07-28
3565,2025-06-03
3566,2025-09-16
3567,2025-09-01
3572,2025-09-26
3573,2025-09-01
3574,2025-08-11
3575,2025-06-18
3578,2025-04-21
3581,2025-09-10
3582,2025-09-26
3586,2025-09-11
3588,2025-06-09
3589,2025-09-24
3590,2025-10-27
3592,2025-04-21
3593,2026-03-12
3594,2025-06-26
3598,2025-10-20
3603,2025-09-25
3605,2025-09-01
3607,2025-06-10
3608,2025-05-19
3609,2026-01-26
3614,2025-05-26
3615,2025-07-11
3618,2025-09-01
3620,2025-07-22
3626,2025-05-26
3628,2025-04-21
3633,2025-06-09
3637,2025-06-09
3638,2025-06-26
3639,2025-06-16
3641,2025-06-23
3643,2025-05-05
3647,2025-06-23
3649,2025-06-23
3650,2025-06-12
3654,2025-05-19
3661,2025-09-01
3662,2025-09-25
3663,2026-03-16
3664,2025-09-01
3666,2025-11-17
3668,2026-03-19
3669,2025-08-01
3672,2025-06-03
3673,2025-07-14
3674,2025-07-28
3679,2025-07-22
3682,2025-07-24
3683,2025-07-24
3685,2025-08-26
3686,2025-09-16
3690,2025-07-07
3691,2025-11-17
3693,2025-09-11
3694,2025-09-24
3695,2025-06-25
3702,2025-08-04
3703,2025-07-09
3704,2025-07-07
3706,2025-09-19
3707,2025-08-01
3708,2025-06-25
3709,2025-09-11
3711,2025-09-24
3712,2026-03-25
3714,2025-09-01
3717,2025-07-14
3718,2025-09-16
3719,2025-05-27
3720,2025-05-26
3721,2026-02-27
3722,2025-08-26
3723,2025-07-29
3724,2025-06-20
3727,2025-09-19
3730,2025-09-19
3731,2025-08-20
3732,2025-06-20
3733,2025-06-25
3734,2026-02-19
3737,2025-06-20
3738,2025-08-26
3739,2026-02-19
3742,2026-01-26
3746,2025-08-26
3753,2025-06-10
3755,2025-09-19
3758,2025-07-14
3763,2026-02-26
3764,2025-06-20
3765,2025-09-16
3766,2025-09-19
3769,2025-07-02
3771,2025-09-25
3773,2025-06-13
3776,2026-02-27
3777,2025-06-24
3780,2026-03-11
3781,2025-08-11
3784,2025-06-17
3789,2025-08-01
3790,2025-09-19
3795,2026-03-16
3799,2025-08-11
3803,2025-09-11
3804,2025-08-26
3806,2025-08-04
3809,2025-12-22
3811,2025-07-24
3812,2025-04-21
3813,2025-08-20
3815,2025-07-23
3820,2025-06-13
3821,2025-09-25
3826,2025-06-03
3829,2026-03-16
3831,2025-09-25
3832,2025-06-26
3833,2025-06-25
3834,2025-08-01
3838,2025-12-22
3842,2025-08-20
3852,2025-07-15
3855,2025-08-04
3861,2025-09-18
3863,2025-08-06
3865,2025-09-19
3866,2025-08-04
3867,2026-02-25
3869,2025-07-02
3873,2025-05-08
3875,2025-09-19
3879,2025-06-10
3880,2025-09-16
3881,2026-01-26
3883,2025-07-04
3890,2025-07-15
3895,2025-08-11
3896,2025-07-07
3897,2025-09-02
3899,2025-08-04
3902,2025-07-07
3903,2025-09-01
3905,2025-09-16
3909,2025-08-11
3910,2026-02-27
3912,2025-10-22
3913,2025-12-22
3914,2025-09-23
3915,2025-08-11
3917,2025-08-20
3920,2025-10-10
3921,2025-08-18
3923,2025-06-10
3924,2026-02-27
3925,2025-08-06
3926,2026-01-05
3929,2025-08-11
3930,2025-06-24
3931,2026-02-16
3932,2025-10-10
3933,2026-04-08
3935,2025-09-30
3937,2025-09-02
3939,2026-01-05
3940,2026-04-28
3941,2025-10-10
3946,2025-10-07
3947,2026-01-05
3948,2025-10-24
3951,2025-05-12
3952,2025-09-23
3953,2025-07-02
3954,2025-07-28
3955,2025-08-04
3956,2025-07-14
3962,2025-07-14
3963,2025-09-19
3965,2026-01-26
3968,2025-10-07
3970,2025-09-30
3977,2025-09-11
3979,2025-08-06
3980,2025-07-02
3984,2025-12-08
3987,2025-06-10
3988,2025-07-14
3990,2025-07-07
3991,2025-06-02
3992,2025-07-28
3997,2025-12-08
3998,2025-06-10
3999,2025-08-18
4001,2025-09-19
4002,2025-06-10
4003,2025-09-26
4004,2025-08-18
4005,2026-01-05
4007,2025-09-26
4008,2025-09-24
4009,2025-08-19
4010,2025-10-10
4012,2025-09-23
4014,2026-02-27
4015,2025-05-26
4016,2025-07-21
4017,2025-06-12
4018,2025-06-10
4019,2025-10-14
4020,2025-10-24
4021,2026-01-05
4023,2025-12-08
4025,2025-06-10
4026,2025-07-15
4027,2025-08-19
4029,2025-09-26
4032,2025-07-21
4033,2025-08-26
4034,2025-06-30
4036,2025-09-30
4039,2025-10-23
4040,2025-10-10
4041,2025-05-05
4042,2025-10-10
4044,2025-10-22
4045,2025-08-11
4052,2025-06-30
4053,2025-06-30
4054,2025-06-30
4055,2025-07-14
4062,2025-07-14
4063,2025-06-30
4064,2025-09-30
4065,2025-09-30
4066,2025-09-30
4070,2025-08-04
4073,2025-10-20
4074,2025-05-20
4078,2025-10-10
4080,2025-09-23
4083,2025-10-07
4084,2025-10-10
4085,2025-09-30
4086,2025-10-24
4090,2025-10-10
4091,2025-08-11
4093,2025-05-19
4094,2025-06-30
4096,2025-09-24
4097,2025-08-01
4098,2025-10-10
4099,2025-09-23
4100,2025-09-23
4106,2025-10-14
4109,2025-10-10
4111,2025-09-23
4113,2025-10-10
4114,2025-07-04
4115,2025-08-11
4116,2025-10-07
4120,2025-05-20
4121,2025-05-05
4125,2025-07-14
4127,2025-09-23
4130,2025-05-02
4133,2025-10-07
4134,2025-05-19
4135,2025-06-13
4137,2025-07-14
4138,2025-06-30
4139,2025-08-18
4140,2025-07-08
4142,2025-10-22
4143,2025-06-13
4144,2025-07-14
4145,2025-10-07
4146,2025-07-04
4148,2025-09-30
4153,2025-07-08
4155,2025-10-10
4156,2026-01-05
4163,2025-06-25
4165,2025-10-14
4172,2025-07-10
4173,2025-10-24
4174,2025-06-30
4175,2025-10-22
4179,2025-05-19
4180,2025-10-28
4183,2025-06-30
4184,2025-06-30
4186,2025-07-28
4188,2026-01-05
4190,2025-07-21
4193,2025-04-21
4196,2025-09-30
4198,2025-06-13
4199,2025-05-05
4200,2025-10-28
4201,2025-09-30
4204,2025-09-26
4206,2025-06-12
4207,2025-06-24
4208,2025-07-15
4213,2025-07-15
4215,2025-07-21
4218,2025-05-02
4222,2025-06-17
4227,2025-07-21
4228,2025-10-23
4229,2025-08-11
4230,2025-10-28
4232,2025-09-24
4237,2025-09-19
4238,2025-07-07
4241,2025-05-02
4243,2025-10-22
4244,2025-08-11
4245,2025-06-24
4246,2025-08-18
4247,2025-08-19
4249,2025-07-28
4254,2025-07-08
4256,2025-06-17
4257,2026-01-05
4258,2025-08-18
4259,2025-07-28
4263,2025-07-21
4265,2025-07-15
4267,2026-01-05
4268,2025-06-25
4270,2025-10-17
4271,2025-08-11
4273,2026-01-05
4274,2026-02-23
4275,2025-06-16
4278,2026-01-05
4279,2025-05-05
4280,2025-05-26
4282,2025-08-11
4283,2025-08-01
4284,2025-09-10
4291,2025-10-07
4298,2025-05-05
4303,2025-09-24
4304,2025-07-02
4306,2025-08-11
4308,2026-01-05
4309,2025-12-22
4312,2025-07-15
4313,2025-07-08
4314,2025-06-17
4315,2025-06-17
4318,2025-10-17
4320,2025-06-16
4327,2025-05-26
4330,2025-08-22
4331,2025-06-20
4333,2025-06-25
4336,2025-07-04
4340,2025-07-22
4341,2025-06-20
4350,2025-08-19
4353,2025-06-26
4354,2025-12-22
4358,2025-06-24
4359,2025-06-20
4360,2025-10-10
4361,2025-10-17
4362,2025-07-15
4363,2025-07-29
4363,2025-08-18
4364,2025-07-21
4365,2025-10-10
4366,2025-06-17
4369,2025-07-15
4371,2025-07-07
4372,2025-06-17
4373,2025-09-23
4375,2025-06-17
4376,2025-07-22
4379,2025-08-11
4380,2025-10-07
4384,2025-08-12
4388,2025-10-17
4391,2025-06-20
4394,2025-07-02
4398,2025-06-17
4402,2025-10-22
4405,2025-10-22
4408,2025-06-26
4409,2025-06-17
4410,2026-01-05
4412,2025-06-17
4415,2025-10-09
4422,2025-08-01
4424,2025-10-10
4429,2025-10-09
4431,2025-10-09
4438,2025-06-26
4439,2025-12-22
4442,2025-10-10
4443,2025-09-23
4444,2025-05-05
4445,2025-08-18
4447,2025-06-16
4448,2025-07-16
4449,2026-01-05
4450,2026-02-23
4451,2026-01-26
4452,2025-06-02
4454,2025-12-22
4455,2025-09-23
4456,2025-07-21
4457,2025-07-15
4460,2025-06-17
4462,2025-06-26
4465,2025-10-10
4469,2025-07-02
4475,2026-04-06
4476,2025-05-05
4479,2025-07-03
4480,2025-08-18
4483,2025-06-03
4484,2026-02-16
4485,2025-06-20
4486,2025-08-20
4487,2025-07-14
4491,2025-08-25
4502,2025-08-04
4510,2025-06-16
4511,2025-08-18
4513,2025-06-25
4514,2025-10-23
4515,2025-08-19
4516,2025-06-16
4520,2025-07-08
4526,2025-06-24
4528,2025-10-10
4529,2025-10-10
4531,2025-10-09
4532,2025-08-18
4533,2025-10-23
4538,2025-07-14
4539,2025-10-08
4542,2026-04-28
4543,2025-09-23
4544,2025-10-14
4547,2025-11-28
4548,2025-08-06
4549,2026-01-05
4551,2025-10-21
4553,2025-10-23
4557,2025-05-05
4560,2026-01-05
4561,2025-10-17
4563,2025-08-06
4565,2025-06-16
4568,2026-01-05
4569,2025-08-01
4570,2025-06-20
4571,2026-02-27
4572,2025-10-10
4575,2025-10-08
4576,2025-06-26
4578,2025-06-24
4579,2025-10-08
4580,2025-06-16
4582,2025-07-29
4583,2025-06-16
4584,2025-06-16
4584,2025-06-16
4585,2025-06-16
4591,2025-08-18
4597,2025-10-14
4598,2025-07-02
4599,2025-12-22
4601,2025-08-18
4602,2025-06-26
4604,2025-08-18
4606,2025-10-09
4607,2025-07-10
4608,2025-10-10
4609,2025-05-05
4613,2025-08-18
4615,2026-02-23
4617,2026-01-26
4619,2025-05-05
4624,2025-06-16
4627,2025-06-16
4628,2025-06-25
4629,2025-09-25
4635,2025-10-10
4636,2025-06-26
4638,2025-09-19
4639,2025-07-31
4640,2025-06-16
4641,2025-07-29
4642,2025-07-14
4644,2025-07-08
4647,2025-05-05
4648,2026-01-05
4649,2025-06-30
4650,2025-08-22
4651,2025-06-30
4652,2025-10-10
4653,2025-10-09
4655,2025-06-16
4656,2025-12-22
4657,2025-10-14
4658,2025-06-16
4660,2025-08-18
4661,2025-07-29
4664,2025-06-30
4666,2025-08-01
4669,2025-07-28
4674,2025-10-13
4675,2025-06-16
4678,2025-12-22
4679,2025-08-18
4680,2025-10-14
4682,2025-07-02
4683,2025-10-10
4687,2025-10-09
4690,2025-10-17
4691,2025-06-20
4692,2025-08-18
4693,2025-09-25
4695,2025-07-21
4697,2025-06-16
4698,2025-10-10
4703,2026-02-16
4704,2026-02-23
4707,2025-10-21
4708,2025-09-23
4710,2026-01-05
4711,2025-06-20
4715,2025-10-09
4716,2025-10-21
4720,2025-06-16
4722,2025-07-08
4726,2025-04-28
4731,2025-06-16
4732,2025-08-19
4734,2025-07-21
4735,2025-07-07
4736,2025-06-20
4739,2025-06-25
4740,2025-10-10
4741,2025-06-20
4742,2025-07-10
4743,2025-07-21
4745,2025-06-12
4746,2025-07-24
4749,2025-10-10
4754,2026-02-23
4755,2025-06-16
4757,2025-06-16
4761,2025-10-24
4762,2025-06-23
4764,2026-01-05
4765,2025-07-29
4766,2025-08-12
4767,2025-07-28
4769,2025-07-14
4770,2025-07-22
4773,2025-07-04
4777,2025-06-25
4778,2025-06-16
4780,2025-10-23
4782,2025-06-20
4784,2025-07-02
4786,2025-08-25
4787,2026-03-12
4790,2025-06-23
4792,2025-08-18
4793,2025-10-21
4794,2025-06-20
4795,2025-06-16
4797,2026-01-05
4799,2025-07-04
4802,2025-10-09
4804,2025-07-09
4805,2026-05-20
4811,2025-08-18
4819,2025-10-10
4820,2026-03-12
4821,2025-10-23
4825,2025-10-21
4826,2025-08-18
4827,2025-08-29
4828,2025-12-16
4829,2026-01-05
4833,2025-05-26
4835,2025-09-25
4839,2025-07-17
4840,2025-10-17
4841,2025-12-24
4844,2025-07-23
4846,2025-08-01
4847,2025-12-24
4848,2025-11-12
4851,2025-10-16
4852,2026-02-02
4855,2025-06-30
4856,2025-07-08
4857,2025-07-29
4857,2025-08-12
4858,2025-06-16
4862,2025-07-08
4865,2025-12-24
4867,2025-12-24
4868,2025-06-02
4872,2025-09-24
4873,2025-07-11
4875,2025-08-20
4876,2025-06-20
4878,2025-08-06
4879,2025-06-20
4880,2025-10-10
4882,2025-06-16
4884,2025-10-10
4885,2025-11-07
4888,2025-10-09
4889,2025-10-10
4890,2025-07-17
4891,2025-07-17
4892,2025-06-16
4894,2025-07-14
4899,2025-11-14
4901,2025-06-18
4902,2025-06-16
4903,2025-10-29
4904,2025-06-20
4905,2026-01-05
4906,2025-10-23
4908,2026-01-05
4911,2025-10-23
4914,2025-07-14
4915,2025-11-26
4916,2026-03-26
4917,2025-10-16
4923,2025-12-22
4924,2025-10-24
4926,2025-10-17
4930,2025-10-30
4933,2025-11-20
4934,2025-10-10
4936,2025-07-07
4937,2025-08-19
4941,2025-11-21
4942,2025-07-29
4944,2025-11-19
4948,2025-10-17
4950,2025-07-21
4953,2025-11-04
4956,2025-09-08
4957,2026-04-28
4959,2026-02-09
4960,2025-08-11
4961,2025-07-07
4961,2025-07-07
4962,2025-09-01
4965,2026-03-26
4966,2025-10-16
4970,2025-11-12
4972,2025-11-04
4973,2025-09-08
4976,2026-03-16
4978,2025-11-21
4981,2026-05-11
4982,2026-02-18
4983,2025-09-30
4984,2025-10-16
4985,2025-12-18
4987,2025-10-31
4988,2025-10-16
4989,2026-03-26
4990,2025-10-17
4991,2025-11-19
4992,2026-01-12
4995,2025-08-12
4997,2026-03-26
5000,2025-10-07
5001,2025-10-09
5003,2025-09-30
5004,2025-11-04
5007,2025-08-12
5008,2025-11-07
5009,2025-10-10
5011,2026-01-28
5012,2026-03-09
5013,2025-09-08
5015,2025-10-07
5016,2026-02-16
5018,2026-03-09
5020,2026-03-09
5022,2025-10-07
5024,2025-10-07
5026,2025-08-18
5027,2025-09-01
5031,2025-09-30
5034,2025-08-12
5035,2025-07-14
5038,2025-11-07
5039,2025-08-12
5041,2025-08-12
5042,2025-08-22
5043,2025-07-08
5044,2025-08-25
5045,2025-08-12
5046,2025-07-14
5048,2025-08-12
5050,2025-11-07
5051,2026-05-05
5052,2025-10-10
5054,2025-06-17
5054,2025-06-20
5055,2025-08-12
5057,2025-09-01
5059,2025-08-12
5060,2025-10-07
5064,2025-07-14
5069,2025-12-08
5072,2025-08-12
5073,2025-08-12
5076,2025-09-01
5077,2025-11-12
5078,2025-10-17
5082,2025-11-21
5084,2025-10-17
5085,2025-11-21
5086,2026-03-26
5090,2025-08-12
5091,2025-11-21
5096,2025-07-04
5099,2025-06-11
5100,2025-10-17
5101,2025-11-04
5104,2025-07-15
5105,2025-08-12
5107,2025-07-28
5108,2025-08-12
5109,2025-10-23
5111,2025-08-18
5112,2025-08-26
5113,2025-08-12
5114,2025-09-08
5116,2025-07-15
5123,2025-10-07
5125,2026-03-16
5126,2025-08-12
5128,2025-11-07
5131,2026-05-13
5132,2025-10-17
5136,2025-09-08
5138,2025-06-24
5142,2025-06-24
5144,2025-09-01
5147,2025-06-10
5148,2025-07-08
5152,2025-06-23
5153,2025-11-21
5156,2025-12-24
5157,2025-06-24
5158,2025-07-14
5162,2025-09-08
5164,2025-12-24
5170,2025-07-14
5171,2025-09-22
5173,2025-07-14
5175,2025-08-18
5177,2026-06-29
5178,2026-02-09
5179,2026-01-05
5181,2025-07-02
5182,2025-08-19
5186,2025-06-02
5187,2025-06-24
5188,2025-07-08
5192,2025-05-05
5194,2025-10-29
5195,2026-03-26
5197,2025-10-10
5199,2025-08-18
5200,2025-07-22
5200,2025-08-18
5205,2025-11-05
5207,2026-01-05
5212,2025-11-06
5216,2026-01-12
5217,2025-08-26
5218,2025-06-11
5219,2026-02-02
5221,2026-02-02
5223,2025-10-07
5226,2025-11-05
5232,2025-11-19
5234,2025-06-11
5236,2025-11-04
5238,2025-08-29
5242,2025-08-18
5247,2026-03-02
5248,2025-11-07
5249,2025-07-14
5250,2025-08-18
5251,2025-07-22
5255,2025-11-12
5258,2026-02-27
5259,2025-10-17
5262,2026-02-09
5263,2025-10-29
5264,2025-11-20
5266,2025-11-07
5269,2025-09-08
5272,2025-10-10
5273,2025-08-25
5274,2026-05-11
5277,2026-01-05
5280,2025-08-25
5281,2025-06-16
5282,2025-11-13
5287,2025-10-29
5288,2025-07-21
5292,2025-10-09
5293,2025-10-29
5298,2025-11-05
5299,2025-05-05
5302,2026-01-05
5304,2025-08-25
5310,2025-08-04
5311,2025-09-09
5317,2025-11-06
5318,2025-09-22
5321,2025-08-25
5324,2025-08-04
5326,2025-10-07
5327,2025-08-04
5331,2025-06-12
5332,2025-09-22
5333,2025-11-21
5334,2025-11-24
5335,2026-03-30
5336,2025-10-29
5337,2026-05-18
5339,2025-11-07
5342,2025-08-19
5343,2026-04-15
5347,2025-11-04
5348,2025-11-07
5349,2025-12-08
5356,2025-10-17
5359,2025-11-25
5360,2025-10-09
5361,2025-11-11
5362,2025-11-20
5364,2025-11-07
5365,2025-11-13
5367,2025-10-23
5368,2025-07-29
5370,2025-10-17
5372,2025-10-07
5375,2025-10-07
5376,2025-09-09
5378,2025-11-06
5380,2025-08-04
5386,2025-08-04
5388,2025-10-29
5390,2025-11-07
5392,2026-03-16
5394,2025-08-04
5395,2025-08-25
5398,2025-10-23
5401,2025-07-10
5403,2025-11-13
5404,2025-11-13
5405,2025-11-11
5406,2026-03-02
5409,2025-08-25
5414,2026-03-16
5417,2025-08-25
5418,2025-08-25
5420,2025-08-04
5423,2025-10-29
5425,2025-06-17
5426,2025-11-11
5429,2026-03-30
5431,2025-08-04
5432,2025-10-29
5433,2025-11-12
5435,2025-10-07
5437,2025-07-14
5438,2025-08-04
5443,2025-11-13
5446,2025-10-14
5449,2026-03-23
5452,2025-09-09
5453,2025-11-13
5454,2025-11-21
5455,2025-10-23
5457,2025-08-04
5461,2025-11-06
5463,2025-11-07
5473,2025-11-07
5474,2025-09-22
5477,2025-08-25
5478,2025-06-17
5479,2025-09-01
5482,2025-11-21
5484,2026-03-30
5485,2025-10-29
5486,2025-09-22
5488,2025-08-25
5490,2025-11-21
5491,2025-09-22
5494,2025-08-25
5498,2025-09-01
5499,2025-10-07
5500,2026-02-23
5501,2025-10-07
5503,2025-11-11
5505,2025-10-07
5509,2025-09-01
5510,2025-11-21
5517,2025-08-05
5519,2026-03-16
5523,2025-12-24
5524,2026-03-19
5527,2025-11-07
5531,2025-11-19
5536,2026-04-08
5538,2025-11-06
5542,2025-11-11
5543,2025-09-29
5544,2025-08-04
5545,2025-09-08
5546,2025-10-29
5548,2026-03-09
5549,2025-07-14
5551,2025-11-07
5552,2025-10-23
5553,2025-09-22
5554,2025-08-25
5557,2025-08-04
5560,2025-10-24
5561,2025-10-29
5563,2025-11-07
5565,2025-08-04
5566,2025-11-06
5568,2025-08-18
5570,2025-08-04
5571,2025-06-12
5574,2025-08-25
5576,2026-05-20
5577,2025-10-24
5578,2025-08-21
5581,2025-11-19
5582,2025-08-26
5583,2025-10-24
5586,2025-09-09
5587,2025-11-19
5590,2026-03-26
5591,2025-09-08
5594,2026-02-16
5596,2025-10-24
5597,2025-09-08
5598,2026-02-09
5599,2025-11-11
5601,2025-11-07
5604,2025-10-07
5609,2025-08-05
5611,2026-05-06
5612,2025-08-26
5614,2025-10-09
5618,2025-08-26
5620,2025-10-23
5622,2026-02-09
5627,2025-09-08
5628,2025-08-11
5629,2026-03-02
5630,2025-06-11
5632,2025-11-07
5633,2025-11-07
5637,2025-09-09
5638,2025-08-26
5639,2025-08-05
5644,2025-08-05
5646,2025-08-26
5647,2025-11-07
5651,2025-11-19
5652,2026-03-30
5653,2025-08-11
5659,2025-10-23
5661,2026-02-09
5662,2025-09-09
5666,2025-12-17
5670,2025-08-11
5673,2025-10-23
5675,2025-11-11
5676,2025-05-26
5677,2025-11-07
5678,2025-11-07
5679,2025-09-22
5680,2025-11-21
5681,2025-10-07
5682,2025-09-09
5684,2025-08-11
5690,2025-10-07
5691,2025-11-13
5694,2025-10-29
5695,2025-10-24
5697,2026-03-16
5698,2025-11-11
5699,2025-08-11
5700,2025-10-24
5704,2025-12-23
5706,2025-11-06
5707,2026-02-09
5708,2025-11-07
5710,2025-11-13
5711,2025-09-22
5713,2025-11-04
5714,2025-11-11
5715,2025-10-07
5717,2025-12-24
5718,2025-08-11
5720,2025-09-08
5722,2025-10-24
5725,2025-11-07
5726,2025-11-07
5727,2025-09-09
5729,2025-10-23
5730,2025-11-21
5731,2025-11-06
5735,2025-11-13
5738,2025-07-28
5739,2025-10-07
5743,2026-03-30
5750,2025-09-08
5753,2026-02-19
5754,2025-10-24
5755,2026-03-16
5756,2025-10-14
5761,2025-10-14
5763,2025-11-13
5764,2025-11-11
5765,2026-05-20
5766,2025-10-24
5768,2025-10-09
5769,2025-11-07
5770,2025-08-05
5771,2025-10-07
5772,2025-09-16
5773,2025-11-11
5775,2026-01-28
5777,2025-11-19
5778,2025-08-25
5779,2025-06-12
5781,2025-11-13
5782,2025-10-07
5783,2025-12-24
5785,2025-07-18
5786,2025-07-18
5789,2025-11-07
5790,2025-08-25
5796,2025-08-05
5800,2025-11-11
5801,2025-10-14
5807,2025-08-05
5808,2026-06-25
5809,2025-11-11
5810,2025-08-05
5813,2025-11-11
5816,2025-07-21
5817,2025-08-05
5818,2025-11-06
5819,2025-09-22
5821,2025-11-20
5823,2025-08-25
5824,2025-08-05
5825,2025-08-25
5828,2025-08-05
5830,2025-08-05
5832,2025-08-05
5833,2025-11-06
5837,2025-11-07
5838,2025-11-26
5846,2025-11-11
5852,2026-02-16
5857,2025-08-01
5859,2025-11-11
5862,2025-08-05
5868,2025-08-25
5871,2025-08-05
5872,2025-08-25
5873,2025-11-07
5876,2025-11-21
5878,2025-08-05
5882,2025-11-28
5885,2025-11-19
5888,2026-03-26
5890,2025-05-07
5892,2025-11-07
5895,2025-11-07
5898,2025-08-25
5899,2025-09-22
5900,2025-08-25
5903,2025-11-11
5909,2025-10-07
5913,2025-11-11
5914,2025-10-24
5915,2025-12-24
5916,2025-08-26
5917,2025-10-23
5919,2026-02-09
5921,2025-11-19
5924,2025-09-08
5925,2025-07-10
5929,2025-11-19
5930,2025-08-26
5933,2025-06-17
5935,2026-02-02
5936,2025-10-24
5937,2025-11-07
5938,2025-08-26
5941,2025-09-22
5945,2025-08-26
5946,2025-11-07
5951,2025-05-30
5958,2026-02-02
5960,2025-07-29
5961,2025-08-26
5963,2025-10-23
5964,2025-10-09
5966,2025-10-07
5968,2025-10-24
5970,2025-11-18
5972,2025-07-07
5973,2025-11-07
5974,2025-08-04
5977,2026-01-05
5979,2025-10-23
5980,2025-10-24
5984,2025-09-22
5986,2025-11-19
5987,2025-10-23
5989,2025-10-09
5995,2025-08-05
5996,2026-03-09
6000,2025-11-12
6005,2026-03-09
6007,2025-08-26
6010,2025-10-10
6012,2025-06-30
6015,2025-11-19
6019,2025-10-27
6024,2025-09-08
6025,2025-11-07
6027,2025-05-27
6028,2025-08-05
6032,2025-11-07
6034,2025-11-07
6035,2025-11-12
6036,2025-08-11
6039,2025-06-11
6040,2025-11-12
6043,2025-06-12
6044,2025-12-08
6049,2025-11-26
6050,2026-02-18
6052,2025-09-08
6053,2025-08-11
6054,2026-03-23
6058,2025-12-04
6059,2026-01-07
6060,2025-09-29
6061,2026-04-21
6062,2025-10-30
6063,2025-08-11
6064,2025-12-23
6069,2025-08-26
6073,2026-03-02
6074,2025-11-06
6076,2025-08-11
6077,2026-03-02
6079,2025-09-24
6080,2025-10-29
6086,2025-11-26
6087,2025-06-30
6090,2025-12-04
6093,2025-11-21
6094,2025-11-27
6098,2025-11-27
6105,2025-09-08
6107,2025-10-14
6108,2025-08-26
6109,2025-11-05
6110,2025-12-04
6111,2025-09-29
6114,2025-11-05
6117,2026-02-09
6119,2025-08-11
6122,2026-02-18
6123,2026-04-14
6124,2025-09-22
6127,2025-10-21
6130,2026-03-23
6132,2025-10-14
6133,2026-02-02
6135,2025-08-26
6136,2025-05-05
6137,2025-07-18
6140,2025-11-25
6141,2026-03-02
6142,2025-11-21
6146,2025-12-04
6147,2025-12-17
6149,2026-02-18
6152,2025-08-26
6153,2025-08-26
6154,2025-08-26
6155,2025-08-11
6156,2026-03-23
6158,2025-10-06
6160,2025-11-07
6165,2026-01-07
6166,2025-09-02
6167,2025-09-29
6169,2026-01-06
6170,2025-10-14
6173,2025-11-21
6174,2025-11-07
6177,2025-11-07
6179,2026-02-09
6182,2025-09-22
6184,2025-12-17
6185,2025-11-21
6186,2025-12-23
6190,2025-10-21
6191,2025-11-25
6192,2025-09-29
6194,2026-04-07
6198,2026-05-05
6203,2025-10-06
6204,2026-01-07
6207,2025-11-21
6209,2025-08-26
6211,2025-08-26
6212,2025-08-11
6215,2025-12-17
6218,2025-11-25
6219,2026-04-21
6220,2026-04-21
6221,2025-11-21
6222,2025-08-11
6223,2025-10-27
6225,2025-12-05
6226,2026-05-13
6227,2025-10-06
6228,2025-09-09
6229,2025-08-11
6231,2025-06-27
6232,2025-09-09
6233,2026-01-07
6234,2026-03-09
6236,2025-08-26
6242,2025-10-29
6248,2025-11-21
6249,2025-12-04
6252,2025-10-06
6259,2025-12-26
6260,2025-12-17
6262,2025-10-29
6264,2025-10-28
6268,2025-09-09
6269,2025-09-09
6270,2025-11-11
6273,2025-12-16
6274,2025-12-16
6277,2025-06-27
6278,2026-02-09
6283,2025-12-16
6284,2025-09-29
6286,2026-01-07
6287,2025-11-21
6288,2025-12-05
6289,2025-09-09
6290,2026-01-21
6291,2025-10-27
6292,2025-09-09
6293,2025-12-05
6295,2025-11-21
6296,2026-01-07
6297,2025-11-21
6298,2025-12-16
6301,2025-09-09
6304,2025-10-06
6306,2025-06-17
6307,2025-09-09
6308,2025-09-09
6309,2026-03-16
6312,2025-09-29
6313,2025-10-06
6315,2025-11-18
6318,2026-01-21
6320,2025-10-06
6321,2025-09-09
6322,2025-09-09
6324,2025-11-21
6325,2025-07-24
6328,2025-10-21
6329,2025-12-04
6330,2025-12-26
6332,2025-09-02
6334,2025-09-08
6335,2025-11-21
6336,2025-10-06
6340,2026-04-21
6341,2026-01-07
6344,2025-10-27
6346,2025-12-08
6347,2025-09-01
6349,2026-03-02
6353,2025-09-01
6357,2025-12-16
6358,2026-05-07
6359,2025-10-06
6361,2025-12-05
6362,2025-10-13
6364,2025-10-13
6365,2025-12-31
6367,2025-10-27
6368,2025-11-05
6371,2026-02-09
6372,2025-11-25
6374,2025-11-18
6378,2026-04-13
6379,2025-10-13
6380,2025-11-25
6381,2025-06-17
6383,2025-12-04
6385,2026-04-24
6386,2025-12-16
6387,2025-08-11
6389,2025-10-27
6390,2026-01-07
6391,2025-09-08
6395,2025-09-22
6399,2025-11-21
6400,2025-12-04
6404,2025-12-05
6405,2025-11-21
6406,2026-04-21
6409,2025-12-16
6410,2025-11-25
6411,2025-09-29
6412,2026-01-22
6414,2026-04-23
6416,2026-04-24
6419,2025-10-27
6420,2026-04-24
6423,2026-01-07
6424,2025-11-27
6425,2025-07-17
6426,2026-04-20
6430,2025-12-05
6431,2025-11-21
6432,2026-04-24
6433,2025-12-05
6435,2025-12-05
6438,2025-10-13
6439,2025-12-05
6441,2026-04-13
6444,2025-12-16
6447,2025-12-17
6449,2025-12-17
6450,2025-11-05
6452,2025-09-29
6454,2025-10-13
6457,2025-11-05
6459,2025-10-13
6464,2025-10-20
6465,2025-11-07
6467,2026-03-23
6469,2025-12-16
6470,2025-11-05
6471,2026-01-07
6474,2025-12-16
6475,2025-12-16
6476,2026-04-13
6479,2025-10-13
6484,2026-01-08
6485,2025-12-05
6486,2025-11-05
6488,2025-12-26
6489,2025-11-12
6490,2026-01-08
6492,2026-01-08
6498,2025-12-17
6499,2025-10-13
6500,2025-07-03
6502,2025-11-21
6503,2025-11-21
6504,2025-12-05
6506,2025-09-02
6508,2025-12-16
6514,2025-09-08
6515,2025-10-20
6516,2025-11-26
6519,2025-12-04
6522,2026-04-13
6524,2026-04-21
6525,2025-09-08
6526,2025-07-09
6528,2026-01-08
6529,2025-08-11
6530,2025-10-13
6533,2026-04-24
6535,2025-09-29
6537,2026-04-27
6539,2026-04-06
6541,2026-01-08
6543,2025-09-08
6546,2025-12-04
6547,2026-04-21
6549,2025-10-27
6550,2025-12-30
6552,2026-04-27
6555,2026-04-21
6557,2025-09-29
6558,2025-09-29
6559,2025-10-06
6560,2025-12-05
6561,2025-09-08
6563,2025-07-04
6564,2025-09-08
6565,2026-01-08
6566,2025-10-27
6567,2026-01-08
6569,2025-12-30
6570,2025-12-05
6571,2026-05-13
6573,2025-09-08
6575,2026-03-23
6578,2025-10-20
6579,2025-12-05
6580,2025-10-20
6581,2025-12-05
6583,2025-10-27
6585,2026-04-20
6588,2025-12-30
6589,2026-04-13
6590,2025-12-05
6593,2025-09-08
6597,2025-12-17
6598,2026-02-05
6599,2025-09-08
6607,2025-09-08
6608,2026-02-05
6609,2025-10-13
6611,2025-12-05
6612,2025-10-27
6613,2025-09-08
6614,2026-04-24
6615,2026-04-23
6616,2025-09-08
6617,2025-10-13
6618,2025-10-06
6620,2026-01-08
6621,2025-10-29
6622,2026-04-21
6626,2025-09-29
6630,2025-09-29
6631,2026-02-05
6634,2026-04-24
6638,2026-03-09
6639,2025-11-21
6640,2025-11-11
6644,2025-12-17
6645,2025-09-12
6646,2026-02-05
6647,2026-04-13
6648,2025-11-21
6651,2025-09-01
6652,2025-11-18
6655,2025-12-04
6658,2025-09-08
6659,2025-09-29
6660,2025-12-30
6663,2025-12-30
6665,2025-09-09
6666,2025-10-28
6670,2025-09-02
6671,2026-04-13
6672,2025-09-16
6674,2025-09-16
6676,2025-09-29
6677,2025-11-21
6679,2025-12-30
6682,2025-12-17
6684,2026-01-08
6685,2026-04-27
6686,2025-10-28
6687,2025-09-02
6688,2025-10-13
6690,2025-11-21
6694,2025-12-30
6697,2025-12-30
6698,2025-12-17
6699,2025-09-02
6700,2025-09-16
6701,2025-10-29
6704,2025-09-16
6706,2025-10-06
6707,2025-07-15
6710,2025-09-16
6711,2025-10-20
6715,2025-12-30
6718,2026-01-08
6720,2025-10-20
6725,2025-10-20
6726,2026-05-07
6727,2025-09-29
6734,2025-10-20
6735,2026-04-06
6738,2025-09-22
6740,2025-12-30
6741,2026-03-09
6744,2025-07-04
6748,2025-12-05
6750,2025-12-11
6759,2025-10-20
6761,2025-10-20
6762,2025-11-21
6764,2026-01-08
6766,2025-09-09
6768,2025-10-24
6769,2025-08-29
6770,2026-01-08
6771,2025-12-05
6772,2026-01-08
6773,2025-12-05
6774,2025-12-30
6775,2025-10-13
6776,2025-09-09
6781,2026-01-08
6785,2026-05-07
6786,2025-09-16
6787,2025-09-16
6789,2025-09-09
6790,2025-09-16
6791,2026-01-08
6792,2025-11-21
6794,2025-10-20
6797,2025-12-10
6801,2025-07-23
6804,2025-09-29
6805,2025-06-13
6806,2025-09-29
6807,2025-08-11
6808,2026-01-26
6809,2025-11-21
6810,2025-09-11
6812,2025-06-17
6813,2025-12-05
6817,2025-06-17
6820,2025-10-09
6821,2025-12-10
6822,2025-08-29
6825,2025-11-11
6831,2025-10-28
6834,2025-12-05
6838,2025-07-10
6839,2025-10-13
6840,2025-12-10
6844,2026-04-06
6845,2025-11-21
6846,2026-03-02
6847,2025-09-16
6849,2025-09-23
6850,2025-09-09
6851,2025-07-30
6853,2025-09-09
6854,2025-12-24
6856,2025-09-29
6857,2026-03-31
6858,2025-11-11
6862,2025-11-21
6863,2026-05-07
6864,2025-07-14
6865,2025-12-11
6867,2025-12-24
6868,2025-09-22
6869,2026-01-14
6872,2025-09-29
6873,2025-08-14
6874,2026-01-14
6875,2025-12-11
6876,2025-10-13
6877,2025-11-21
6878,2026-04-20
6880,2025-09-23
6881,2025-12-11
6882,2025-10-28
6883,2025-10-28
6887,2025-12-05
6889,2025-09-02
6890,2025-12-05
6891,2025-07-21
6892,2025-09-23
6896,2025-09-23
6897,2025-10-28
6899,2025-09-29
6900,2025-12-11
6903,2025-09-02
6904,2025-09-23
6905,2025-10-13
6906,2026-03-31
6907,2025-09-29
6909,2025-11-21
6910,2025-12-11
6911,2025-10-13
6912,2025-11-21
6914,2025-11-18
6918,2025-07-30
6920,2025-09-23
6922,2025-12-05
6923,2026-01-14
6924,2025-09-23
6928,2025-09-23
6929,2026-03-09
6931,2025-09-02
6932,2025-12-26
6933,2025-12-05
6934,2025-10-13
6935,2025-12-17
6937,2025-12-05
6940,2025-09-23
6941,2026-03-06
6942,2025-10-28
6943,2026-01-14
6947,2025-09-16
6949,2025-12-10
6950,2025-07-08
6951,2026-01-14
6952,2026-01-14
6955,2025-12-05
6956,2025-09-29
6960,2025-09-16
6961,2025-09-16
6962,2025-09-02
6963,2025-09-02
6964,2025-09-16
6968,2026-04-06
6969,2025-07-08
6970,2025-10-13
6971,2026-01-15
6973,2025-07-28
6976,2025-12-05
6977,2025-10-28
6979,2025-11-11
6982,2026-03-02
6983,2025-12-10
6984,2025-09-29
6990,2025-09-02
6992,2025-09-16
6993,2025-12-26
6995,2025-09-29
6996,2025-12-24
6998,2025-09-29
7001,2025-10-13
7002,2026-02-24
7005,2025-06-17
7007,2025-12-10
7008,2026-01-14
7009,2025-12-26
7010,2025-12-10
7011,2025-07-14
7013,2026-02-24
7015,2025-12-05
7017,2025-09-02
7024,2025-12-23
7025,2026-01-14
7026,2026-01-15
7029,2025-12-23
7030,2025-12-26
7031,2025-09-29
7032,2025-12-26
7033,2026-01-15
7044,2025-11-18
7048,2025-11-05
7050,2025-11-18
7051,2025-09-16
7052,2025-09-16
7053,2026-01-14
7056,2026-03-11
7059,2026-02-18
7060,2025-09-16
7067,2025-12-05
7069,2025-12-10
7072,2025-06-19
7076,2025-11-18
7077,2025-09-29
7078,2025-12-17
7080,2025-12-23
7087,2025-07-31
7091,2025-09-01
7092,2025-07-17
7093,2026-03-09
7094,2025-12-26
7095,2026-04-13
7099,2025-11-05
7101,2025-09-29
7102,2025-09-29
7104,2025-12-10
7106,2025-10-13
7110,2025-08-11
7111,2025-09-16
7116,2025-06-24
7117,2025-12-23
7120,2025-10-13
7121,2025-10-20
7126,2025-12-31
7128,2026-01-14
7130,2025-12-26
7133,2025-12-23
7134,2025-09-02
7136,2025-11-18
7137,2025-10-13
7142,2025-11-24
7143,2025-09-02
7144,2025-10-28
7145,2026-01-14
7147,2025-09-29
7149,2025-07-23
7151,2025-10-20
7155,2025-12-23
7156,2025-09-29
7157,2025-10-20
7159,2025-12-26
7160,2025-12-05
7162,2025-12-31
7166,2025-10-13
7167,2025-12-26
7169,2025-10-28
7170,2025-10-20
7171,2025-12-05
7172,2025-08-11
7175,2025-12-12
7177,2025-09-16
7179,2025-12-05
7180,2025-09-08
7183,2025-12-23
7186,2025-06-17
7187,2025-12-26
7189,2025-12-18
7191,2025-12-26
7192,2025-10-13
7193,2025-12-10
7201,2025-12-23
7203,2025-12-12
7204,2025-10-28
7207,2025-10-28
7208,2025-10-28
7209,2026-02-10
7211,2025-12-26
7212,2026-02-18
7213,2026-02-23
7214,2026-05-18
7219,2025-09-01
7221,2026-01-02
7223,2025-10-21
7225,2026-01-02
7226,2026-05-11
7227,2026-05-25
7231,2026-01-14
7232,2025-10-28
7234,2025-09-01
7235,2026-03-02
7236,2026-01-20
7237,2025-09-01
7238,2025-09-02
7239,2025-09-16
7240,2026-01-20
7241,2025-06-17
7242,2025-11-18
7243,2025-09-16
7244,2025-09-16
7245,2025-12-05
7249,2026-01-20
7250,2025-12-05
7252,2025-10-13
7253,2025-10-13
7256,2025-10-13
7257,2025-09-01
7262,2025-11-03
7263,2025-09-16
7265,2025-11-10
7266,2026-02-17
7267,2025-09-16
7272,2025-11-18
7274,2026-01-14
7277,2025-10-13
7278,2026-04-14
7279,2025-07-23
7280,2025-12-02
7281,2026-03-02
7288,2025-11-10
7290,2025-10-21
7291,2025-10-21
7292,2025-08-11
7295,2025-12-31
7296,2026-01-20
7297,2026-01-20
7299,2025-11-26
7305,2025-09-02
7308,2025-12-10
7312,2025-12-10
7313,2025-12-23
7314,2025-12-31
7315,2025-12-18
7316,2026-02-17
7317,2026-05-04
7318,2026-02-19
7321,2025-12-23
7322,2025-12-23
7323,2025-10-20
7325,2025-09-23
7326,2026-01-12
7327,2025-11-18
7328,2025-11-25
7329,2025-12-12
7330,2026-01-20
7333,2026-01-20
7336,2026-02-25
7339,2025-09-23
7343,2025-09-23
7344,2025-09-02
7345,2025-09-02
7348,2026-02-11
7350,2025-10-27
7351,2026-01-15
7353,2026-01-28
7357,2025-07-21
7359,2026-01-02
7363,2025-12-12
7364,2025-10-21
7365,2025-09-29
7370,2026-01-28
7372,2026-02-12
7373,2026-05-25
7376,2025-12-12
7377,2025-12-12
7379,2025-10-27
7380,2025-06-19
7382,2026-02-04
7383,2026-01-02
7385,2025-09-23
7387,2025-12-05
7388,2026-01-02
7390,2026-01-02
7391,2025-12-26
7393,2026-02-19
7395,2026-02-12
7396,2026-02-04
7398,2025-11-18
7399,2025-10-20
7400,2025-12-26
7401,2025-11-10
7402,2026-01-27
7403,2026-02-11
7404,2026-02-11
7405,2026-04-24
7406,2026-02-04
7408,2026-02-05
7411,2026-01-02
7414,2026-04-21
7415,2025-10-21
7420,2025-06-16
7422,2026-01-15
7424,2025-09-29
7428,2025-11-24
7430,2025-10-20
7433,2025-09-29
7436,2025-10-27
7438,2025-12-26
7439,2026-04-21
7440,2025-10-20
7441,2025-08-12
7442,2025-09-30
7445,2025-09-30
7446,2025-11-07
7447,2025-09-01
7448,2025-09-23
7449,2025-11-25
7451,2025-12-05
7452,2025-12-18
7453,2025-10-20
7455,2025-12-02
7456,2026-01-02
7457,2025-12-26
7463,2025-10-27
7465,2025-11-10
7466,2025-12-26
7468,2025-11-10
7471,2025-10-20
7482,2025-09-02
7485,2025-11-26
7487,2025-11-10
7489,2025-09-23
7490,2025-11-25
7491,2026-02-10
7495,2025-12-26
7496,2025-12-26
7499,2025-11-25
7500,2025-11-25
7501,2025-11-10
7502,2026-01-02
7505,2026-04-21
7507,2025-10-27
7512,2025-12-26
7513,2025-10-20
7514,2026-04-21
7515,2026-01-02
7516,2026-01-02
7517,2025-06-26
7518,2026-01-28
7519,2025-11-25
7521,2025-11-19
7522,2026-01-27
7526,2025-09-22
7528,2025-09-29
7532,2025-11-18
7534,2025-12-26
7536,2026-02-04
7537,2025-11-10
7540,2025-09-02
7544,2026-02-25
7545,2026-04-21
7547,2025-12-26
7550,2025-09-30
7554,2025-11-25
7556,2025-09-29
7561,2025-11-25
7563,2025-11-25
7565,2025-10-27
7566,2025-09-29
7571,2025-06-26
7574,2026-04-20
7576,2025-10-14
7578,2025-11-19
7579,2026-02-19
7584,2025-12-02
7585,2025-10-14
7586,2026-01-27
7587,2025-06-25
7588,2026-02-26
7590,2026-02-11
7594,2026-02-12
7595,2026-05-15
7596,2025-12-12
7597,2026-02-04
7599,2026-01-02
7601,2026-01-28
7603,2025-11-13
7604,2026-02-10
7606,2025-07-04
7607,2026-05-18
7609,2025-11-26
7611,2026-05-04
7613,2026-01-27
7614,2026-05-18
7618,2025-12-19
7620,2026-02-11
7626,2025-11-19
7628,2025-10-13
7630,2025-09-30
7634,2025-11-24
7635,2025-06-18
7639,2026-05-11
7641,2025-12-05
7642,2025-09-29
7644,2026-04-21
7646,2025-12-02
7647,2026-02-17
7649,2025-11-25
7650,2026-02-24
7651,2025-09-29
7652,2025-12-19
7653,2026-03-13
7655,2026-04-21
7658,2025-11-10
7659,2025-10-14
7662,2026-04-21
7665,2025-09-08
7668,2026-01-15
7670,2026-02-25
7672,2025-10-27
7673,2025-10-14
7676,2026-01-02
7678,2025-10-14
7681,2025-09-29
7682,2025-09-29
7684,2025-09-29
7685,2026-04-21
7686,2026-01-15
7687,2025-11-24
7688,2025-08-11
7690,2025-12-05
7691,2025-10-14
7693,2025-12-19
7698,2025-10-14
7701,2025-11-18
7702,2025-12-19
7703,2026-01-02
7710,2025-11-18
7711,2025-11-03
7712,2025-10-27
7713,2026-01-27
7714,2026-02-24
7715,2026-02-17
7716,2025-11-03
7717,2026-04-21
7720,2025-11-10
7723,2026-02-11
7724,2026-02-25
7726,2025-09-29
7727,2025-10-28
7728,2025-06-16
7736,2026-05-21
7740,2026-02-11
7741,2026-01-27
7742,2025-09-29
7745,2026-01-27
7747,2025-06-26
7749,2026-02-11
7752,2026-02-17
7754,2026-01-27
7756,2026-01-02
7757,2025-08-11
7758,2026-02-04
7759,2025-11-10
7760,2025-12-02
7765,2025-11-10
7767,2025-11-24
7769,2025-06-26
7771,2026-01-02
7772,2025-12-19
7773,2025-09-29
7775,2025-06-30
7776,2025-08-29
7777,2026-02-17
7778,2025-12-05
7779,2026-05-04
7780,2025-10-27
7781,2025-09-22
7783,2025-11-03
7784,2026-02-20
7786,2025-11-18
7787,2026-02-25
7788,2026-01-27
7789,2026-02-11
7790,2026-01-02
7792,2026-04-27
7794,2025-12-02
7797,2025-05-05
7798,2026-01-02
7800,2025-12-22
7802,2025-11-03
7805,2025-12-26
7806,2025-06-17
7811,2026-01-02
7817,2026-02-05
7818,2025-09-08
7820,2025-11-24
7822,2026-01-13
7823,2025-09-22
7827,2026-02-12
7828,2026-05-15
7830,2026-02-11
7831,2025-12-26
7832,2025-11-10
7833,2026-01-02
7834,2026-02-11
7841,2025-09-02
7843,2025-12-02
7847,2025-09-30
7848,2025-09-29
7853,2025-09-29
7855,2026-02-12
7856,2025-11-07
7859,2025-06-16
7864,2026-02-11
7865,2026-02-11
7866,2026-05-18
7867,2026-02-26
7870,2025-09-30
7873,2025-09-29
7875,2025-10-06
7876,2025-10-13
7878,2025-10-06
7880,2026-05-18
7887,2025-07-04
7892,2025-11-10
7895,2025-10-06
7896,2026-04-21
7898,2025-06-12
7899,2026-01-02
7900,2026-01-02
7902,2026-04-24
7906,2025-06-27
7907,2025-11-05
7909,2025-06-06
7912,2025-11-03
7913,2025-12-02
7914,2026-04-06
7916,2026-05-11
7917,2026-01-02
7918,2026-01-02
7920,2025-10-06
7921,2026-01-02
7923,2025-11-03
7925,2026-02-12
7926,2026-02-11
7927,2025-12-02
7931,2026-02-25
7933,2026-01-27
7934,2026-02-11
7935,2026-01-27
7937,2025-12-05
7939,2026-01-27
7940,2025-11-05
7942,2025-10-06
7943,2025-10-06
7944,2026-01-27
7945,2025-10-07
7948,2025-11-10
7956,2025-10-07
7958,2025-10-20
7960,2025-10-07
7962,2026-04-21
7963,2026-01-02
7966,2025-10-20
7968,2025-11-24
7969,2026-02-12
7970,2025-06-16
7972,2026-01-09
7973,2026-02-12
7976,2025-10-07
7977,2025-10-20
7978,2025-10-07
7979,2025-10-07
7980,2025-09-22
7981,2025-11-24
7982,2025-12-26
7985,2025-07-16
7986,2025-12-26
7989,2025-09-22
7991,2026-02-19
7993,2025-10-07
7996,2026-02-26
7998,2026-05-18
7999,2026-04-21
8001,2025-08-11
8003,2026-01-02
8007,2026-01-02
8008,2025-11-24
8011,2026-04-13
8012,2026-01-13
8014,2026-02-11
8017,2026-02-04
8018,2025-06-16
8021,2026-01-02
8022,2025-11-03
8024,2026-01-02
8025,2025-12-26
8028,2025-09-30
8029,2025-09-22
8031,2025-09-22
8032,2025-09-22
8033,2026-04-13
8034,2025-10-13
8035,2026-04-27
8039,2025-08-11
8045,2025-08-18
8048,2025-11-03
8052,2025-09-22
8054,2025-12-26
8055,2026-01-13
8058,2025-11-03
8061,2026-02-12
8062,2025-11-03
8063,2026-04-21
8064,2026-01-02
8065,2025-10-15
8066,2026-01-27
8067,2026-05-11
8069,2025-08-12
8070,2025-07-18
8072,2025-09-22
8073,2025-09-22
8077,2025-11-07
8079,2025-08-18
8082,2026-01-02
8083,2026-01-13
8084,2026-04-21
8085,2026-04-21
8087,2025-10-06
8088,2025-11-18
8089,2025-12-26
8090,2026-04-21
8092,2025-12-26
8094,2026-05-15
8096,2026-05-15
8097,2026-01-09
8098,2025-12-26
8100,2025-09-22
8103,2026-01-28
8108,2025-08-18
8110,2025-09-22
8112,2025-11-10
8113,2025-10-06
8114,2026-04-21
8115,2026-02-11
8117,2025-06-16
8119,2026-02-04
8120,2026-04-21
8124,2025-10-13
8125,2025-09-22
8127,2025-10-07
8129,2025-10-20
8130,2026-01-13
8131,2026-01-13
8132,2026-01-13
8136,2025-11-10
8137,2026-01-13
8138,2025-12-26
8142,2026-02-11
8146,2026-05-15
8150,2026-04-21
8152,2025-11-17
8154,2026-04-20
8156,2025-11-03
8157,2026-01-09
8159,2026-04-24
8160,2025-11-10
8163,2026-02-19
8164,2025-12-26
8165,2026-05-18
8166,2026-01-09
8168,2025-12-26
8170,2026-01-09
8172,2026-02-05
8174,2026-02-25
8184,2026-04-21
8185,2026-04-21
8186,2026-01-02
8189,2026-01-02
8191,2026-05-11
8192,2026-01-13
8195,2025-11-03
8197,2025-10-13
8201,2026-01-13
8204,2026-02-11
8208,2025-09-22
8213,2025-10-06
8214,2025-10-06
8218,2025-10-21
8220,2026-04-21
8224,2025-06-16
8226,2025-09-30
8233,2025-11-10
8235,2026-04-21
8237,2025-12-26
8240,2026-05-11
8241,2025-09-22
8243,2025-09-22
8244,2026-01-23
8245,2025-11-17
8249,2026-01-02
8250,2025-11-03
8251,2025-11-03
8254,2026-01-13
8256,2025-09-30
8257,2026-02-27
8259,2026-02-06
8261,2026-01-23
8262,2026-05-11
8264,2025-09-30
8265,2025-11-25
8268,2025-09-22
8270,2025-11-03
8272,2025-07-03
8273,2025-11-10
8275,2026-04-21
8278,2025-08-18
8279,2025-09-23
8280,2026-02-06
8284,2026-05-04
8286,2025-11-18
8289,2025-12-19
8290,2025-11-10
8292,2026-04-10
8295,2025-12-19
8296,2025-09-23
8297,2025-11-27
8298,2025-10-15
8299,2026-01-02
8300,2025-08-18
8302,2025-11-10
8303,2025-06-16
8306,2026-01-23
8308,2026-02-27
8314,2025-09-23
8315,2025-11-18
8316,2026-04-06
8318,2025-09-12
8323,2025-08-18
8325,2025-09-23
8330,2026-01-02
8333,2025-06-20
8335,2026-02-18
8339,2025-11-17
8346,2026-02-06
8351,2025-12-02
8352,2026-01-13
8358,2026-02-04
8359,2025-06-16
8363,2025-11-25
8364,2026-02-25
8365,2026-04-01
8367,2025-11-03
8368,2026-02-12
8369,2025-11-03
8372,2026-01-13
8373,2025-06-16
8375,2025-10-07
8378,2026-01-02
8379,2026-01-13
8383,2026-01-23
8384,2026-05-11
8385,2026-01-29
8391,2025-09-22
8394,2026-02-25
8395,2025-11-03
8396,2026-02-18
8400,2026-01-23
8402,2026-02-12
8405,2025-09-30
8406,2025-09-08
8407,2026-04-06
8408,2026-02-20
8409,2025-10-21
8410,2025-06-25
8413,2026-02-12
8414,2025-11-17
8419,2026-03-05
8420,2026-02-02
8421,2026-04-27
8422,2026-02-19
8428,2025-12-22
8431,2026-04-06
8432,2026-03-19
8437,2026-01-09
8439,2026-03-11
8441,2025-08-18
8442,2026-01-09
8443,2025-11-03
8445,2025-10-06
8447,2025-11-17
8448,2026-01-13
8451,2026-04-21
8452,2026-05-11
8456,2025-10-06
8457,2025-06-23
8458,2025-11-10
8461,2025-12-19
8462,2026-01-16
8466,2025-12-19
8467,2026-03-25
8468,2025-12-08
8471,2026-03-11
8473,2025-11-03
8476,2025-10-06
8477,2025-09-22
8479,2025-11-17
8482,2026-03-05
8483,2026-01-30
8484,2025-09-22
8486,2026-04-22
8490,2025-12-08
8491,2025-12-08
8492,2026-05-18
8493,2025-06-23
8494,2026-01-30
8495,2025-11-25
8503,2026-01-30
8504,2025-10-14
8505,2026-01-13
8508,2025-11-25
8510,2026-04-01
8511,2026-05-11
8512,2026-01-13
8519,2026-01-23
8522,2026-01-16
8525,2026-02-03
8526,2026-01-16
8527,2026-02-27
8530,2026-01-09
8532,2025-12-08
8534,2025-10-07
8535,2026-02-13
8536,2025-11-25
8541,2026-03-11
8544,2026-01-30
8546,2025-12-08
8547,2026-01-23
8551,2026-02-03
8553,2026-04-16
8555,2026-02-20
8556,2025-12-22
8557,2025-06-16
8560,2026-01-13
8561,2026-01-15
8562,2025-12-08
8566,2025-10-06
8567,2026-04-06
8570,2025-11-03
8572,2025-11-25
8574,2026-04-06
8575,2026-03-05
8576,2026-02-13
8580,2026-02-13
8581,2026-04-08
8586,2025-12-23
8588,2026-05-18
8589,2025-10-07
8590,2025-10-06
8592,2025-10-07
8594,2026-01-30
8596,2025-09-01
8597,2026-01-19
8598,2025-11-17
8599,2025-09-22
8600,2025-11-03
8603,2025-10-07
8606,2026-01-23
8607,2025-11-17
8608,2025-06-16
8609,2026-03-25
8610,2026-03-25
8611,2025-12-08
8612,2026-01-23
8613,2025-07-16
8615,2025-10-07
8616,2026-01-23
8617,2026-04-17
8619,2026-01-23
8623,2025-10-07
8624,2025-11-03
8627,2025-10-07
8628,2025-11-18
8630,2025-11-03
8631,2025-11-04
8633,2025-10-07
8634,2025-10-07
8639,2025-11-17
8643,2026-03-25
8644,2025-11-04
8647,2026-04-24
8648,2025-11-17
8649,2026-01-30
8651,2026-01-23
8656,2026-02-06
8658,2026-02-12
8659,2025-11-17
8662,2026-01-23
8665,2026-01-30
8666,2025-12-22
8667,2026-01-23
8669,2026-04-22
8672,2025-11-17
8673,2025-11-17
8674,2026-05-28
8675,2026-03-30
8676,2025-07-31
8677,2026-02-06
8678,2025-11-18
8679,2025-10-07
8680,2025-10-13
8681,2025-11-24
8682,2025-10-06
8683,2025-10-13
8684,2025-11-18
8687,2026-05-18
8688,2025-11-24
8689,2025-12-08
8690,2025-12-08
8694,2025-11-18
8695,2026-04-01
8696,2026-02-06
8697,2026-04-08
8698,2026-02-13
8701,2026-02-24
8703,2025-11-18
8704,2025-09-23
8706,2026-05-18
8709,2026-01-23
8712,2026-02-03
8713,2026-02-24
8715,2025-10-06
8717,2025-10-13
8721,2026-02-03
8722,2025-10-13
8725,2025-11-04
8730,2025-11-18
8733,2025-12-16
8736,2025-09-01
8738,2025-12-08
8739,2026-02-10
8741,2025-10-14
8742,2025-10-14
8743,2025-10-14
8744,2025-10-06
8746,2026-01-19
8747,2025-11-24
8749,2026-03-04
8750,2026-03-04
8752,2025-10-06
8753,2025-09-22
8754,2026-03-05
8756,2025-11-18
8758,2026-01-23
8762,2025-11-18
8763,2026-02-03
8764,2025-07-31
8767,2026-04-15
8769,2026-01-23
8775,2025-12-08
8776,2026-02-06
8777,2026-03-12
8779,2025-12-17
8782,2025-11-04
8783,2025-09-08
8786,2026-02-13
8788,2025-11-04
8791,2025-11-04
8792,2026-04-08
8794,2025-11-04
8797,2026-05-18
8799,2025-11-24
8800,2025-10-06
8801,2026-02-10
8802,2025-06-17
8803,2025-11-24
8805,2026-04-29
8806,2026-02-13
8808,2026-05-18
8810,2026-06-23
8811,2026-05-18
8813,2026-04-17
8815,2025-09-01
8820,2025-09-01
8823,2026-02-24
8824,2025-11-04
8825,2025-11-04
8829,2026-02-06
8835,2025-12-08
8838,2026-01-16
8839,2025-11-04
8841,2026-04-17
8843,2025-11-04
8844,2025-11-03
8846,2026-02-24
8847,2025-10-13
8848,2025-08-20
8849,2025-06-17
8850,2025-11-04
8856,2025-07-10
8858,2025-09-24
8860,2026-05-18
8862,2026-02-06
8864,2026-05-18
8866,2026-04-22
8867,2026-04-16
8870,2025-10-13
8871,2025-11-03
8872,2025-11-03
8873,2025-11-04
8874,2026-02-10
8876,2026-04-16
8878,2026-04-09
8879,2026-01-16
8881,2026-04-14
8883,2025-11-07
8887,2026-01-23
8889,2026-05-08
8890,2026-02-09
8891,2025-11-04
8892,2026-01-16
8894,2025-11-04
8895,2026-05-06
8898,2025-10-13
8900,2025-10-13
8901,2025-10-13
8903,2025-11-03
8904,2025-10-13
8906,2025-10-13
8908,2026-01-16
8909,2026-04-14
8911,2026-02-13
8913,2025-10-13
8914,2026-02-13
8917,2025-10-13
8918,2026-04-14
8919,2025-10-13
8921,2025-11-24
8922,2025-12-22
8925,2026-03-18
8926,2025-11-04
8929,2026-03-04
8930,2026-03-03
8931,2026-04-16
8933,2025-11-04
8935,2026-02-10
8936,2025-11-04
8937,2026-04-22
8939,2025-12-08
8940,2026-02-13
8941,2025-12-22
8945,2025-11-04
8946,2025-12-08
8947,2025-10-13
8949,2025-10-13
8953,2025-12-08
8954,2026-02-13
8955,2025-12-08
8957,2026-02-13
8961,2026-04-22
8962,2025-11-24
8964,2026-02-19
8966,2025-12-15
8968,2026-04-23
8969,2026-03-25
8970,2025-12-17
8971,2026-01-16
8973,2026-01-09
8974,2025-08-20
8975,2025-11-24
8978,2025-10-13
8983,2025-11-04
8992,2026-04-17
8993,2026-02-13
8995,2026-01-16
9002,2025-07-07
9005,2026-03-26
9007,2025-12-22
9009,2026-01-30
9010,2025-10-13
9013,2026-02-13
9016,2026-04-22
9019,2025-10-13
9021,2025-11-04
9022,2025-11-24
9023,2026-05-08
9026,2025-10-27
9028,2025-09-22
9029,2025-10-27
9030,2026-02-24
9031,2025-11-03
9036,2025-10-21
9038,2025-10-14
9040,2025-12-15
9042,2026-05-18
9043,2025-10-21
9045,2025-11-24
9048,2026-05-08
9051,2025-10-14
9052,2025-09-01
9054,2026-03-04
9055,2025-11-18
9056,2025-12-15
9059,2025-10-21
9061,2025-12-15
9065,2026-02-27
9066,2025-10-14
9069,2025-10-14
9071,2025-11-04
9072,2026-03-19
9073,2025-10-20
9078,2025-11-24
9084,2025-12-16
9086,2026-05-13
9089,2026-02-13
9090,2025-10-20
9092,2025-10-20
9093,2025-10-20
9094,2025-12-22
9096,2026-02-06
9101,2026-01-16
9102,2026-01-16
9103,2026-02-24
9105,2026-05-13
9107,2026-01-16
9108,2025-12-15
9112,2026-05-25
9113,2025-12-16
9114,2026-04-08
9116,2026-03-04
9117,2025-10-20
9118,2025-12-22
9121,2025-07-04
9122,2026-01-16
9124,2026-03-18
9126,2025-11-04
9128,2025-10-27
9129,2026-01-16
9130,2026-04-16
9132,2026-02-06
9134,2025-10-20
9135,2025-12-15
9137,2025-11-10
9139,2025-10-20
9142,2025-10-27
9144,2026-04-09
9145,2025-10-20
9146,2026-04-16
9147,2026-05-13
9148,2026-04-14
9149,2025-12-15
9152,2025-10-20
9154,2026-03-11
9155,2025-12-22
9161,2025-09-24
9162,2025-10-20
9163,2025-11-24
9164,2026-02-13
9165,2026-02-27
9169,2026-02-03
9173,2026-04-15
9174,2025-12-15
9175,2025-11-24
9176,2025-12-15
9177,2026-02-06
9180,2025-10-21
9182,2025-10-07
9183,2025-11-11
9185,2026-04-08
9188,2026-04-14
9189,2026-04-09
9190,2026-02-17
9191,2026-01-16
9194,2026-04-14
9195,2025-10-23
9196,2025-10-28
9197,2025-10-20
9198,2025-10-20
9199,2025-08-06
9203,2026-03-05
9204,2026-02-24
9206,2026-01-16
9208,2025-11-25
9209,2026-04-23
9211,2025-12-15
9216,2025-11-24
9217,2025-10-20
9219,2025-11-25
9220,2026-02-20
9222,2026-02-24
9224,2025-10-21
9225,2026-03-04
9230,2025-05-19
9231,2025-12-15
9232,2026-04-16
9234,2025-06-12
9236,2026-02-17
9237,2026-05-13
9238,2025-07-29
9240,2026-04-14
9241,2025-11-11
9242,2025-10-28
9244,2025-10-28
9248,2026-01-16
9249,2025-10-20
9250,2025-10-20
9251,2026-04-22
9252,2025-11-04
9255,2026-04-22
9256,2026-05-15
9258,2026-03-11
9259,2026-01-16
9262,2026-03-11
9264,2026-03-11
9265,2026-06-08
9270,2025-07-07
9271,2026-04-01
9272,2025-09-02
9273,2026-03-18
9274,2026-01-30
9275,2026-03-18
9277,2026-04-15
9279,2025-12-22
9280,2025-06-19
9284,2025-12-15
9286,2025-11-04
9287,2025-11-10
9290,2025-11-10
9291,2025-11-10
9293,2026-02-03
9296,2026-06-18
9297,2026-01-30
9298,2025-12-15
9299,2025-12-15
9300,2026-05-21
9301,2026-02-13
9302,2025-11-25
9304,2025-11-24
9305,2026-02-13
9307,2026-02-24
9309,2026-01-16
9310,2025-09-24
9311,2026-04-22
9313,2026-02-03
9314,2025-11-10
9317,2025-06-06
9319,2025-12-02
9327,2025-10-28
9330,2026-02-17
9334,2026-03-18
9335,2026-03-25
9337,2026-03-06
9339,2026-03-11
9340,2025-06-17
9341,2025-08-01
9343,2026-05-28
9345,2026-01-16
9346,2026-01-16
9347,2026-03-05
9348,2025-11-24
9349,2026-03-18
9353,2025-10-28
9354,2025-10-28
9355,2025-11-10
9360,2025-12-22
9361,2026-03-05
9363,2026-06-03
9364,2026-04-15
9365,2026-01-16
9366,2026-03-18
9368,2026-02-13
9369,2026-02-06
9370,2026-04-09
9371,2026-04-21
9375,2026-04-06
9376,2026-03-04
9377,2025-05-20
9378,2026-03-30
9380,2026-03-30
9381,2026-04-22
9382,2025-10-28
9388,2026-03-18
9389,2025-06-30
9390,2026-03-30
9391,2025-12-15
9393,2026-03-11
9394,2025-11-24
9395,2025-12-22
9396,2026-02-03
9397,2026-01-16
9398,2025-11-24
9399,2026-01-16
9400,2025-12-15
9401,2026-04-21
9403,2026-02-06
9406,2025-12-22
9409,2026-03-19
9410,2025-10-28
9412,2025-11-10
9414,2026-04-01
9415,2025-09-23
9417,2025-12-15
9420,2026-04-21
9421,2026-03-05
9422,2026-04-15
9423,2026-04-06
9437,2025-12-22
9438,2025-07-31
9442,2025-06-17
9443,2025-11-03
9445,2026-03-11
9446,2025-06-30
9447,2025-09-08
9450,2026-03-03
9454,2025-10-28
9459,2026-02-20
9460,2026-03-30
9462,2025-11-10
9463,2025-11-24
9466,2026-02-13
9468,2025-09-02
9469,2025-12-22
9470,2026-04-21
9472,2025-12-15
9475,2025-10-21
9476,2025-10-21
9477,2025-11-10
9478,2025-10-21
9482,2026-02-20
9484,2025-12-15
9485,2026-02-06
9486,2026-05-20
9493,2026-04-16
9497,2025-12-15
9502,2026-04-22
9504,2025-11-10
9505,2025-11-10
9506,2026-03-27
9509,2025-10-21
9511,2025-10-21
9513,2025-11-10
9515,2025-12-02
9518,2025-11-10
9523,2026-04-15
9524,2026-06-04
9525,2026-04-09
9528,2026-05-13
9531,2025-11-10
9532,2026-05-18
9533,2026-04-23
9534,2026-02-17
9535,2025-10-21
9536,2025-06-17
9541,2026-02-13
9542,2026-01-16
9543,2026-03-17
9544,2026-04-15
9545,2026-02-13
9546,2026-03-13
9547,2026-03-10
9548,2026-03-24
9549,2026-02-06
9551,2026-01-16
9552,2026-04-08
9553,2026-03-20
9555,2026-04-15
9556,2026-02-13
9557,2025-11-10
9560,2025-12-02
9570,2025-11-24
9571,2026-03-06
9572,2026-02-03
9573,2026-03-31
9575,2025-11-11
9576,2026-03-20
9577,2025-11-10
9578,2025-12-02
9581,2026-02-02
9582,2026-01-13
9586,2025-11-18
9587,2026-02-03
9589,2025-07-02
9590,2026-02-06
9591,2026-04-08
9594,2026-04-15
9595,2026-03-06
9598,2026-04-09
9599,2025-12-29
9600,2025-12-02
9602,2025-12-02
9604,2025-12-29
9606,2026-01-13
9609,2026-02-13
9611,2026-04-09
9612,2026-04-29
9615,2025-10-21
9620,2025-11-10
9621,2025-11-10
9622,2025-11-18
9624,2026-04-21
9627,2026-03-24
9631,2025-10-21
9634,2025-06-25
9635,2026-02-13
9636,2025-10-21
9637,2026-03-24
9638,2026-04-22
9639,2025-11-26
9640,2025-09-16
9642,2025-12-02
9643,2026-02-20
9644,2026-04-22
9646,2026-03-24
9650,2025-11-18
9651,2025-12-02
9653,2026-03-27
9658,2026-02-20
9659,2025-11-11
9661,2026-02-13
9665,2026-03-06
9667,2026-04-16
9668,2025-12-08
9671,2026-04-22
9672,2025-06-25
9673,2025-11-03
9675,2026-02-13
9677,2025-12-29
9678,2025-12-29
9680,2026-04-22
9681,2025-11-11
9683,2025-11-10
9685,2025-11-11
9686,2025-12-02
9687,2025-12-02
9688,2025-11-11
9689,2025-11-11
9691,2026-04-16
9692,2025-11-11
9695,2026-04-28
9697,2026-04-28
9698,2025-11-11
9701,2026-02-13
9703,2025-06-17
9704,2025-12-29
9706,2025-12-29
9707,2025-06-17
9709,2025-12-31
9710,2025-11-10
9711,2026-04-28
9712,2026-03-24
9713,2026-04-22
9714,2025-12-02
9715,2026-05-18
9717,2025-12-02
9724,2026-03-27
9727,2026-02-20
9730,2026-04-22
9732,2025-12-31
9733,2025-12-02
9736,2025-12-09
9737,2025-09-16
9738,2026-03-13
9740,2026-05-14
9743,2026-01-30
9748,2026-02-20
9750,2025-12-29
9751,2026-01-19
9756,2025-09-16
9757,2026-01-26
9758,2025-12-09
9759,2025-12-29
9761,2025-12-29
9762,2026-02-13
9764,2025-12-29
9765,2026-02-20
9767,2026-04-22
9769,2025-12-09
9771,2025-06-17
9774,2025-11-11
9776,2026-03-06
9778,2026-01-26
9779,2026-04-08
9780,2026-02-13
9781,2025-12-09
9782,2026-01-14
9783,2026-01-14
9785,2026-03-20
9787,2025-12-15
9789,2026-01-06
9790,2026-03-13
9791,2026-04-08
9793,2025-12-23
9794,2025-12-15
9795,2025-12-15
9796,2025-11-11
9797,2026-03-27
9798,2026-02-06
9799,2026-02-13
9800,2025-12-15
9802,2025-11-10
9804,2025-11-11
9806,2025-11-10
9807,2026-02-06
9808,2025-12-02
9815,2026-01-21
9816,2026-03-13
9820,2026-05-18
9821,2026-03-10
9822,2026-05-13
9826,2026-04-22
9828,2026-04-16
9829,2026-04-23
9832,2025-12-02
9833,2026-03-10
9835,2025-12-02
9839,2026-04-08
9841,2025-12-29
9842,2026-01-20
9843,2026-02-13
9844,2025-12-29
9847,2025-12-02
9848,2026-03-24
9851,2026-03-20
9853,2025-11-11
9858,2025-07-15
9863,2026-05-11
9865,2025-12-29
9866,2026-01-14
9868,2026-03-10
9870,2026-01-06
9872,2026-01-26
9874,2026-04-16
9877,2025-12-15
9880,2026-03-24
9882,2026-04-15
9883,2026-04-23
9884,2025-06-17
9887,2026-06-17
9889,2025-12-29
9890,2026-04-08
9892,2026-03-13
9893,2026-01-13
9894,2026-04-08
9895,2026-01-13
9896,2025-12-15
9900,2025-12-29
9903,2025-07-31
9904,2026-04-09
9907,2026-03-13
9908,2025-12-29
9909,2026-03-06
9911,2025-11-17
9914,2026-03-20
9916,2026-03-17
9918,2026-05-18
9920,2025-12-16
9921,2025-12-16
9924,2026-03-10
9925,2026-01-06
9927,2025-06-17
9929,2026-04-16
9930,2026-04-15
9931,2026-05-13
9932,2026-04-15
9933,2025-12-29
9937,2025-12-16
9938,2025-09-16
9940,2025-12-16
9941,2026-03-31
9944,2026-05-13
9945,2026-06-03
9946,2026-04-16
9948,2026-03-06
9949,2025-12-16
9950,2026-03-31
9951,2025-11-11
9953,2026-04-23
9956,2026-05-13
9959,2026-04-22
9960,2025-11-11
9961,2026-04-09
9962,2025-09-17
9963,2025-12-16
9964,2025-11-11
9968,2026-02-27
9969,2025-12-29
9970,2026-01-07
9978,2026-01-13
9979,2025-06-17
9982,2026-04-22
9983,2025-12-29
9984,2026-04-01
9985,2026-01-06
9987,2026-04-08
9988,2026-03-20
9989,2026-04-17
9992,2026-03-20
9993,2026-03-03
9994,2025-11-11
9995,2026-01-21
9996,2026-02-13
9998,2026-01-13
10000,2026-02-06
10003,2025-12-16
10004,2025-12-29
10005,2026-01-21
10006,2026-01-30
10008,2026-04-01
10009,2026-04-15
10011,2025-12-16
10012,2026-01-13
10016,2026-04-23
10017,2026-03-13
10018,2026-04-22
10019,2026-01-26
10021,2026-04-01
10025,2025-09-17
10027,2026-03-13
10031,2026-03-20
10034,2026-01-06
10035,2026-03-13
10039,2026-01-21
10040,2026-02-16
10041,2025-12-02
10042,2026-03-03
10045,2025-12-29
10046,2025-11-18
10048,2026-04-16
10052,2025-09-22
10053,2026-03-17
10054,2025-06-19
10056,2026-03-13
10057,2025-06-25
10060,2026-03-20
10064,2026-04-08
10066,2026-01-26
10067,2025-11-10
10068,2026-01-26
10070,2026-02-02
10076,2025-06-25
10077,2025-12-16
10079,2026-03-05
10080,2025-12-16
10081,2025-12-16
10082,2026-02-02
10085,2026-04-01
10088,2025-12-16
10092,2026-01-26
10095,2026-01-06
10096,2025-11-18
10097,2026-02-02
10101,2026-04-09
10102,2026-04-09
10107,2026-01-13
10108,2025-09-17
10110,2026-01-19
10111,2026-03-27
10113,2025-12-16
10115,2026-03-17
10117,2026-03-13
10119,2025-12-16
10120,2026-04-22
10123,2026-04-08
10125,2026-01-06
10126,2025-06-17
10127,2026-01-26
10130,2026-03-11
10131,2025-12-29
10133,2025-11-18
10134,2025-12-16
10135,2025-12-16
10136,2025-12-23
10139,2026-03-10
10140,2025-12-16
10142,2026-03-20
10143,2025-12-16
10146,2025-12-16
10147,2025-11-18
10148,2026-02-03
10151,2026-04-08
10152,2026-03-03
10153,2026-03-27
10154,2026-01-13
10155,2026-02-27
10158,2026-04-15
10160,2025-12-29
10162,2026-01-13
10165,2026-03-13
10166,2025-12-23
10168,2025-12-29
10170,2026-02-03
10174,2025-12-29
10175,2025-09-17
10176,2025-08-11
10177,2025-12-16
10179,2026-01-26
10182,2026-01-26
10184,2026-02-03
10187,2025-12-22
10189,2026-03-20
10190,2026-03-24
10191,2026-02-03
10200,2026-03-13
10201,2025-12-29
10202,2026-01-21
10203,2026-01-06
10204,2025-06-12
10207,2026-03-03
10208,2025-12-22
10210,2025-12-22
10211,2026-04-01
10212,2025-06-05
10214,2026-03-10
10215,2025-08-01
10216,2026-04-30
10218,2025-12-22
10219,2025-11-25
10221,2025-12-15
10222,2026-05-28
10223,2026-04-08
10226,2026-04-15
10227,2025-12-29
10229,2025-12-22
10230,2026-04-29
10231,2026-03-06
10232,2025-12-29
10238,2025-09-11
10239,2025-08-05
10240,2025-12-22
10246,2026-03-06
10249,2026-01-26
10252,2026-04-01
10257,2025-12-08
10258,2025-12-08
10259,2026-03-06
10260,2026-03-27
10261,2026-04-23
10262,2025-09-17
10264,2026-03-17
10266,2025-09-11
10268,2026-04-22
10269,2026-04-08
10270,2026-04-01
10271,2026-03-20
10273,2026-02-03
10274,2026-02-03
10275,2026-04-09
10276,2026-02-13
10277,2026-02-06
10278,2025-11-25
10282,2026-04-01
10284,2025-11-18
10285,2025-12-16
10288,2025-12-16
10290,2025-12-09
10291,2026-03-27
10293,2026-04-22
10294,2025-06-17
10295,2025-12-08
10296,2025-09-17
10297,2025-12-29
10302,2026-03-10
10303,2026-01-06
10304,2026-05-13
10305,2026-04-22
10307,2026-01-21
10309,2026-04-09
10310,2026-01-13
10312,2026-03-17
10314,2026-01-06
10317,2025-06-13
10318,2026-01-19
10319,2026-03-20
10321,2026-01-12
10322,2026-03-24
10323,2026-01-26
10324,2025-12-29
10326,2026-04-15
10328,2026-01-19
10329,2025-11-18
10330,2025-12-09
10331,2025-11-18
10337,2025-11-18
10338,2026-03-06
10340,2025-12-09
10343,2025-06-30
10344,2025-12-08
10346,2026-03-06
10347,2026-03-06
10348,2026-01-21
10350,2025-12-29
10352,2026-05-13
10353,2026-01-06
10354,2026-01-26
10358,2026-05-14
10360,2026-01-26
10363,2025-12-23
10365,2026-03-10
10368,2026-03-03
10369,2025-08-20
10370,2025-11-18
10372,2025-08-12
10374,2026-05-15
10375,2025-11-17
10377,2026-01-26
10380,2026-03-13
10381,2026-03-27
10383,2026-02-13
10384,2026-04-01
10385,2025-11-17
10387,2025-12-08
10390,2025-12-29
10391,2026-03-13
10392,2026-04-08
10393,2026-03-13
10394,2026-03-06
10396,2026-02-27
10397,2026-03-06
10399,2026-04-01
10401,2025-10-06
10402,2026-03-20
10404,2026-04-16
10408,2026-04-23
10410,2026-02-23
10411,2026-03-24
10413,2025-07-07
10415,2025-05-12
10415,2025-05-19
10416,2025-07-14
10417,2026-05-13
10420,2025-07-07
10421,2026-04-08
10424,2025-06-02
10426,2025-05-19
10426,2025-05-12
10427,2025-12-08
10429,2025-12-08
10430,2026-02-23
10433,2025-10-06
10434,2026-02-20
10435,2026-03-20
10439,2026-04-15
10441,2026-02-23
10444,2026-04-01
10446,2025-12-09
10447,2026-02-20
10448,2026-04-16
10450,2025-07-28
10451,2025-12-09
10454,2026-03-12
10455,2026-02-06
10456,2025-09-11
10458,2025-12-09
10462,2026-03-13
10465,2025-12-09
10466,2026-01-06
10467,2026-03-13
10468,2026-01-05
10470,2026-03-24
10472,2026-01-05
10477,2025-11-18
10482,2026-03-24
10483,2026-03-10
10485,2026-03-20
10489,2025-12-08
10491,2026-01-26
10495,2026-04-22
10496,2026-04-09
10500,2025-09-17
10502,2026-01-05
10505,2026-04-09
10510,2026-01-12
10511,2026-02-23
10516,2025-12-08
10517,2026-01-05
10519,2025-12-09
10520,2025-11-18
10522,2025-11-18
10524,2025-12-08
10533,2026-04-15
10536,2026-01-26
10537,2026-01-26
10538,2026-03-13
10539,2026-03-13
10542,2026-03-06
10543,2026-03-17
10544,2025-12-08
10545,2026-03-03
10546,2026-01-05
10547,2026-04-15
10549,2026-04-16
10550,2025-11-24
10551,2026-04-09
10552,2026-03-13
10553,2026-01-05
10556,2026-04-10
10559,2026-04-17
10566,2026-04-16
10567,2026-01-26
10568,2026-01-26
10570,2026-01-26
10572,2026-04-09
10573,2026-01-13
10575,2026-03-31
10576,2026-01-26
10577,2025-09-17
10579,2025-12-08
10581,2026-02-27
10584,2026-03-06
10585,2026-04-28
10586,2026-04-29
10589,2025-12-08
10590,2026-01-06
10591,2026-04-15
10592,2026-02-06
10596,2026-05-20
10601,2026-01-05
10602,2026-01-12
10604,2026-01-05
10605,2026-01-26
10606,2026-04-15
10607,2026-04-23
10609,2026-02-13
10610,2026-01-05
10611,2026-01-26
10615,2026-03-13
10616,2026-04-14
10617,2026-03-31
10618,2026-05-26
10619,2026-03-03
10621,2026-05-15
10623,2026-03-27
10624,2026-04-24
10626,2026-01-12
10628,2026-02-13
10629,2025-12-15
10633,2026-04-17
10635,2026-04-07
10637,2026-05-14
10638,2026-04-10
10639,2026-03-13
10642,2026-04-30
10643,2026-01-12
10644,2025-11-24
10646,2025-12-22
10649,2025-12-22
10650,2025-12-22
10651,2025-12-22
10652,2026-03-31
10653,2026-03-06
10654,2025-11-24
10655,2025-11-24
10656,2026-05-20
10657,2026-04-10
10660,2025-11-24
10661,2025-12-22
10662,2026-03-31
10664,2025-12-22
10668,2025-12-22
10669,2025-11-24
10670,2026-03-31
10671,2025-11-24
10675,2025-11-24
10677,2025-12-22
10679,2025-12-08
10681,2026-04-30
10684,2025-12-08
10685,2026-01-30
10686,2026-04-15
10687,2025-09-17
10688,2026-03-13
10689,2025-12-22
10690,2025-12-22
10693,2026-04-29
10694,2025-12-08
10695,2025-12-08
10696,2026-04-28
10698,2026-01-13
10699,2026-02-02
10700,2026-04-07
10701,2026-02-24
10702,2026-05-06
10703,2025-10-02
10707,2026-02-09
10708,2025-09-29
10709,2026-03-13
10710,2025-12-08
10712,2026-02-09
10713,2025-09-23
10714,2025-12-09
10717,2026-02-13
10718,2026-02-27
10722,2025-12-30
10725,2025-12-30
10729,2025-12-30
10730,2025-12-08
10731,2026-04-24
10734,2025-09-29
10735,2026-03-13
10736,2026-03-13
10737,2026-01-12
10739,2025-12-30
10740,2026-04-29
10741,2026-02-09
10744,2026-03-06
10745,2026-03-06
10746,2026-05-15
10747,2026-02-13
10749,2025-09-23
10754,2026-03-20
10755,2025-12-09
10758,2026-05-20
10761,2026-03-13
10763,2026-02-09
10764,2026-02-16
10766,2026-03-20
10769,2026-01-06
10770,2026-01-12
10772,2026-02-16
10776,2026-04-14
10777,2026-04-07
10779,2026-01-12
10781,2026-01-12
10782,2026-02-10
10784,2026-05-14
10785,2025-09-23
10787,2026-02-09
10789,2025-12-09
10791,2026-05-20
10792,2025-09-29
10797,2026-05-07
10798,2026-05-08
10799,2026-03-20
10803,2026-03-06
10804,2025-12-08
10807,2026-02-04
10810,2026-02-02
10811,2026-02-09
10812,2026-04-29
10813,2025-12-08
10816,2025-12-30
10817,2025-12-30
10818,2025-12-08
10819,2026-03-31
10820,2026-01-12
10821,2026-05-14
10822,2025-10-06
10825,2025-12-08
10829,2026-05-07
10830,2026-05-06
10831,2026-02-23
10832,2025-12-08
10833,2026-02-09
10834,2026-04-28
10837,2025-12-08
10838,2026-04-17
10840,2026-02-02
10841,2025-12-09
10842,2025-12-08
10843,2026-01-05
10844,2025-12-09
10847,2026-02-09
10848,2026-01-12
10850,2026-05-20
10851,2026-01-06
10852,2026-01-12
10853,2026-01-05
10854,2025-12-09
10855,2025-12-09
10856,2026-04-29
10857,2025-12-09
10859,2026-04-14
10860,2026-01-19
10861,2026-04-29
10865,2025-09-29
10867,2026-04-07
10868,2026-03-20
10870,2026-04-07
10873,2026-02-09
10874,2026-02-25
10875,2026-04-29
10876,2026-03-13
10877,2026-03-27
10878,2026-04-07
10879,2026-04-30
10880,2026-03-06
10881,2026-02-02
10882,2026-01-05
10883,2026-01-05
10884,2026-04-07
10886,2026-03-06
10890,2026-04-21
10893,2026-04-07
10894,2026-03-31
10899,2026-04-16
10900,2025-12-09
10901,2026-01-05
10902,2026-01-05
10903,2026-01-19
10904,2026-04-21
10906,2026-01-12
10908,2026-03-20
10911,2026-01-05
10912,2026-01-05
10914,2026-02-03
10915,2025-12-22
10916,2026-01-05
10917,2026-01-06
10918,2025-12-23
10920,2025-12-09
10922,2025-12-09
10923,2026-01-05
10924,2026-04-30
10925,2026-05-21
10927,2025-12-09
10930,2026-01-12
10942,2026-03-31
10943,2026-04-21
10945,2025-09-29
10947,2026-05-20
10951,2025-09-23
10958,2025-12-09
10963,2026-02-10
10965,2026-01-12
10966,2026-03-31
10971,2025-12-23
10972,2026-04-07
10973,2025-12-09
10974,2026-01-05
10975,2026-01-05
10978,2025-12-23
10979,2025-12-15
10980,2025-12-15
10983,2025-12-15
10984,2026-03-06
10985,2025-11-24
10989,2026-02-16
10992,2025-12-16
10993,2025-12-16
10994,2025-12-16
10997,2026-03-20
10998,2026-01-12
11000,2026-02-03
11001,2026-03-27
11002,2025-12-22
11003,2026-04-10
11004,2025-09-29
11007,2026-02-11
11010,2026-05-06
11012,2026-03-13
11014,2025-09-29
11015,2025-09-01
11016,2026-02-03
11018,2025-12-22
11019,2025-12-29
11022,2025-12-29
11024,2025-12-23
11026,2026-01-12
11028,2026-02-23
11030,2026-05-07
11031,2026-02-10
11037,2026-03-13
11038,2026-04-30
11039,2026-04-17
11041,2026-01-12
11044,2025-12-29
11045,2026-04-24
11046,2025-12-22
11047,2026-02-18
11049,2025-09-23
11051,2026-02-02
11053,2026-05-25
11054,2026-02-02
11055,2026-04-29
11057,2025-12-08
11059,2025-12-23
11061,2025-12-23
11065,2025-12-23
11068,2025-11-10
11070,2025-12-22
11071,2025-12-22
11073,2026-04-29
11075,2026-02-10
11076,2026-02-03
11077,2026-04-30
11078,2026-03-06
11079,2026-01-12
11085,2025-09-29
11087,2026-05-06
11089,2026-01-12
11093,2026-04-07
11094,2026-04-30
11096,2025-09-26
11099,2026-05-06
11100,2026-02-23
11101,2026-04-07
11103,2026-04-07
11104,2026-04-07
11105,2026-01-09
11106,2026-04-21
11107,2026-02-02
11108,2026-06-18
11109,2026-04-17
11110,2026-04-21
11111,2026-04-01
11112,2025-08-11
11115,2026-02-09
11118,2026-04-07
11119,2025-07-04
11120,2025-06-12
11121,2026-04-14
11122,2026-02-11
11123,2026-03-27
11125,2026-04-14
11128,2025-08-11
11131,2025-10-15
11132,2026-03-27
11133,2026-02-02
11134,2026-04-28
11135,2025-09-29
11137,2026-04-14
11138,2026-04-21
11145,2026-01-12
11146,2026-01-12
11148,2026-04-07
11149,2026-03-20
11151,2026-04-29
11153,2025-09-29
11154,2026-02-16
11155,2026-05-07
11156,2026-01-05
11157,2026-01-12
11158,2026-02-09
11160,2026-04-30
11163,2026-02-23
11165,2026-03-06
11166,2026-01-12
11168,2026-05-06
11169,2026-02-02
11170,2026-04-07
11172,2026-05-06
11175,2026-02-23
11177,2025-09-29
11178,2026-01-12
11182,2026-05-06
11183,2025-09-23
11186,2026-04-09
11187,2026-05-06
11192,2026-02-16
11193,2026-02-16
11194,2026-01-12
11195,2026-03-27
11196,2026-01-19
11197,2026-05-08
11198,2026-03-06
11199,2026-05-28
11202,2026-05-06
11204,2026-05-14
11206,2026-04-17
11211,2026-03-13
11212,2026-04-29
11213,2025-09-29
11215,2026-04-17
11216,2026-01-12
11217,2026-02-09
11218,2026-01-26
11219,2026-02-16
11220,2026-02-23
11223,2026-03-27
11224,2026-03-03
11225,2026-02-02
11227,2025-09-30
11228,2026-02-23
11232,2026-05-06
11233,2026-01-12
11234,2026-04-14
11237,2026-02-25
11238,2026-03-20
11240,2025-12-29
11242,2026-04-07
11243,2026-05-08
11245,2025-12-23
11247,2025-12-23
11248,2025-12-29
11249,2025-12-23
11252,2025-12-23
11253,2025-12-23
11254,2025-12-23
11256,2026-02-10
11257,2026-02-10
11261,2025-12-30
11262,2025-12-30
11264,2025-09-23
11266,2026-06-18
11272,2026-03-13
11273,2026-03-20
11274,2026-02-11
11275,2025-12-30
11278,2026-03-06
11281,2026-02-10
11282,2026-04-10
11283,2026-04-17
11284,2026-01-12
11285,2026-04-14
11286,2026-02-23
11299,2025-12-30
11300,2026-04-17
11302,2026-04-28
11303,2026-04-30
11304,2026-02-09
11305,2026-02-10
11307,2026-02-10
11309,2026-05-06
11310,2025-12-30
11314,2026-04-14
11315,2026-04-14
11320,2026-04-21
11322,2025-12-30
11323,2025-12-30
11324,2025-12-29
11327,2025-12-29
11336,2025-12-29
11346,2025-12-29
11348,2025-12-29
11351,2026-06-15
11352,2026-03-20
11355,2026-03-13
11357,2026-04-21
11358,2025-12-29
11361,2026-03-06
11362,2026-02-20
11364,2026-03-13
11365,2025-12-10
11366,2025-12-30
11367,2026-03-20
11369,2025-12-30
11370,2026-04-14
11371,2026-02-09
11372,2026-01-12
11373,2026-05-26
11375,2026-04-10
11376,2025-12-29
11377,2026-06-15
11381,2025-08-29
11386,2026-04-14
11388,2025-12-30
11389,2026-02-10
11390,2025-12-30
11393,2026-01-19
11394,2026-01-23
11396,2025-12-30
11397,2026-05-20
11400,2026-04-10
11403,2025-12-30
11404,2026-04-10
11410,2026-01-26
11411,2026-01-12
11412,2026-05-06
11414,2026-02-09
11416,2026-04-07
11417,2026-05-06
11418,2026-01-12
11419,2026-01-26
11421,2026-01-12
11422,2026-01-19
11423,2026-02-09
11424,2026-02-23
11429,2026-01-12
11430,2025-09-23
11431,2026-04-30
11432,2026-04-21
11433,2026-01-28
11434,2026-02-09
11435,2025-12-18
11436,2025-09-23
11437,2025-05-19
11440,2026-03-06
11444,2026-01-12
11446,2026-04-14
11448,2026-04-29
11449,2026-05-28
11451,2025-09-30
11453,2025-12-30
11455,2025-10-06
11458,2026-02-23
11461,2026-05-20
11463,2026-03-31
11464,2026-04-29
11468,2026-05-29
11469,2026-05-06
11470,2025-10-01
11473,2026-02-27
11474,2026-02-10
11475,2026-05-13
11476,2026-05-26
11477,2026-01-19
11478,2025-09-30
11479,2026-04-14
11480,2026-04-14
11483,2026-04-24
11486,2026-02-10
11487,2026-04-07
11490,2026-04-30
11492,2025-12-29
11493,2026-04-10
11494,2026-04-30
11496,2025-12-30
11497,2025-12-30
11501,2026-02-02
11503,2026-03-13
11505,2025-12-30
11508,2025-12-29
11512,2026-04-30
11514,2025-12-30
11515,2025-12-29
11516,2025-12-29
11518,2025-12-29
11522,2025-12-29
11525,2026-01-05
11528,2026-01-05
11530,2025-12-29
11531,2026-01-05
11533,2025-12-29
11536,2026-04-30
11537,2026-04-14
11538,2026-03-31
11540,2025-12-30
11541,2026-01-05
11542,2026-01-05
11545,2025-12-29
11546,2025-12-29
11550,2026-01-05
11551,2025-10-01
11553,2026-04-07
11554,2026-02-11
11555,2026-04-21
11559,2026-04-17
11564,2026-01-19
11566,2026-01-19
11567,2026-01-19
11570,2026-02-25
11571,2026-05-14
11573,2026-04-21
11576,2026-02-10
11579,2026-01-13
11580,2026-02-02
11583,2026-01-06
11585,2025-12-29
11587,2026-05-19
11589,2026-01-05
11590,2026-04-07
11591,2026-01-05
11592,2026-04-17
11593,2026-02-23
11594,2026-04-10
11595,2025-10-06
11596,2026-02-10
11597,2026-01-05
11600,2026-05-06
11601,2026-03-13
11604,2026-05-21
11605,2026-05-12
11610,2026-02-04
11611,2025-09-30
11614,2026-02-09
11615,2025-11-26
11616,2026-01-12
11617,2026-05-08
11618,2026-01-26
11620,2026-05-08
11621,2026-04-14
11622,2026-03-24
11624,2026-03-18
11627,2026-05-07
11628,2026-01-19
11629,2026-01-05
11630,2025-12-29
11634,2026-05-21
11635,2026-04-21
11636,2026-01-05
11638,2026-02-11
11640,2026-02-09
11641,2026-04-29
11642,2026-01-05
11643,2026-01-05
11644,2026-01-06
11646,2026-01-06
11647,2025-12-29
11650,2026-01-06
11651,2026-01-13
11657,2026-04-07
11658,2026-01-12
11660,2026-02-09
11661,2026-05-07
11662,2026-04-17
11663,2025-10-14
11664,2026-03-27
11666,2026-02-02
11668,2026-05-12
11669,2026-05-07
11670,2026-02-10
11671,2026-01-12
11675,2026-01-12
11676,2026-01-12
11677,2026-01-12
11678,2026-01-13
11682,2026-03-24
11688,2025-12-15
11689,2026-02-09
11691,2026-02-02
11693,2026-05-22
11695,2026-05-06
11697,2025-12-15
11699,2026-03-13
11700,2026-01-12
11701,2026-04-07
11702,2026-04-28
11705,2026-05-08
11706,2026-05-22
11708,2026-05-07
11709,2026-05-19
11710,2026-02-02
11717,2025-12-15
11718,2026-04-17
11723,2026-02-16
11724,2026-02-16
11726,2026-05-12
11727,2026-02-16
11728,2026-04-28
11731,2026-01-12
11733,2026-02-09
11734,2026-02-09
11740,2026-02-09
11741,2026-01-13
11748,2026-05-15
11750,2025-10-21
11751,2026-05-12
11754,2026-05-12
11755,2026-03-11
11758,2026-05-19
11760,2026-03-03
11761,2025-05-19
11764,2026-02-02
11766,2026-02-09
11770,2026-04-10
11773,2025-10-08
11774,2026-05-12
11776,2026-01-12
11777,2026-05-25
11779,2026-01-12
11780,2026-04-07
11782,2026-04-28
11787,2026-03-16
11788,2026-02-25
11789,2026-05-12
11791,2026-05-08
11792,2026-03-23
11797,2026-03-23
11798,2026-03-09
11805,2026-04-07
11809,2025-10-22
11814,2026-05-12
11817,2026-04-28
11818,2026-01-26
11821,2026-05-08
11824,2026-02-16
11826,2025-08-20
11827,2025-10-14
11828,2026-04-28
11829,2026-03-18
11830,2026-02-23
11831,2026-03-23
11832,2026-03-02
11838,2026-05-12
11839,2026-02-09
11840,2026-04-07
11841,2026-05-05
11842,2026-03-04
11843,2026-03-30
11847,2026-04-24
11848,2026-05-12
11849,2025-12-15
11850,2025-12-15
11853,2026-05-15
11856,2026-01-12
11858,2026-01-26
11859,2026-01-26
11860,2026-01-27
11861,2026-01-27
11862,2026-01-27
11865,2026-01-27
11866,2026-01-12
11867,2026-01-12
11870,2026-01-27
11872,2026-01-12
11873,2026-01-12
11875,2026-01-27
11877,2026-01-12
11879,2026-05-25
11880,2026-02-02
11882,2026-05-19
11883,2026-04-21
11889,2026-05-12
11890,2026-03-23
11893,2026-03-16
11895,2026-02-09
11899,2026-04-07
11900,2026-03-23
11908,2026-03-10
11913,2026-05-22
11917,2026-02-03
11921,2026-02-16
11923,2026-02-23
11926,2026-05-12
11928,2025-09-12
11929,2025-11-26
11931,2026-05-12
11932,2026-05-22
11934,2025-10-15
11935,2026-05-12
11939,2025-12-15
11941,2026-03-23
11942,2026-05-26
11943,2026-05-12
11944,2025-12-22
11945,2026-01-13
11948,2026-01-26
11949,2026-05-22
11950,2026-02-09
11951,2026-03-09
11958,2026-02-23
11960,2026-05-15
11961,2026-01-26
11962,2026-01-13
11963,2026-03-02
11964,2025-10-09
11976,2026-02-09
11978,2026-05-12
11980,2026-04-14
11982,2026-03-16
11985,2026-03-16
11990,2026-02-16
11993,2025-10-15
11995,2026-01-27
11996,2026-03-23
11998,2026-04-10
12005,2026-03-23
12011,2026-03-24
12014,2025-12-15
12016,2026-01-13
12019,2026-05-12
12022,2026-05-15
12024,2026-03-23
12027,2026-03-24
12029,2026-01-27
12032,2026-01-27
12034,2026-02-09
12035,2025-10-21
12037,2026-04-14
12040,2026-04-07
12043,2026-01-26
12044,2026-04-14
12045,2026-01-26
12046,2026-03-17
12047,2026-03-24
12054,2026-04-10
12058,2026-01-26
12059,2026-01-26
12062,2025-12-15
12063,2026-01-26
12064,2026-01-13
12066,2026-01-27
12072,2025-10-15
12073,2026-04-28
12077,2026-01-26
12082,2026-04-14
12084,2026-03-16
12086,2026-03-24
12087,2026-06-25
12088,2026-04-14
12091,2025-11-07
12092,2026-01-13
12093,2026-01-26
12094,2026-01-13
12095,2026-03-02
12096,2026-03-09
12098,2026-05-19
12100,2026-03-02
12102,2026-03-09
12103,2025-11-24
12104,2025-11-14
12105,2026-03-02
12110,2026-03-18
12111,2026-03-17
12112,2026-04-01
12113,2026-04-24
12115,2026-03-18
12117,2026-01-13
12119,2026-03-10
12120,2026-03-16
12124,2026-05-08
12126,2026-04-21
12127,2026-03-10
12130,2026-01-27
12131,2026-01-26
12132,2026-04-17
12138,2026-02-09
12144,2026-01-27
12151,2026-05-08
12153,2026-01-27
12154,2026-01-26
12155,2026-01-13
12156,2026-01-26
12157,2026-01-26
12158,2026-01-27
12159,2026-05-08
12162,2026-01-26
12168,2026-04-21
12173,2026-04-28
12175,2026-04-21
12177,2026-01-13
12178,2026-01-26
12179,2026-05-12
12180,2026-01-26
12181,2026-01-27
12182,2026-04-21
12185,2026-05-19
12186,2026-04-07
12187,2026-05-05
12188,2026-01-27
12190,2026-01-26
12192,2026-02-02
12195,2026-02-09
12196,2026-03-23
12198,2026-04-28
12199,2026-05-12
12201,2025-10-07
12203,2026-05-12
12204,2026-04-21
12205,2026-01-13
12206,2026-01-13
12207,2026-01-27
12208,2026-01-13
12209,2026-01-27
12218,2026-01-06
12220,2025-10-07
12221,2026-04-07
12222,2025-08-13
12223,2026-03-09
12224,2026-03-02
12226,2026-05-08
12229,2026-04-07
12238,2026-04-14
12239,2025-10-07
12240,2026-01-13
12241,2026-01-13
12245,2025-11-26
12247,2026-05-05
12248,2026-03-23
12249,2025-11-07
12250,2025-07-18
12252,2025-12-05
12254,2026-05-12
12257,2026-02-23
12258,2026-05-12
12262,2026-02-09
12263,2026-05-22
12264,2026-01-13
12268,2026-05-05
12273,2026-02-02
12274,2026-05-12
12275,2026-02-16
12278,2026-03-09
12280,2026-05-08
12287,2026-04-07
12288,2026-02-09
12293,2025-11-26
12295,2025-06-16
12296,2025-10-28
12297,2026-01-27
12300,2026-01-13
12302,2026-01-13
12305,2026-01-21
12306,2026-01-13
12307,2026-05-12
12309,2025-10-27
12310,2025-06-27
12311,2026-02-09
12313,2026-01-09
12316,2025-11-17
12317,2026-01-13
12319,2026-04-14
12320,2026-05-12
12321,2025-10-10
12322,2026-03-23
12323,2026-01-27
12325,2026-01-13
12327,2026-01-19
12328,2026-01-19
12329,2026-01-19
12330,2026-03-16
12335,2026-03-23
12336,2026-05-12
12342,2026-04-28
12343,2026-03-09
12345,2025-11-24
12346,2025-04-28
12347,2026-02-09
12349,2025-07-04
12352,2025-11-26
12353,2026-04-28
12355,2025-09-22
12356,2026-04-09
12358,2026-05-12
12359,2026-05-08
12360,2026-05-19
12364,2026-03-09
12367,2025-10-21
12370,2026-03-16
12371,2026-05-26
12373,2026-01-19
12377,2025-06-25
12380,2026-05-08
12386,2026-05-19
12392,2025-10-07
12395,2026-03-02
12397,2026-01-19
12400,2026-05-12
12401,2026-05-12
12404,2026-03-02
12406,2026-02-16
12409,2026-02-09
12411,2026-01-19
12415,2025-10-20
12416,2026-01-27
12420,2026-01-19
12428,2026-03-24
12429,2025-11-07
12430,2026-02-13
12433,2026-01-19
12436,2026-05-12
12437,2026-05-12
12441,2026-02-16
12448,2026-04-28
12449,2026-05-12
12450,2026-01-19
12453,2025-10-15
12458,2026-02-09
12459,2026-02-23
12460,2026-03-23
12461,2026-03-30
12465,2026-03-16
12466,2026-04-24
12467,2026-04-28
12469,2026-02-23
12474,2025-10-15
12475,2026-03-09
12476,2026-03-30
12477,2026-04-07
12480,2026-02-09
12481,2026-05-12
12482,2026-05-19
12483,2026-05-25
12485,2025-12-15
12486,2026-01-19
12488,2026-04-28
12490,2026-04-07
12493,2026-05-05
12494,2026-04-07
12496,2026-05-12
12498,2026-02-03
12500,2026-01-19
12501,2026-01-19
12503,2026-01-19
12505,2026-02-09
12508,2026-01-19
12513,2026-05-19
12514,2025-10-15
12516,2026-03-10
12518,2026-04-14
12519,2026-05-08
12521,2026-04-28
12526,2026-05-12
12532,2026-02-02
12533,2026-04-28
12535,2026-03-16
12537,2026-02-09
12538,2026-02-09
12539,2026-02-03
12540,2026-02-09
12542,2026-01-19
12543,2026-02-23
12544,2026-01-19
12547,2026-01-20
12548,2026-01-23
12555,2026-02-23
12558,2026-05-05
12562,2026-01-20
12563,2026-03-16
12564,2026-04-14
12568,2026-05-05
12570,2026-02-02
12571,2025-10-15
12572,2026-05-19
12575,2026-05-15
12576,2025-10-16
12578,2026-02-23
12580,2026-02-02
12582,2026-03-23
12584,2026-03-02
12585,2026-03-30
12586,2026-03-23
12590,2026-04-07
12592,2026-03-16
12594,2026-01-26
12600,2026-03-02
12601,2026-02-09
12602,2026-01-26
12603,2026-03-10
12606,2026-03-02
12609,2026-04-17
12610,2025-10-16
12615,2026-05-15
12621,2026-05-12
12622,2026-01-19
12623,2025-10-07
12624,2026-01-06
12626,2026-02-03
12627,2026-05-19
12628,2025-10-21
12629,2026-03-09
12630,2026-03-23
12635,2026-03-11
12636,2026-02-10
12640,2026-04-30
12642,2026-01-19
12646,2025-09-11
12648,2026-02-09
12652,2026-01-19
12653,2026-02-23
12657,2026-02-23
12659,2026-05-08
12661,2026-02-24
12663,2026-05-19
12665,2026-02-16
12668,2026-02-10
12670,2026-03-24
12673,2026-02-09
12674,2025-10-07
12679,2026-01-19
12682,2026-04-28
12683,2026-01-19
12684,2026-02-09
12685,2025-11-06
12687,2026-04-28
12691,2026-04-10
12693,2026-01-19
12695,2026-03-02
12696,2026-01-19
12698,2026-04-24
12701,2026-02-02
12704,2025-12-17
12705,2026-03-18
12706,2026-03-02
12707,2026-02-10
12709,2026-03-10
12711,2026-03-02
12713,2026-06-22
12715,2026-04-28
12724,2025-11-05
12726,2026-02-02
12731,2026-05-29
12733,2026-01-20
12734,2026-02-02
12737,2026-02-10
12738,2026-02-03
12740,2026-05-15
12743,2026-02-10
12744,2026-03-04
12745,2026-05-29
12747,2026-05-19
12749,2026-05-19
12750,2026-02-02
12752,2026-03-23
12753,2026-05-19
12756,2026-05-29
12757,2026-04-16
12758,2026-01-20
12760,2026-02-09
12761,2026-05-19
12763,2026-05-29
12764,2026-03-02
12767,2026-03-23
12768,2026-02-16
12770,2026-02-18
12772,2026-03-02
12774,2026-05-19
12777,2026-02-09
12778,2026-02-02
12779,2026-05-19
12783,2026-02-10
12784,2026-03-16
12787,2026-03-23
12788,2026-01-20
12789,2026-03-09
12791,2025-12-10
12793,2026-05-19
12795,2025-11-11
12796,2026-02-10
12799,2026-03-09
12801,2026-02-03
12802,2026-03-09
12803,2026-03-09
12804,2026-04-14
12807,2026-05-29
12809,2026-02-17
12814,2026-05-19
12817,2026-04-28
12819,2026-03-16
12820,2026-03-23
12823,2026-05-29
12824,2026-02-03
12826,2026-05-19
12827,2026-03-16
12828,2026-05-19
12829,2026-04-15
12830,2026-05-19
12833,2026-02-10
12834,2026-05-19
12836,2025-11-03
12844,2026-04-14
12845,2026-04-01
12846,2026-03-09
12847,2026-03-09
12848,2026-03-16
12853,2026-02-17
12855,2026-05-19
12856,2026-02-10
12857,2026-02-02
12858,2026-05-19
12863,2026-02-10
12864,2026-05-19
12865,2026-03-16
12866,2026-02-16
12867,2026-05-19
12871,2026-03-23
12872,2026-05-19
12873,2026-03-09
12874,2026-02-16
12875,2026-05-19
12879,2026-02-10
12880,2026-03-09
12886,2025-11-25
12887,2026-05-25
12889,2026-05-19
12890,2026-05-19
12895,2026-03-16
12896,2026-03-23
12899,2026-05-19
12900,2026-02-24
12903,2026-02-16
12909,2026-03-09
12910,2026-03-23
12912,2026-03-09
12914,2026-03-25
12917,2026-02-10
12919,2026-03-16
12921,2026-02-02
12922,2026-03-09
12923,2026-03-31
12924,2026-03-02
12925,2026-02-24
12928,2026-05-19
12930,2026-05-29
12932,2026-05-19
12933,2026-02-03
12934,2026-05-29
12935,2026-03-16
12939,2026-05-19
12941,2025-11-11
12945,2026-02-16
12946,2026-02-10
12949,2025-11-06
12951,2026-05-08
12954,2026-03-23
12955,2026-05-19
12958,2026-05-19
12962,2026-05-19
12963,2026-02-17
12967,2026-02-16
12972,2026-02-10
12973,2026-03-23
12975,2026-05-19
12977,2026-05-19
12983,2026-03-03
12984,2026-03-23
12985,2026-05-19
12986,2026-03-09
12987,2026-03-02
12989,2026-02-16
12991,2026-05-19
12994,2026-05-29
12995,2026-05-29
12996,2026-03-02
12999,2026-02-16
13002,2026-03-09
13005,2026-03-25
13006,2025-11-11
13007,2025-11-24
13008,2026-02-17
13014,2026-02-24
13015,2026-02-03
13016,2026-02-10
13018,2025-11-25
13020,2026-03-23
13021,2026-05-19
13022,2026-03-02
13025,2026-05-19
13027,2026-03-09
13028,2026-04-08
13029,2026-05-22
13030,2026-03-02
13033,2026-05-19
13037,2026-03-24
13038,2026-02-23
13039,2026-02-03
13040,2026-03-11
13045,2026-03-23
13046,2026-01-20
13049,2026-03-02
13050,2026-03-23
13053,2026-05-19
13054,2026-03-16
13055,2026-05-19
13058,2026-05-19
13066,2026-03-02
13067,2026-03-16
13068,2026-05-19
13070,2026-02-23
13071,2026-02-17
13072,2026-02-03
13073,2026-05-19
13074,2026-03-02
13075,2026-01-13
13076,2026-03-03
13077,2026-05-19
13079,2026-03-16
13080,2026-05-19
13082,2026-03-16
13085,2026-02-23
13087,2026-02-18
13090,2026-02-06
13091,2026-03-23
13096,2026-01-20
13098,2026-03-23
13100,2026-04-28
13101,2026-03-23
13102,2026-03-02
13105,2026-02-10
13106,2026-02-09
13107,2026-02-16
13108,2026-05-19
13111,2026-03-24
13112,2025-11-11
13113,2026-05-19
13114,2026-05-29
13116,2026-02-10
13117,2026-05-29
13119,2026-05-22
13120,2026-05-19
13121,2026-05-19
13122,2026-02-10
13124,2026-05-29
13126,2026-05-19
13127,2026-03-09
13128,2026-02-10
13129,2026-05-29
13130,2026-03-09
13133,2025-11-11
13134,2026-02-10
13136,2026-03-02
13139,2026-05-29
13141,2026-03-02
13145,2026-04-13
13147,2026-02-03
13150,2025-11-11
13152,2026-03-05
13154,2026-04-13
13155,2026-05-19
13159,2026-02-02
13161,2026-01-15
13163,2026-03-02
13164,2026-03-09
13166,2026-04-08
13169,2026-04-08
13170,2025-11-03
13171,2026-05-19
13172,2025-10-20
13173,2026-02-10
13176,2025-10-27
13178,2025-10-21
13179,2026-04-22
13180,2026-05-11
13181,2026-03-02
13182,2026-02-17
13183,2026-03-02
13185,2026-04-13
13187,2026-04-21
13189,2026-02-18
13191,2026-03-02
13194,2026-04-01
13198,2026-02-02
13200,2026-02-02
13201,2026-02-16
13206,2026-03-09
13207,2026-04-14
13208,2026-02-10
13211,2026-03-03
13214,2025-11-11
13219,2026-02-16
13221,2026-04-21
13222,2026-03-13
13224,2026-02-18
13226,2026-03-02
13229,2026-05-12
13230,2026-03-31
13233,2026-02-09
13234,2026-05-19
13237,2026-02-03
13238,2026-05-19
13240,2026-02-10
13242,2026-02-17
13243,2026-04-07
13244,2026-02-23
13246,2026-03-23
13247,2026-05-19
13249,2025-10-29
13252,2026-05-19
13254,2026-05-19
13255,2026-05-19
13257,2026-05-19
13260,2025-11-05
13261,2026-02-10
13262,2026-05-19
13263,2026-03-30
13266,2026-05-19
13269,2026-05-19
13270,2025-12-05
13272,2026-05-19
13273,2026-05-29
13275,2026-02-17
13276,2026-04-20
13277,2026-05-29
13279,2026-04-21
13280,2026-04-06
13281,2026-05-19
13282,2026-04-20
13284,2025-12-18
13286,2026-02-23
13289,2026-03-16
13292,2026-05-29
13294,2025-11-11
13295,2026-03-09
13297,2026-03-23
13298,2026-05-19
13300,2026-05-19
13302,2026-03-09
13304,2026-02-24
13305,2026-05-29
13306,2026-03-09
13311,2026-05-29
13315,2026-03-02
13318,2026-05-29
13320,2026-05-19
13322,2025-11-05
13323,2026-03-30
13324,2025-11-24
13327,2026-04-20
13330,2026-05-19
13333,2026-02-10
13335,2026-03-16
13336,2026-05-29
13337,2026-05-19
13340,2026-02-23
13341,2026-02-24
13342,2026-02-23
13344,2026-04-22
13350,2026-03-30
13352,2026-03-16
13355,2026-05-19
13356,2026-05-29
13361,2026-05-25
13362,2026-04-27
13363,2026-02-24
13364,2026-02-16
13366,2026-05-11
13367,2026-04-20
13369,2026-03-09
13370,2026-02-23
13371,2026-04-13
13372,2026-05-19
13374,2026-04-06
13377,2026-05-19
13378,2026-04-20
13380,2026-03-16
13381,2025-09-08
13383,2026-02-18
13385,2026-05-19
13387,2026-03-17
13388,2026-05-29
13390,2025-11-11
13392,2026-05-29
13393,2026-03-02
13394,2025-12-05
13400,2026-05-19
13401,2026-05-29
13404,2026-05-19
13410,2026-02-16
13411,2026-02-24
13413,2026-05-29
13416,2026-03-09
13421,2026-02-23
13423,2026-02-16
13425,2026-04-06
13427,2026-04-06
13428,2026-05-29
13430,2026-05-19
13431,2026-04-13
13432,2026-02-17
13433,2026-02-16
13434,2026-03-23
13435,2026-03-16
13437,2025-11-11
13443,2026-02-16
13447,2026-04-13
13448,2026-05-29
13450,2026-05-29
13451,2026-06-02
13452,2026-04-27
13453,2026-05-19
13454,2026-04-20
13455,2026-02-16
13457,2026-03-23
13458,2026-05-29
13459,2026-04-14
13460,2025-11-05
13463,2026-03-23
13464,2026-05-19
13465,2026-05-19
13468,2026-02-09
13470,2026-03-02
13472,2026-03-16
13473,2026-04-06
13480,2026-05-19
13485,2026-05-29
13487,2026-05-11
13488,2026-03-16
13489,2025-11-12
13491,2026-02-24
13494,2026-03-02
13496,2026-03-31
13498,2026-04-13
13501,2026-04-20
13502,2026-05-29
13503,2026-02-09
13506,2026-02-02
13508,2026-03-03
13510,2026-03-24
13511,2026-03-10
13513,2026-03-02
13521,2026-03-02
13522,2026-02-02
13523,2026-05-19
13526,2026-04-20
13527,2026-02-09
13528,2026-05-19
13532,2026-04-06
13539,2025-11-05
13540,2026-03-05
13543,2026-05-08
13544,2026-04-22
13545,2026-02-02
13546,2026-02-09
13547,2026-02-03
13548,2026-05-19
13551,2026-02-16
13552,2026-03-02
13553,2026-02-02
13555,2026-04-20
13556,2026-04-20
13557,2026-04-06
13558,2025-12-15
13559,2026-05-08
13560,2026-02-16
13561,2026-04-20
13565,2025-06-26
13567,2026-05-08
13568,2026-03-17
13569,2026-03-02
13572,2026-04-20
13573,2025-11-11
13574,2026-01-05
13575,2026-04-20
13576,2026-04-13
13577,2026-04-20
13580,2026-04-06
13582,2026-05-15
13583,2026-04-20
13584,2026-04-20
13585,2025-11-12
13586,2026-04-24
13589,2026-04-21
13590,2026-03-17
13591,2026-04-20
13592,2026-04-13
13593,2026-03-16
13595,2026-03-16
13596,2026-04-13
13599,2025-11-10
13600,2026-05-08
13601,2026-03-24
13602,2026-03-30
13605,2026-05-15
13606,2026-05-08
13608,2026-04-06
13609,2026-02-16
13610,2025-11-24
13612,2026-03-09
13613,2026-03-23
13614,2026-03-10
13615,2025-11-24
13617,2026-04-20
13618,2026-04-22
13620,2026-03-16
13621,2026-03-24
13622,2026-03-24
13623,2026-04-27
13624,2026-04-07
13625,2026-03-16
13626,2026-03-09
13630,2026-04-20
13632,2026-03-30
13633,2026-03-16
13637,2025-11-20
13639,2026-05-15
13640,2026-05-08
13647,2026-03-17
13648,2026-03-23
13650,2026-05-19
13651,2026-06-11
13652,2026-04-14
13657,2026-04-06
13658,2026-04-06
13660,2026-05-15
13661,2026-03-23
13662,2026-03-30
13664,2026-04-20
13665,2025-11-20
13666,2026-03-17
13667,2025-09-17
13671,2026-04-06
13676,2026-04-13
13677,2026-03-30
13679,2025-12-02
13681,2026-03-24
13682,2026-05-08
13683,2026-03-23
13687,2026-03-24
13688,2026-04-13
13690,2026-06-11
13693,2026-02-23
13696,2026-03-23
13697,2026-02-02
13698,2026-04-08
13699,2026-03-17
13702,2026-03-09
13703,2026-04-13
13706,2026-04-06
13707,2026-03-31
13708,2026-04-13
13709,2026-03-24
13712,2026-03-30
13714,2026-03-23
13717,2026-05-13
13718,2026-03-09
13721,2026-03-31
13724,2026-05-15
13725,2026-02-03
13727,2026-04-06
13728,2026-04-08
13730,2026-04-13
13731,2026-05-08
13733,2026-03-03
13734,2026-05-08
13736,2026-04-06
13738,2026-04-20
13739,2026-04-07
13740,2025-12-02
13743,2025-11-20
13745,2025-11-11
13747,2026-03-30
13749,2026-03-31
13750,2025-12-02
13751,2026-05-11
13752,2026-04-13
13753,2026-03-30
13756,2026-05-11
13757,2026-04-06
13759,2025-12-04
13765,2026-05-15
13766,2026-03-10
13768,2026-04-14
13773,2026-05-08
13776,2026-05-08
13778,2025-10-29
13780,2026-04-13
13781,2026-03-30
13782,2025-12-04
13784,2026-05-08
13785,2026-04-01
13786,2026-03-03
13787,2026-03-30
13790,2026-06-05
13792,2025-12-04
13795,2026-05-08
13799,2026-03-09
13803,2026-03-16
13805,2026-05-11
13807,2026-03-10
13811,2025-12-02
13812,2026-04-13
13813,2026-04-13
13816,2025-12-02
13817,2026-05-08
13818,2026-05-08
13819,2026-03-03
13820,2026-04-01
13821,2026-03-02
13823,2026-03-16
13825,2026-04-20
13828,2025-11-25
13830,2026-03-10
13831,2025-12-02
13832,2026-04-20
13833,2026-03-17
13834,2026-04-20
13835,2026-05-25
13837,2025-11-25
13839,2026-02-16
13840,2026-03-23
13841,2026-04-06
13842,2026-03-30
13843,2026-04-08
13846,2026-03-17
13848,2026-03-02
13849,2025-12-02
13850,2026-04-20
13851,2026-04-20
13853,2025-11-26
13854,2026-04-20
13857,2026-04-13
13860,2026-05-15
13861,2026-03-16
13862,2025-12-02
13863,2026-04-20
13864,2026-04-20
13865,2025-11-07
13866,2026-02-02
13867,2026-04-06
13868,2026-04-06
13872,2025-11-26
13873,2026-04-13
13874,2026-04-14
13875,2026-04-27
13880,2026-05-04
13881,2026-04-13
13882,2026-04-06
13887,2026-03-24
13890,2026-03-09
13891,2026-04-20
13894,2026-05-19
13896,2026-03-17
13901,2026-05-04
13904,2025-12-02
13905,2026-04-13
13906,2026-05-04
13910,2026-03-30
13911,2026-03-17
13912,2026-05-04
13914,2025-11-26
13916,2026-05-25
13917,2025-11-03
13919,2026-04-13
13920,2026-04-20
13921,2026-04-27
13922,2025-12-19
13923,2026-04-13
13924,2025-11-25
13925,2026-03-09
13927,2026-05-15
13929,2026-05-15
13930,2026-05-25
13932,2026-04-27
13934,2025-12-02
13936,2026-03-23
13937,2026-05-29
13938,2025-12-23
13939,2026-03-30
13952,2026-05-08
13960,2026-03-10
13962,2025-10-17
13964,2025-10-20
13968,2026-05-25
13969,2026-03-23
13970,2026-05-08
13971,2026-03-30
13973,2026-05-04
13974,2025-12-19
13976,2025-11-24
13984,2026-04-06
13986,2026-05-04
13987,2026-05-08
13989,2026-04-13
13992,2026-04-27
13993,2026-03-10
13994,2026-03-16
13997,2026-03-09
14000,2026-05-08
14001,2026-03-24
14005,2026-04-08
14010,2026-05-25
14012,2026-02-09
14013,2026-03-16
14015,2026-03-16
14016,2026-05-04
14022,2026-05-15
14023,2026-04-27
14027,2025-12-02
14029,2026-04-20
14031,2026-04-06
14033,2026-03-23
14034,2026-04-06
14035,2026-04-22
14036,2026-03-30
14039,2026-04-13
14041,2025-12-02
14042,2025-11-12
14044,2025-12-02
14046,2026-04-06
14048,2026-03-03
14053,2026-03-17
14055,2026-05-08
14058,2026-02-12
14060,2026-05-08
14061,2026-03-23
14062,2026-03-24
14063,2025-12-02
14064,2026-05-15
14066,2026-04-20
14067,2026-02-17
14069,2026-03-30
14070,2026-03-30
14075,2026-03-16
14076,2026-04-06
14079,2026-05-15
14083,2026-03-31
14085,2026-05-12
14087,2026-04-06
14088,2026-05-04
14090,2026-05-08
14091,2026-05-08
14093,2026-05-04
14096,2026-04-06
14103,2026-03-30
14105,2026-04-20
14107,2026-05-04
14108,2026-05-15
14110,2026-05-04
14111,2026-03-03
14112,2026-03-30
14115,2026-03-24
14118,2026-04-20
14119,2025-10-16
14120,2025-12-02
14122,2025-12-02
14123,2026-05-18
14125,2026-04-06
14129,2026-04-27
14141,2025-12-02
14145,2026-05-04
14147,2026-03-30
14149,2026-03-09
14152,2026-04-27
14154,2026-05-08
14156,2026-04-20
14159,2026-03-24
14160,2025-12-19
14161,2026-03-30
14163,2026-03-24
14165,2025-12-02
14168,2026-03-09
14169,2026-03-03
14172,2026-05-04
14173,2026-05-08
14175,2026-02-16
14176,2025-11-12
14177,2026-05-04
14178,2026-04-06
14179,2026-03-17
14181,2025-11-10
14183,2025-10-13
14184,2026-03-10
14187,2026-05-15
14189,2026-04-13
14192,2026-04-27
14194,2026-05-04
14195,2026-04-28
14196,2026-05-19
14201,2026-05-15
14205,2026-04-20
14210,2026-03-02
14211,2026-03-17
14213,2026-05-25
14217,2025-12-17
14218,2026-04-28
14219,2025-12-17
14220,2026-04-27
14221,2026-03-10
14222,2026-04-06
14223,2025-12-17
14226,2026-03-23
14227,2026-03-17
14229,2026-03-23
14233,2026-03-24
14234,2026-03-09
14235,2025-12-02
14237,2026-04-20
14241,2026-04-14
14245,2025-12-23
14247,2026-04-07
14255,2026-03-16
14256,2026-04-14
14257,2026-02-02
14260,2026-04-10
14262,2026-03-03
14265,2026-03-09
14266,2026-03-03
14268,2026-05-18
14270,2026-04-14
14273,2026-03-20
14274,2026-05-12
14276,2026-05-04
14277,2026-05-04
14278,2026-04-17
14279,2026-03-30
14280,2025-12-16
14281,2025-12-16
14286,2026-04-27
14287,2026-04-21
14288,2026-04-14
14289,2026-03-31
14290,2026-04-10
14291,2026-04-07
14292,2025-12-15
14293,2026-04-14
14294,2026-05-08
14295,2026-05-04
14296,2025-12-16
14297,2025-12-23
14298,2026-05-04
14299,2026-04-27
14301,2026-03-16
14303,2026-05-11
14304,2026-03-10
14307,2026-04-14
14308,2026-04-14
14309,2026-04-17
14311,2026-03-17
14312,2026-04-20
14315,2026-04-29
14317,2026-04-13
14319,2026-04-14
14320,2026-04-24
14324,2026-03-16
14325,2026-04-14
14326,2026-05-04
14327,2025-12-17
14329,2026-04-06
14330,2026-05-11
14331,2025-12-16
14333,2026-04-06
14335,2025-12-02
14337,2026-03-24
14338,2025-12-17
14340,2025-12-17
14341,2026-05-05
14342,2026-04-10
14346,2025-12-02
14347,2026-02-09
14349,2026-05-11
14351,2026-03-16
14354,2026-04-14
14355,2026-05-18
14356,2026-04-10
14357,2026-03-10
14359,2026-04-07
14361,2026-05-06
14363,2026-04-17
14365,2025-12-16
14366,2026-03-16
14367,2026-03-10
14370,2025-12-16
14371,2026-05-04
14374,2026-04-13
14375,2026-04-07
14382,2026-04-27
14384,2026-03-10
14385,2026-05-25
14387,2026-05-05
14388,2026-03-16
14389,2026-03-31
14392,2026-04-29
14394,2026-05-11
14399,2026-05-20
14401,2026-05-11
14403,2026-03-10
14404,2026-04-14
14405,2026-05-11
14407,2025-12-16
14411,2025-12-16
14412,2026-04-13
14413,2026-03-03
14414,2026-05-18
14415,2025-12-16
14416,2026-03-24
14421,2026-05-18
14427,2026-04-29
14431,2025-12-16
14432,2026-03-10
14434,2026-04-06
14435,2026-04-21
14437,2025-12-17
14439,2026-05-11
14440,2025-12-16
14441,2026-05-11
14443,2026-03-23
14445,2026-06-10
14446,2025-12-16
14447,2026-05-11
14448,2026-04-27
14449,2026-05-04
14450,2026-03-30
14451,2026-04-14
14454,2026-03-23
14457,2026-05-11
14459,2026-04-06
14463,2025-12-17
14464,2026-04-14
14465,2026-05-11
14470,2026-05-06
14472,2026-04-27
14474,2026-04-14
14476,2026-04-06
14477,2026-05-04
14478,2026-03-17
14480,2026-03-30
14482,2026-04-06
14485,2025-12-10
14489,2026-03-23
14492,2026-04-20
14495,2026-05-11
14501,2026-05-11
14514,2026-05-11
14520,2026-05-05
14521,2025-12-16
14523,2026-05-11
14524,2026-04-10
14529,2025-12-17
14530,2026-05-04
14532,2026-05-11
14533,2025-12-22
14535,2025-12-10
14536,2026-03-30
14539,2026-05-11
14540,2026-03-16
14553,2025-12-10
14555,2026-04-13
14556,2026-04-06
14557,2025-12-17
14559,2026-04-07
14560,2026-05-11
14564,2026-04-27
14565,2025-12-10
14567,2025-12-10
14568,2026-05-11
14571,2025-12-17
14572,2026-05-11
14576,2025-12-17
14577,2026-05-19
14578,2026-05-25
14579,2025-12-10
14580,2025-11-10
14581,2026-05-04
14582,2025-12-10
14585,2026-04-28
14586,2026-05-25
14587,2025-12-17
14589,2026-05-06
14590,2025-12-10
14591,2026-04-06
14595,2026-04-21
14597,2025-12-10
14600,2026-03-10
14602,2026-03-30
14603,2025-12-10
14612,2026-05-05
14613,2026-04-21
14614,2026-03-03
14615,2026-05-04
14621,2026-05-11
14623,2026-04-06
14624,2025-12-17
14628,2026-05-11
14629,2026-05-11
14630,2025-12-22
14631,2026-03-17
14632,2026-04-27
14633,2025-11-10
14636,2026-06-25
14640,2026-03-23
14642,2026-05-11
14644,2026-05-11
14645,2026-05-25
14647,2026-05-12
14652,2026-05-11
14659,2026-03-09
14661,2025-12-15
14665,2026-05-15
14666,2026-03-03
14667,2025-12-15
14668,2026-05-11
14671,2025-12-11
14672,2026-03-31
14676,2026-05-05
14680,2025-12-22
14681,2026-05-11
14683,2025-12-22
14685,2026-03-16
14690,2026-04-13
14691,2026-04-20
14696,2026-04-14
14699,2026-05-11
14700,2025-12-11
14702,2026-02-12
14704,2026-05-05
14705,2026-04-14
14706,2026-04-29
14708,2026-01-26
14709,2026-05-04
14710,2026-03-30
14717,2026-04-14
14720,2026-04-06
14721,2026-04-06
14722,2026-04-29
14724,2026-03-03
14726,2026-05-04
14729,2025-12-18
14731,2025-12-11
14734,2026-03-24
14735,2025-12-22
14738,2026-03-17
14741,2026-05-11
14742,2026-04-20
14744,2026-03-16
14745,2026-03-30
14747,2026-03-17
14748,2026-04-28
14749,2026-03-16
14752,2026-04-27
14753,2026-03-13
14754,2025-12-22
14757,2026-04-13
14762,2026-03-23
14764,2026-05-11
14765,2026-04-27
14768,2026-05-11
14770,2025-12-22
14772,2026-04-27
14776,2025-12-22
14777,2025-12-23
14779,2025-12-23
14781,2026-03-17
14783,2025-12-23
14786,2026-04-27
14790,2026-05-04
14792,2025-12-23
14795,2026-03-09
14796,2026-04-07
14797,2025-12-23
14799,2026-04-28
14802,2026-04-06
14803,2026-03-31
14805,2026-05-11
14807,2026-03-16
14809,2026-04-14
14810,2026-04-06
14811,2026-04-06
14812,2026-03-09
14818,2025-12-23
14825,2026-04-16
14827,2026-05-12
14828,2025-12-23
14833,2025-12-22
14835,2026-05-18
14836,2026-05-11
14837,2026-03-30
14838,2026-03-30
14847,2025-12-23
14857,2026-04-21
14860,2025-12-22
14865,2026-04-27
14867,2026-05-25
14868,2026-04-27
14871,2026-04-07
14877,2025-12-22
14878,2025-12-23
14885,2025-12-23
14886,2026-04-27
14887,2026-04-06
14891,2026-04-21
14892,2026-05-25
14895,2025-12-22
14897,2026-04-27
14901,2026-04-14
14902,2026-04-20
14904,2026-03-09
14912,2026-04-27
14917,2026-05-06
14919,2025-12-23
14920,2026-03-17
14922,2026-05-11
14928,2025-12-17
14931,2025-12-23
14933,2026-04-07
14934,2026-03-16
14936,2026-05-25
14941,2026-03-09
14943,2025-12-24
14945,2026-04-27
14946,2025-12-22
14950,2026-03-23
14955,2026-04-06
14956,2026-04-07
14958,2026-04-20
14962,2026-03-30
14963,2026-04-14
14964,2026-04-07
14971,2026-04-14
14972,2026-04-21
14973,2026-04-07
14978,2026-04-07
14982,2026-04-27
14986,2025-12-17
14988,2026-03-31
14989,2025-12-23
14991,2026-04-28
14992,2026-04-28
14993,2025-12-23
14996,2026-04-21
14997,2025-12-30
15000,2025-12-24
15007,2026-04-20
15008,2026-04-21
15010,2026-04-14
15011,2025-12-24
15014,2025-12-30
15015,2025-12-31
15017,2026-05-26
15019,2025-12-30
15022,2025-12-30
15026,2026-04-14
15027,2026-04-06
15034,2026-03-30
15037,2025-12-30
15040,2026-03-30
15045,2026-04-14
15048,2025-12-30
15050,2025-12-17
15059,2026-04-20
15063,2025-12-17
15064,2026-03-31
15067,2026-04-20
15071,2025-12-30
15072,2026-01-19
15074,2026-04-06
15075,2025-12-17
15076,2025-12-30
15082,2026-04-14
15083,2025-12-30
15084,2025-12-30
15086,2025-12-30
15088,2025-12-17
15093,2026-04-07
15100,2026-03-31
15119,2026-03-30
15124,2026-03-31
15128,2025-12-30
15130,2025-12-17
15131,2026-04-20
15132,2025-12-23
15137,2026-04-21
15139,2026-04-13
15141,2025-12-17
15146,2026-03-09
15147,2025-12-17
15159,2026-04-07
15160,2025-12-30
15161,2025-12-17
15162,2026-04-07
15165,2026-04-20
15171,2026-04-21
15172,2025-12-18
15173,2025-12-30
15176,2025-12-30
15181,2026-04-21
15182,2025-12-10
15183,2026-04-13
15184,2026-04-13
15186,2026-04-20
15189,2026-04-06
15190,2026-03-31
15191,2026-04-07
15195,2025-12-30
15197,2026-04-14
15201,2026-04-20
15203,2026-04-20
15205,2025-12-18
15206,2026-03-31
15208,2026-04-14
15210,2026-04-07
15215,2025-12-30
15216,2025-12-30
15217,2026-03-30
15219,2026-04-14
15225,2025-12-30
15227,2026-04-07
15228,2026-04-06
15230,2026-04-07
15231,2026-03-16
15237,2026-03-31
15238,2025-12-30
15239,2025-12-31
15240,2025-12-31
15241,2025-12-15
15244,2026-03-31
15246,2025-12-31
15249,2026-04-07
15259,2025-12-31
15260,2026-04-14
15261,2025-12-15
15267,2026-04-20
15268,2025-12-31
15269,2026-04-14
15271,2025-12-15
15273,2026-04-27
15282,2026-04-21
15300,2026-05-25
15302,2026-05-11
15303,2026-03-03
15305,2026-05-26
15307,2026-05-05
15308,2026-03-30
15309,2025-12-15
15325,2025-12-31
15328,2025-12-31
15331,2026-05-19
15334,2025-12-31
15345,2025-12-31
15348,2026-04-13
15350,2025-12-15
15352,2025-08-12
15357,2026-05-18
15358,2026-04-21
15359,2026-02-13
15361,2025-12-31
15363,2025-06-17
15364,2025-12-31
15366,2026-04-20
15371,2026-05-25
15374,2026-04-13
15376,2026-04-14
15379,2025-12-15
15382,2025-12-31
15383,2026-03-03
15384,2026-03-03
15385,2025-12-31
15386,2026-04-20
15389,2026-02-03
15390,2026-04-16
15393,2026-05-04
15394,2026-04-27
15395,2026-04-15
15401,2026-03-19
15406,2026-04-27
15407,2026-05-29
15411,2026-04-14
15417,2025-12-31
15419,2026-05-05
15420,2025-12-31
15425,2026-04-09
15429,2025-12-31
15446,2026-04-07
15447,2026-04-20
15448,2026-05-11
15452,2026-04-28
15454,2026-04-13
15460,2026-05-04
15464,2026-04-07
15466,2026-05-05
15467,2026-04-27
15468,2026-05-05
15470,2026-04-27
15474,2026-05-18
15485,2026-03-31
15487,2026-04-27
15492,2025-12-15
15494,2026-01-05
15495,2026-04-20
15498,2026-04-20
15499,2026-01-05
15500,2025-12-16
15506,2026-03-30
15508,2026-04-14
15509,2025-12-16
15512,2026-05-05
15516,2025-12-16
15519,2026-04-21
15522,2026-04-28
15523,2026-04-28
15524,2026-01-05
15526,2026-05-05
15527,2026-01-05
15529,2025-12-16
15535,2026-04-20
15538,2026-02-13
15543,2026-05-19
15554,2026-04-07
15562,2026-05-11
15570,2026-04-14
15571,2026-03-30
15572,2026-01-05
15579,2026-04-21
15580,2026-02-18
15587,2026-01-05
15593,2026-04-15
15597,2026-05-18
15600,2026-05-05
15602,2026-02-25
15603,2026-04-28
15605,2026-05-05
15610,2026-05-04
15613,2026-01-05
15615,2026-04-09
15616,2026-05-05
15619,2026-01-06
15623,2026-04-28
15627,2026-05-11
15632,2026-05-19
15633,2026-05-04
15639,2026-05-04
15640,2026-01-20
15643,2026-02-19
15644,2026-02-24
15645,2026-05-05
15649,2026-04-13
15651,2026-02-16
15654,2026-01-06
15663,2026-02-10
15664,2026-02-16
15668,2026-02-19
15669,2026-04-27
15671,2026-05-11
15673,2026-05-04
15674,2026-04-27
15677,2026-02-24
15678,2026-05-05
15680,2026-02-02
15681,2026-05-04
15692,2026-02-10
15693,2026-04-28
15696,2026-02-24
15698,2026-02-12
15699,2026-02-17
15702,2026-05-12
15703,2026-05-25
15705,2026-05-26
15712,2026-05-05
15713,2026-05-04
15714,2026-02-10
15716,2026-02-09
15720,2026-02-09
15725,2026-05-11
15726,2026-04-28
15735,2026-03-02
15743,2026-04-27
15744,2026-04-28
15745,2026-02-16
15746,2026-02-09
15747,2026-02-17
15750,2026-02-02
15751,2026-02-10
15753,2026-03-30
15754,2026-05-05
15757,2026-02-10
15759,2026-05-25
15761,2026-04-27
15768,2026-05-05
15769,2026-05-11
15770,2026-05-04
15774,2026-03-02
15775,2026-04-27
15780,2026-04-07
15783,2026-02-09
15786,2026-02-02
15787,2026-05-11
15789,2026-04-27
15790,2026-05-05
15791,2026-02-02
15793,2026-02-16
15796,2026-02-10
15797,2025-12-23
15800,2026-02-23
15806,2026-04-27
15807,2026-01-27
15808,2026-03-17
15809,2026-02-09
15810,2026-05-04
15811,2026-04-28
15812,2026-05-04
15815,2026-01-27
15816,2026-05-12
15817,2026-02-02
15821,2026-02-10
15826,2026-04-28
15827,2026-03-02
15829,2026-05-04
15832,2026-05-04
15833,2026-05-05
15834,2026-03-02
15835,2026-02-23
15837,2026-04-28
15838,2026-02-18
15840,2026-02-09
15842,2026-02-09
15843,2026-01-27
15845,2026-02-17
15848,2026-03-03
15849,2026-02-03
15852,2026-02-16
15853,2026-02-16
15854,2026-05-05
15855,2026-05-12
15856,2026-05-11
15860,2026-05-05
15861,2026-05-20
15869,2026-01-19
15870,2026-04-27
15871,2026-02-10
15872,2026-04-17
15873,2026-05-04
15875,2026-02-10
15876,2026-05-12
15881,2026-04-28
15882,2026-05-25
15884,2026-05-04
15887,2026-05-04
15894,2026-05-11
15895,2026-02-06
15897,2025-12-22
15898,2026-05-05
15901,2026-01-27
15902,2026-02-09
15903,2026-05-18
15904,2026-02-18
15905,2026-02-09
15906,2026-02-02
15908,2026-02-10
15910,2026-05-12
15913,2026-02-19
15914,2026-01-26
15915,2026-05-11
15916,2026-05-04
15920,2026-02-09
15927,2026-05-11
15928,2026-01-27
15929,2026-02-24
15930,2026-03-27
15931,2026-04-28
15934,2026-05-11
15936,2026-05-05
15937,2026-05-04
15938,2026-02-09
15939,2026-02-09
15941,2026-05-25
15944,2026-01-06
15945,2026-05-05
15946,2026-02-24
15947,2026-04-28
15952,2026-05-19
15953,2026-02-10
15956,2026-05-12
15958,2026-05-11
15959,2026-02-10
15960,2026-05-11
15963,2026-04-27
15964,2026-05-11
15965,2026-02-16
15968,2026-05-04
15972,2026-05-11
15975,2026-02-24
15976,2026-05-19
15978,2026-02-10
15981,2026-05-05
15982,2026-04-27
15987,2026-05-12
15988,2026-05-11
15992,2026-05-12
15994,2026-05-18
15999,2026-02-09
16002,2026-05-18
16003,2026-05-05
16004,2026-04-07
16005,2026-04-15
16008,2026-05-18
16009,2026-03-30
16014,2026-03-18
16021,2026-03-05
16023,2026-03-10
16025,2026-03-24
16033,2026-04-27
16034,2026-03-19
16041,2026-02-24
16045,2026-03-26
16046,2026-03-18
16049,2026-05-14
16050,2026-04-21
16062,2026-04-14
16068,2026-03-17
16070,2026-04-27
16071,2026-03-16
16080,2025-11-10
16083,2026-03-26
16084,2026-03-10
16085,2026-03-09
16086,2026-03-30
16087,2025-12-22
16089,2026-04-01
16090,2026-05-14
16092,2026-04-22
16094,2026-05-12
16095,2026-05-15
16098,2026-03-11
16102,2026-04-20
16104,2026-04-06
16105,2026-04-21
16109,2026-03-10
16123,2026-03-18
16124,2026-04-15
16130,2026-02-13
16135,2026-05-26
16142,2026-04-21
16145,2026-04-27
16146,2026-04-20
16151,2026-03-30
16153,2026-03-31
16156,2026-04-15
16158,2026-03-12
16163,2026-04-21
16164,2026-03-10
16165,2026-03-10
16166,2026-01-05
16168,2026-04-27
16169,2026-03-03
16171,2026-03-24
16174,2026-03-03
16176,2026-04-07
16188,2026-03-23
16189,2026-03-18
16190,2026-03-05
16191,2026-04-21
16192,2026-04-29
16198,2026-03-10
16199,2025-11-24
16201,2026-04-10
16202,2026-03-09
16206,2026-03-25
16217,2026-05-04
16227,2026-04-15
16234,2026-04-01
16235,2026-04-21
16236,2026-04-06
16242,2026-03-11
16244,2026-04-01
16246,2026-03-12
16252,2026-03-24
16264,2026-04-09
16266,2026-05-19
16267,2026-03-06
16269,2026-05-11
16271,2026-04-16
16275,2026-05-12
16282,2026-04-20
16283,2026-01-05
16286,2026-04-30
16287,2026-05-29
16289,2026-04-16
16290,2026-04-01
16291,2026-03-12
16292,2026-03-09
16293,2026-03-12
16297,2026-03-19
16302,2026-04-21
16304,2026-03-04
16305,2026-04-16
16306,2026-03-05
16311,2026-05-07
16318,2026-05-19
16319,2026-04-30
16320,2026-04-27
16321,2026-05-13
16325,2026-04-28
16330,2026-04-13
16335,2026-05-05
16339,2026-05-06
16349,2026-04-28
16357,2026-05-07
16369,2026-04-14
16370,2026-04-13
16373,2026-04-06
16374,2026-04-01
16380,2026-04-08
16386,2026-04-28
16393,2026-05-06
16395,2026-03-09
16397,2026-04-15
16402,2026-04-30
16405,2026-05-25
16411,2026-04-29
16415,2025-10-07
16416,2026-05-08
16423,2026-04-13
16424,2026-05-18
16429,2026-05-12
16432,2026-05-07
16433,2026-05-25
16435,2026-04-20
16437,2026-03-27
16439,2026-05-04
16440,2026-04-14
16445,2026-04-23
16447,2026-01-05
16448,2026-05-18
16452,2025-08-18
16460,2026-03-30
16468,2026-04-14
16469,2026-04-06
16474,2026-03-25
16477,2026-05-21
16479,2026-03-30
16496,2026-05-19
16509,2026-04-21
16521,2026-05-11
16522,2026-05-18
16524,2026-05-04
16527,2026-03-30
16528,2026-02-24
16532,2026-05-06
16537,2026-04-20
16540,2026-05-19
16541,2026-04-07
16542,2026-03-23
16543,2025-11-10
16558,2026-04-15
16563,2026-05-11
16566,2026-04-20
16572,2026-04-28
16573,2026-04-29
16574,2026-05-04
16576,2026-05-07
16578,2026-04-08
16581,2026-05-14
16583,2026-05-18
16584,2026-05-18
16585,2026-04-08
16586,2026-05-25
16590,2026-05-05
16592,2026-03-09
16596,2026-05-06
16600,2026-05-12
16605,2026-05-05
16607,2026-05-07
16610,2026-05-06
16611,2026-05-07
16613,2026-05-12
16614,2026-05-11
16615,2026-04-29
16616,2026-04-28
16622,2026-05-19
16625,2026-05-11
16627,2026-05-11
16628,2026-04-10
16630,2026-05-12
16632,2026-04-29
16635,2026-05-11
16636,2026-05-12
16639,2026-05-11
16642,2026-05-11
16643,2026-04-22
16644,2026-01-20
16645,2026-05-18
16648,2026-05-12
16649,2026-05-19
16650,2026-05-04
16651,2026-05-13
16652,2026-05-11
16654,2026-05-18
16659,2026-04-20
16662,2026-05-19
16664,2026-05-06
16667,2026-05-07
16668,2026-03-06
16671,2026-04-28
16674,2026-05-11
16675,2026-04-27
16677,2026-05-13
16678,2026-04-29
16680,2026-05-14
16681,2026-05-11
16683,2025-11-12
16684,2026-05-13
16687,2026-05-13
16688,2026-05-04
16689,2026-03-30
16691,2026-05-05
16692,2026-05-07
16694,2026-05-19
16697,2026-02-16
16700,2026-05-06
16702,2026-04-14
16704,2025-07-07
16709,2026-05-12
16716,2026-04-13
16717,2026-05-04
16719,2026-05-19
16728,2026-05-29
16730,2026-05-04
16732,2026-03-30
16733,2026-04-15
16735,2026-03-10
16736,2026-03-23
16741,2026-05-04
16742,2026-05-12
16744,2026-02-09
16748,2025-12-22
16750,2025-11-07
16764,2025-04-25
16765,2025-05-22
16767,2025-06-06
16776,2025-06-02
16785,2025-04-25
16789,2025-05-22
16800,2025-06-24
16806,2025-06-20
16813,2025-04-28
16823,2025-05-19
16826,2025-05-30
16827,2025-07-01
16831,2025-05-30
16834,2025-06-03
16841,2025-05-27
16846,2026-05-14
16848,2025-05-19
16848,2025-06-30
16863,2025-05-26
16875,2025-05-28
16880,2025-05-26
16886,2025-05-23
16890,2025-06-20
16890,2025-05-09
16901,2025-08-18
16904,2025-06-06
16912,2025-08-18
16918,2025-05-28
16921,2025-06-05
16928,2025-05-05
16932,2025-06-20
16934,2025-06-05
16935,2025-08-01
16937,2025-10-27
16946,2025-07-08
16959,2025-06-17
16960,2025-08-01
16963,2025-06-12
16967,2025-06-12
16971,2025-06-12
16974,2025-06-12
16976,2025-06-13
16982,2025-06-19
16986,2026-02-23
16987,2026-02-23
16992,2025-07-03
16997,2025-10-27
16999,2025-08-01
17001,2025-06-13
17002,2025-06-19
17004,2025-05-05
17008,2025-06-13
17010,2025-10-06
17011,2025-06-17
17013,2025-07-03
17014,2025-06-13
17020,2025-06-03
17021,2025-06-19
17023,2025-10-06
17038,2025-06-17
17041,2025-06-18
17043,2025-06-13
17045,2026-02-16
17051,2025-06-26
17052,2025-07-08
17054,2025-07-04
17058,2025-07-10
17063,2025-07-11
17074,2025-06-19
17075,2025-06-19
17079,2025-06-13
17084,2026-03-30
17093,2025-07-17
17100,2025-11-28
17101,2025-06-13
17104,2025-06-30
17106,2026-05-14
17111,2025-07-10
17113,2025-07-07
17114,2025-07-02
17117,2025-07-11
17132,2025-06-19
17139,2025-07-17
17146,2025-06-23
17158,2025-05-29
17168,2026-01-19
17170,2026-03-10
17175,2025-07-04
17177,2025-06-17
17185,2025-07-09
17187,2025-07-01
17188,2025-05-14
17194,2025-07-30
17196,2025-08-07
17206,2026-01-28
17207,2026-01-28
17214,2025-06-11
17224,2025-08-05
17231,2026-01-19
17234,2025-11-07
17236,2026-02-23
17237,2025-11-07
17239,2025-09-08
17240,2025-11-19
17247,2025-11-19
17248,2025-11-07
17253,2025-12-18
17254,2025-09-23
17256,2026-01-28
17257,2025-10-27
17259,2026-02-19
17261,2025-11-07
17271,2025-12-24
17273,2026-02-26
17275,2026-03-16
17278,2025-10-20
17280,2025-12-26
17288,2025-12-10
17291,2025-10-27
17296,2025-09-08
17310,2025-12-10
17311,2025-12-26
17312,2025-12-24
17315,2025-12-26
17322,2025-12-12
17324,2025-12-10
17328,2025-12-10
17334,2025-10-09
17341,2026-01-20
17342,2025-11-21
17347,2025-11-21
17351,2026-05-14
17353,2025-10-17
17368,2025-09-29
17378,2026-02-18
17392,2025-11-25
17393,2025-10-20
17406,2026-02-11
17407,2025-11-25
17410,2025-12-19
17415,2025-07-31
17417,2026-05-25
17420,2025-10-20
17423,2026-02-25
17424,2025-11-25
17426,2025-12-10
17428,2026-02-18
17435,2025-09-29
17443,2025-10-20
17445,2026-03-19
17446,2026-03-05
17466,2026-05-18
17471,2026-05-19
17473,2026-01-13
17475,2026-03-05
17480,2026-03-19
17482,2026-04-24
17485,2026-02-04
17487,2026-05-18
17490,2026-01-30
17491,2026-02-20
17492,2026-01-30
17493,2026-05-14
17495,2025-11-24
17499,2025-11-03
17505,2025-08-20
17508,2025-12-19
17516,2026-02-06
17517,2026-04-13
17518,2026-01-16
17523,2025-11-24
17524,2026-01-30
17525,2026-02-18
17529,2026-01-16
17537,2026-01-16
17550,2026-01-26
17557,2025-11-24
17560,2026-05-13
17566,2026-02-13
17568,2026-01-06
17571,2026-01-26
17574,2026-01-16
17578,2026-01-26
17579,2026-02-06
17580,2026-04-09
17587,2026-04-23
17596,2026-01-06
17602,2025-06-16
17610,2026-01-19
17613,2026-02-04
17620,2026-05-28
17621,2025-11-24
17625,2026-01-19
17635,2026-03-20
17639,2026-01-19
17641,2026-05-14
17646,2026-05-14
17650,2026-02-24
17651,2026-01-26
17652,2026-03-06
17655,2026-01-19
17659,2026-02-06
17660,2026-02-24
17661,2026-05-14
17663,2026-02-10
17664,2026-01-07
17666,2026-02-06
17669,2026-02-09
17670,2026-03-27
17671,2026-02-16
17676,2026-02-16
17677,2025-10-07
17687,2026-04-17
17695,2026-01-19
17696,2026-04-14
17701,2026-03-27
17703,2026-04-07
17706,2026-04-17
17715,2026-05-15
17719,2025-10-07
17720,2026-02-23
17721,2026-02-09
17725,2026-05-05
17726,2026-02-02
17727,2026-02-11
17729,2026-05-12
17731,2026-05-19
17732,2026-05-19
17736,2026-05-19
17738,2026-02-16
17739,2026-03-09
17741,2026-02-23
17743,2026-05-19
17745,2026-02-23
17749,2026-05-19
17750,2026-05-19
17757,2026-03-04
17758,2026-05-19
17759,2026-05-08
17761,2026-05-19
17762,2026-05-19
17763,2026-05-12
17766,2026-05-19
17768,2026-05-19
17773,2026-03-02
17778,2026-03-30
17782,2026-04-14
17784,2026-05-19
17785,2026-05-29
17788,2026-05-08
17790,2026-04-06
17795,2025-11-17
17799,2026-04-20
17801,2026-05-08
17802,2026-05-15
17804,2026-04-06
17809,2026-05-19
17810,2026-04-13
17812,2026-04-15
17816,2026-04-06
17818,2026-04-20
17820,2026-03-23
17826,2026-05-15
17831,2026-05-19
17839,2026-05-04
17840,2026-05-04
17847,2026-04-27
17849,2025-12-22
17852,2026-05-26
17853,2026-03-10
17861,2025-12-15
17874,2026-04-21
17880,2026-04-07
17881,2026-04-28
17894,2026-05-26
17902,2026-04-28
17906,2026-05-19
17914,2026-04-06
17926,2026-05-04
17930,2025-05-19
17936,2025-05-23
17942,2025-04-28
17943,2025-05-27
17947,2025-05-05
17948,2025-06-20
17950,2025-07-14
17954,2025-04-28
17954,2025-05-05
17955,2025-07-16
17956,2025-06-20
17960,2025-05-09
17962,2025-06-20
17969,2025-06-02
17970,2025-05-07
17977,2025-06-26
17978,2025-05-26
17983,2025-05-29
17991,2025-05-05
17992,2025-05-20
17994,2025-05-09
17996,2025-08-12
17997,2025-05-27
17998,2025-06-26
17999,2025-05-29
18002,2025-08-12
18005,2025-05-27
18008,2025-04-28
18009,2025-05-27
18011,2025-05-20
18024,2025-04-21
18026,2025-05-29
18028,2025-06-03
18028,2025-05-27
18030,2025-08-12
18031,2025-08-12
18033,2025-05-19
18033,2025-07-14
18034,2025-05-19
18035,2025-05-19
18038,2025-06-02
18039,2025-05-27
18040,2025-04-25
18041,2025-06-17
18045,2025-05-27
18046,2025-05-23
18048,2025-05-20
18051,2025-06-27
18052,2025-09-17
18054,2025-05-23
18055,2025-05-20
18060,2025-04-22
18064,2025-06-16
18070,2025-05-20
18072,2025-05-19
18074,2025-11-17
18075,2025-08-04
18077,2025-11-17
18078,2025-07-18
18080,2025-07-18
18081,2025-07-17
18083,2025-08-01
18084,2025-07-18
18086,2025-08-21
18087,2025-08-06
18088,2025-08-04
18099,2025-07-07
18101,2025-09-02
18102,2025-07-28
18103,2025-08-19
18107,2025-07-09
18108,2025-08-01
18109,2025-09-04
18110,2025-06-06
18111,2025-06-05
18115,2025-09-02
18116,2025-06-06
18117,2025-07-23
18119,2025-07-22
18123,2025-07-11
18124,2025-06-02
18125,2025-06-06
18128,2025-08-01
18131,2025-07-24
18132,2025-08-01
18133,2025-06-18
18134,2025-11-24
18136,2025-06-18
18137,2025-07-17
18139,2025-06-30
18142,2025-07-15
18144,2025-08-01
18146,2025-07-17
18149,2025-06-27
18150,2025-11-24
18151,2025-08-01
18153,2025-08-01
18155,2025-07-08
18160,2025-11-24
18161,2025-08-01
18164,2025-06-24
18168,2025-06-20
18169,2025-07-15
18170,2025-09-22
18172,2025-12-16
18180,2025-08-29
18182,2025-05-27
18183,2025-12-17
18185,2025-07-15
18187,2025-07-10
18194,2025-06-09
18196,2025-08-01
18200,2025-07-21
18203,2025-08-12
18204,2025-08-01
18206,2025-07-28
18207,2025-06-27
18212,2025-08-20
18217,2025-05-27
18218,2026-01-14
18220,2025-08-29
18221,2025-08-29
18222,2025-08-05
18224,2026-02-17
18226,2025-08-05
18229,2026-02-10
18233,2025-08-29
18234,2026-02-16
18236,2025-07-15
18238,2026-03-02
18242,2025-10-06
18243,2025-08-29
18245,2025-08-29
18247,2026-02-24
18249,2025-08-25
18252,2025-06-13
18254,2026-02-16
18259,2025-10-23
18260,2025-08-25
18261,2025-09-12
18264,2025-08-29
18269,2025-10-23
18270,2026-01-14
18271,2025-06-19
18275,2025-08-04
18276,2025-12-08
18278,2026-04-01
18282,2025-06-02
18285,2025-09-26
18288,2025-10-28
18290,2025-08-04
18290,2025-08-06
18291,2025-09-26
18295,2025-06-09
18296,2025-08-01
18297,2025-11-24
18298,2025-08-04
18301,2025-09-30
18303,2025-10-28
18307,2025-06-03
18309,2025-09-11
18311,2025-09-26
18312,2025-08-04
18314,2025-09-11
18316,2025-09-26
18318,2025-08-04
18321,2026-03-12
18322,2025-12-08
18323,2025-06-26
18325,2026-02-27
18327,2025-07-28
18329,2025-09-11
18333,2025-10-28
18334,2025-10-02
18338,2025-09-16
18339,2025-07-01
18346,2025-09-11
18347,2026-02-27
18348,2025-08-11
18350,2025-06-27
18351,2026-01-05
18355,2026-01-05
18356,2026-04-01
18357,2025-07-04
18360,2025-06-17
18363,2025-10-22
18364,2026-01-05
18367,2026-01-05
18369,2025-10-22
18371,2025-09-23
18372,2025-08-01
18375,2026-02-04
18377,2025-10-02
18381,2025-06-26
18382,2025-06-09
18388,2025-11-28
18389,2025-09-23
18391,2026-01-19
18394,2025-11-28
18398,2025-06-16
18402,2025-06-23
18403,2025-09-23
18404,2026-01-19
18407,2025-10-30
18408,2025-05-20
18411,2025-11-07
18414,2025-10-30
18416,2026-05-05
18417,2026-02-05
18422,2025-10-24
18423,2025-12-31
18426,2025-08-11
18427,2025-07-15
18431,2025-10-21
18433,2025-11-05
18434,2026-02-27
18435,2025-11-18
18436,2026-03-16
18438,2025-11-27
18439,2026-04-01
18441,2025-10-27
18442,2025-11-27
18444,2025-10-27
18446,2025-10-17
18447,2025-11-05
18448,2025-11-07
18449,2026-02-27
18454,2026-02-09
18455,2025-10-16
18456,2025-10-17
18457,2026-02-19
18459,2025-10-17
18460,2026-04-01
18463,2025-10-21
18466,2025-10-17
18468,2026-05-12
18469,2026-03-02
18470,2026-05-21
18472,2025-12-18
18473,2025-09-08
18474,2026-02-18
18475,2025-10-27
18478,2025-10-27
18479,2025-11-07
18481,2025-10-17
18484,2025-10-24
18485,2025-10-17
18487,2025-10-30
18491,2026-01-26
18496,2025-09-08
18497,2025-12-05
18498,2026-01-15
18499,2025-11-07
18500,2026-03-16
18505,2025-12-18
18506,2025-12-11
18508,2025-12-18
18510,2025-08-12
18511,2025-09-29
18514,2026-03-23
18516,2026-01-15
18519,2025-09-02
18522,2026-04-20
18523,2026-06-29
18526,2026-01-15
18529,2025-10-20
18530,2025-06-30
18531,2025-11-21
18532,2025-12-12
18535,2025-10-13
18538,2026-01-15
18540,2025-12-08
18542,2025-12-12
18543,2025-12-12
18544,2025-11-05
18549,2026-03-23
18552,2026-04-23
18553,2025-11-21
18554,2025-10-09
18558,2025-07-02
18562,2025-09-29
18563,2025-11-21
18564,2025-12-12
18566,2026-01-15
18567,2025-12-17
18568,2025-12-11
18569,2025-12-12
18571,2025-10-13
18573,2025-11-21
18574,2025-11-21
18576,2025-12-12
18577,2025-12-12
18580,2026-01-15
18581,2025-12-02
18582,2025-10-20
18584,2025-08-18
18588,2026-03-25
18594,2025-06-16
18596,2025-11-10
18597,2025-12-19
18599,2026-02-26
18605,2025-09-01
18606,2026-03-25
18607,2025-12-19
18608,2026-01-15
18612,2025-09-30
18613,2026-05-04
18618,2026-01-29
18619,2025-06-25
18621,2025-12-09
18622,2026-03-18
18624,2025-05-27
18625,2026-01-09
18627,2025-12-09
18632,2026-03-19
18633,2026-05-11
18644,2025-12-19
18648,2026-04-24
18649,2026-02-12
18650,2026-02-06
18651,2025-09-29
18654,2026-04-08
18658,2026-04-24
18659,2025-12-15
18660,2025-12-15
18661,2026-02-20
18662,2026-03-11
18663,2026-02-13
18664,2025-11-11
18665,2026-02-03
18666,2026-02-20
18668,2026-03-04
18669,2025-12-15
18670,2026-01-16
18672,2026-01-09
18673,2026-02-13
18675,2026-04-15
18677,2025-11-11
18678,2025-06-17
18679,2026-02-10
18681,2026-01-16
18683,2026-02-19
18687,2026-02-20
18690,2025-09-02
18691,2026-02-13
18692,2026-01-16
18693,2026-04-08
18696,2026-02-06
18697,2026-01-16
18699,2026-03-19
18700,2026-05-20
18702,2026-01-16
18703,2026-02-06
18705,2025-06-17
18706,2025-09-29
18708,2026-01-13
18710,2026-01-07
18712,2026-01-07
18713,2026-02-20
18714,2026-02-06
18715,2026-04-24
18717,2026-04-01
18718,2026-01-16
18719,2026-02-06
18722,2026-05-13
18724,2026-01-07
18731,2026-03-27
18732,2026-01-07
18733,2026-04-09
18734,2026-05-21
18739,2026-02-20
18740,2026-03-13
18741,2026-01-05
18742,2026-05-14
18745,2026-04-29
18746,2026-02-20
18747,2026-01-13
18749,2025-09-17
18751,2026-03-06
18753,2026-03-27
18757,2026-01-07
18759,2026-04-29
18761,2026-02-27
18762,2026-04-15
18763,2026-01-05
18766,2026-01-07
18769,2026-02-13
18770,2026-03-06
18771,2025-10-27
18773,2026-04-01
18774,2026-04-01
18775,2026-03-06
18777,2026-03-27
18781,2026-03-27
18784,2026-01-05
18786,2026-02-13
18788,2026-05-28
18797,2026-04-30
18798,2026-04-07
18800,2026-01-13
18802,2025-12-15
18803,2026-02-16
18808,2025-09-23
18809,2026-01-19
18810,2026-01-19
18811,2026-04-29
18812,2026-03-20
18814,2026-03-27
18815,2026-05-14
18816,2026-04-14
18818,2026-01-19
18819,2026-04-07
18820,2026-03-20
18821,2026-04-10
18822,2026-05-21
18824,2026-01-26
18825,2026-03-27
18827,2026-04-07
18828,2026-02-24
18833,2026-05-12
18834,2026-02-25
18837,2026-01-19
18838,2026-05-08
18839,2026-05-12
18841,2026-04-28
18843,2026-05-12
18846,2026-05-12
18854,2026-02-23
18855,2026-02-23
18858,2026-05-15
18860,2026-03-02
18863,2026-03-02
18864,2026-04-28
18866,2026-02-09
18868,2026-05-19
18869,2026-06-04
18870,2026-03-03
18871,2025-10-07
18872,2026-06-02
18875,2026-05-15
18876,2026-04-28
18877,2025-10-14
18879,2026-02-20
18880,2026-05-15
18882,2026-05-05
18883,2026-04-20
18885,2026-02-24
18896,2026-03-02
18897,2026-04-14
18898,2025-10-24
18900,2026-03-24
18902,2026-05-19
18903,2026-03-23
18904,2026-04-08
18905,2026-05-19
18906,2026-03-16
18907,2026-03-31
18909,2026-05-19
18910,2026-03-13
18911,2026-05-19
18912,2025-11-18
18914,2026-05-19
18916,2026-05-19
18919,2026-03-09
18921,2026-03-02
18923,2026-05-19
18924,2026-06-24
18926,2026-05-19
18927,2026-05-19
18930,2026-05-19
18932,2026-05-07
18939,2026-05-04
18940,2026-05-13
18944,2025-11-13
18945,2025-11-05
18946,2026-03-23
18952,2026-04-08
18956,2026-05-19
18958,2025-12-22
18960,2026-03-02
18967,2025-12-24
18974,2025-12-23
18975,2026-04-28
18982,2026-01-06
18984,2026-04-15
18997,2026-02-16
19003,2026-05-12
19005,2026-02-09
19007,2026-01-06
19011,2026-04-16
19013,2026-04-06
19014,2026-04-30
19016,2026-05-11
19017,2026-02-02
19018,2025-08-29
19024,2025-10-24
19028,2025-07-08
19034,2025-05-22
19042,2025-05-29
19044,2025-06-25
19044,2025-05-21
19047,2025-05-07
19047,2025-05-29
19050,2025-06-26
19052,2025-07-04
19055,2025-05-27
19063,2025-05-27
19064,2025-05-27
19075,2025-05-15
19075,2025-04-21
19082,2025-05-27
19084,2025-05-07
19100,2025-05-19
19102,2025-06-16
19103,2025-05-26
19104,2025-06-26
19105,2025-05-22
19107,2025-05-09
19107,2025-05-02
19110,2025-04-25
19112,2025-09-09
19119,2025-09-17
19125,2025-05-30
19126,2025-06-27
19128,2025-06-25
19130,2025-05-30
19147,2025-05-27
19150,2025-07-28
19153,2025-06-16
19153,2025-07-28
19155,2025-06-26
19162,2025-05-05
19163,2025-09-17
19166,2025-05-09
19168,2025-06-26
19170,2025-08-20
19171,2025-05-22
19175,2025-08-04
19177,2025-08-04
19183,2025-07-04
19184,2025-07-28
19188,2025-07-30
19189,2025-09-22
19190,2025-05-29
19191,2025-11-05
19193,2025-07-28
19199,2025-07-24
19201,2025-07-03
19202,2025-05-21
19205,2025-05-14
19205,2025-04-21
19211,2025-07-11
19215,2025-07-23
19217,2025-07-21
19218,2025-07-18
19219,2025-07-18
19222,2025-09-01
19225,2025-11-05
19227,2025-07-18
19229,2025-07-18
19230,2026-01-27
19231,2025-08-01
19237,2025-11-05
19245,2025-09-02
19256,2025-11-05
19261,2026-01-26
19264,2025-07-17
19271,2025-07-22
19282,2025-08-01
19283,2025-08-01
19284,2025-12-15
19286,2025-07-31
19288,2025-09-02
19289,2025-11-05
19301,2025-08-01
19304,2025-08-06
19306,2025-06-23
19307,2025-06-30
19309,2025-12-15
19310,2025-07-21
19316,2025-08-20
19319,2025-10-27
19323,2025-12-15
19324,2025-09-12
19325,2025-06-17
19330,2025-07-07
19338,2025-09-11
19343,2025-07-29
19350,2025-09-26
19351,2025-08-21
19356,2025-08-21
19360,2025-08-21
19361,2025-08-21
19362,2026-02-26
19363,2025-09-12
19366,2025-08-21
19368,2025-09-03
19370,2025-08-29
19371,2025-08-29
19372,2025-09-22
19374,2025-08-21
19375,2025-07-03
19385,2025-08-29
19388,2025-11-03
19389,2025-08-21
19394,2025-09-11
19396,2025-08-04
19400,2025-09-26
19404,2025-09-26
19410,2025-09-17
19412,2025-09-17
19413,2025-12-15
19417,2026-02-05
19428,2025-09-24
19429,2025-08-29
19431,2026-02-05
19432,2025-09-17
19443,2026-02-05
19449,2025-10-23
19455,2025-09-11
19457,2025-08-04
19458,2025-08-04
19461,2025-09-24
19465,2025-09-26
19467,2025-08-21
19472,2025-09-03
19477,2025-10-15
19482,2025-10-15
19493,2026-02-05
19502,2025-10-15
19503,2025-10-15
19508,2026-04-27
19511,2025-09-25
19512,2025-10-23
19521,2025-10-09
19522,2025-10-09
19524,2025-12-31
19529,2025-09-24
19530,2025-09-26
19532,2025-10-24
19535,2025-11-28
19537,2025-10-24
19538,2025-10-24
19539,2025-10-24
19541,2026-01-02
19543,2026-05-20
19544,2025-09-26
19545,2025-12-17
19546,2025-09-11
19548,2025-10-15
19552,2025-12-31
19555,2026-02-27
19562,2025-10-21
19563,2025-11-14
19567,2025-09-25
19568,2025-09-25
19569,2026-02-05
19572,2026-02-27
19580,2025-12-17
19581,2025-11-20
19582,2026-02-23
19583,2026-02-27
19586,2025-10-27
19587,2025-11-27
19588,2025-10-21
19589,2025-10-15
19590,2026-03-23
19592,2025-11-14
19594,2025-11-11
19595,2025-11-14
19597,2025-06-10
19598,2026-03-23
19599,2026-02-27
19603,2025-12-31
19605,2025-11-20
19607,2025-11-14
19609,2025-12-04
19610,2025-12-04
19612,2025-12-04
19615,2025-10-21
19616,2025-11-14
19618,2026-05-13
19623,2025-10-27
19629,2026-03-16
19630,2026-01-02
19633,2025-07-29
19640,2025-12-12
19642,2025-12-23
19649,2025-10-27
19653,2025-10-27
19659,2025-10-13
19660,2026-01-15
19662,2026-01-15
19664,2025-10-27
19665,2025-12-12
19666,2025-11-07
19678,2025-12-12
19679,2025-12-12
19681,2026-01-28
19684,2026-01-21
19692,2025-10-27
19708,2025-10-07
19710,2025-12-22
19713,2025-11-17
19715,2026-01-09
19716,2025-11-10
19717,2025-10-07
19721,2026-04-21
19724,2025-11-10
19725,2025-10-07
19728,2026-05-13
19729,2025-11-10
19731,2026-04-17
19733,2026-03-19
19734,2025-08-18
19735,2025-12-05
19736,2026-01-02
19738,2026-01-28
19740,2026-01-02
19741,2026-05-11
19742,2025-07-03
19743,2026-01-02
19745,2026-04-17
19746,2025-11-10
19747,2026-04-17
19748,2026-03-12
19750,2025-12-22
19752,2025-12-19
19756,2026-05-11
19757,2026-01-09
19759,2025-11-17
19763,2025-12-22
19764,2025-11-17
19769,2026-01-28
19770,2026-01-09
19771,2025-12-19
19772,2025-11-11
19775,2026-03-18
19776,2025-12-05
19778,2025-12-09
19779,2025-11-17
19782,2025-09-03
19788,2026-03-19
19789,2026-04-16
19790,2025-12-08
19794,2026-04-01
19795,2026-02-20
19796,2026-04-29
19799,2025-12-08
19801,2026-04-22
19803,2026-04-29
19805,2026-02-27
19806,2025-12-09
19807,2026-01-30
19808,2026-02-13
19810,2026-04-08
19818,2026-01-13
19825,2026-03-13
19826,2026-03-06
19827,2026-03-06
19830,2026-04-15
19831,2026-01-13
19838,2026-05-13
19845,2026-05-15
19846,2026-01-05
19854,2026-03-20
19856,2026-04-30
19857,2025-12-08
19861,2025-12-08
19862,2025-10-01
19866,2026-01-05
19867,2026-01-06
19871,2026-04-30
19876,2026-02-23
19880,2026-05-06
19881,2026-04-10
19883,2026-04-17
19886,2026-05-06
19890,2026-05-20
19892,2026-05-07
19893,2026-05-06
19896,2026-04-17
19898,2026-02-25
19899,2026-04-07
19903,2026-05-14
19908,2026-05-15
19919,2026-04-28
19924,2026-05-12
19925,2026-05-13
19928,2026-05-12
19929,2026-05-12
19932,2026-03-17
19933,2026-02-03
19938,2026-05-12
19939,2026-03-02
19944,2025-11-13
19948,2026-05-19
19949,2026-05-12
19950,2026-05-19
19951,2026-03-09
19953,2026-05-19
19956,2026-05-29
19964,2026-04-15
19966,2026-04-07
19967,2026-05-19
19969,2026-05-19
19971,2026-05-19
19975,2026-05-18
19978,2026-05-11
19979,2026-04-27
19982,2026-04-15
19983,2026-04-27
19986,2026-02-23
19995,2026-05-04
20038,2026-06-11
20041,2026-04-15
20044,2026-05-19
20046,2026-02-05
20051,2026-05-11
20052,2026-05-18
20053,2026-05-13
20054,2026-02-10
20058,2025-05-27
20059,2025-05-19
20061,2025-08-25
20062,2025-06-02
20064,2025-06-19
20066,2025-04-21
20067,2025-05-19
20069,2025-05-20
20071,2025-06-20
20072,2025-05-20
20073,2025-06-20
20073,2025-06-20
20076,2025-05-23
20078,2025-05-29
20079,2025-05-23
20083,2025-05-19
20085,2025-04-25
20086,2025-07-02
20090,2025-05-23
20091,2026-05-21
20092,2025-06-20
20093,2025-05-23
20095,2025-06-17
20096,2025-09-01
20097,2025-07-01
20098,2025-05-23
20102,2026-06-03
20104,2025-04-21
20107,2025-04-23
20109,2025-07-09
20114,2025-06-23
20115,2025-04-25
20116,2025-06-27
20117,2025-05-29
20119,2025-07-16
20121,2025-05-20
20123,2025-06-18
20125,2025-05-05
20128,2025-07-04
20129,2025-07-08
20131,2025-06-18
20132,2025-05-09
20134,2025-05-05
20135,2025-07-28
20136,2025-05-30
20137,2025-08-25
20139,2025-05-09
20140,2025-05-28
20142,2025-04-24
20143,2025-06-30
20144,2025-11-25
20146,2025-05-09
20149,2025-09-02
20151,2025-08-26
20152,2026-06-09
20153,2025-07-03
20155,2026-06-04
20157,2025-06-27
20164,2025-06-02
20168,2025-05-16
20169,2025-05-30
20172,2025-06-19
20176,2025-06-30
20178,2025-06-02
20181,2025-04-25
20183,2025-05-12
20184,2025-06-23
20186,2025-05-30
20188,2025-04-22
20189,2025-07-01
20189,2025-06-24
20201,2025-07-03
20203,2025-05-29
20205,2025-05-13
20207,2025-07-01
20210,2025-06-17
20212,2025-07-22
20214,2025-05-30
20217,2025-04-25
20218,2025-04-25
20220,2025-06-18
20222,2025-06-17
20223,2025-05-12
20224,2025-06-20
20228,2025-04-21
20230,2025-05-16
20231,2025-07-01
20233,2025-04-21
20234,2025-05-16
20235,2025-06-02
20239,2025-04-21
20240,2025-06-20
20241,2025-07-04
20247,2025-06-02
20250,2025-07-21
20251,2025-04-25
20251,2025-06-20
20253,2025-06-17
20259,2025-06-20
20260,2025-05-16
20264,2025-07-01
20265,2025-05-29
20268,2025-05-19
20270,2025-06-25
20272,2025-05-29
20275,2025-05-20
20277,2025-05-23
20279,2025-07-21
20282,2025-05-23
20285,2025-05-23
20286,2025-05-19
20289,2025-05-23
20291,2025-07-21
20292,2026-05-21
20293,2025-05-19
20294,2025-07-08
20295,2025-07-23
20300,2025-06-18
20306,2025-05-19
20310,2025-05-29
20315,2025-04-22
20316,2025-06-17
20318,2025-05-21
20323,2025-06-17
20324,2025-05-27
20328,2025-05-21
20330,2025-07-28
20331,2025-06-20
20335,2025-05-07
20336,2025-05-29
20337,2026-06-09
20338,2025-05-13
20341,2025-07-01
20343,2025-06-20
20343,2025-06-20
20344,2025-05-16
20344,2025-05-02
20348,2025-07-21
20350,2025-05-20
20353,2025-05-26
20356,2025-04-22
20357,2025-05-15
20358,2025-05-16
20359,2025-05-27
20360,2025-05-16
20362,2025-05-13
20365,2025-05-13
20366,2025-06-02
20367,2025-04-22
20372,2025-05-12
20373,2025-05-16
20375,2025-07-23
20377,2025-08-25
20379,2025-05-27
20379,2025-07-01
20382,2025-05-19
20387,2025-05-23
20389,2025-05-19
20390,2025-07-04
20391,2025-05-19
20392,2025-06-02
20393,2025-06-02
20395,2025-05-29
20396,2025-06-20
20397,2025-05-23
20400,2025-05-19
20401,2025-05-19
20403,2025-05-29
20404,2025-05-19
20405,2025-07-01
20406,2025-06-27
20410,2025-06-02
20411,2025-05-23
20415,2025-05-29
20416,2025-05-19
20418,2025-05-30
20423,2025-07-28
20424,2025-05-30
20426,2025-05-20
20429,2025-05-19
20433,2025-05-30
20434,2025-04-25
20436,2025-05-19
20437,2025-06-19
20438,2025-06-23
20440,2025-05-22
20442,2025-06-02
20446,2025-06-24
20447,2025-07-01
20450,2025-05-30
20451,2025-05-30
20452,2025-05-19
20453,2025-04-25
20456,2025-06-20
20457,2025-06-27
20458,2025-05-29
20459,2025-05-29
20460,2025-09-02
20463,2025-04-22
20465,2025-06-20
20466,2025-06-02
20469,2025-06-02
20474,2025-05-26
20476,2025-06-25
20477,2025-07-01
20478,2025-06-02
20479,2025-06-23
20480,2025-06-23
20481,2025-05-19
20483,2025-06-20
20485,2025-05-15
20485,2025-04-21
20487,2025-05-30
20488,2025-04-24
20489,2025-05-19
20491,2025-05-19
20492,2025-07-16
20493,2025-04-23
20494,2025-05-14
20495,2025-05-30
20499,2025-06-23
20502,2025-05-22
20504,2025-06-23
20506,2025-05-19
20507,2025-04-25
20508,2025-05-22
20508,2025-06-23
20512,2025-07-29
20520,2025-04-22
20521,2025-07-23
20522,2025-06-20
20524,2025-05-29
20525,2025-04-25
20530,2025-06-23
20531,2026-06-10
20534,2025-04-21
20535,2025-06-02
20539,2025-07-21
20541,2025-07-21
20542,2025-05-27
20546,2025-04-21
20549,2025-06-24
20550,2025-05-26
20551,2025-06-16
20557,2025-06-26
20557,2025-05-05
20558,2025-06-27
20561,2025-05-06
20570,2025-05-05
20571,2025-06-17
20574,2025-06-23
20575,2025-04-28
20577,2025-05-09
20579,2025-09-03
20584,2025-05-05
20589,2025-06-23
20590,2025-05-06
20591,2025-05-30
20592,2025-05-29
20595,2025-05-30
20597,2025-05-30
20598,2025-05-28
20601,2025-07-16
20603,2025-05-26
20609,2025-06-24
20611,2025-05-05
20615,2025-06-24
20616,2025-05-29
20617,2025-06-02
20618,2025-04-21
20619,2025-05-06
20621,2025-05-06
20623,2025-05-26
20624,2025-04-28
20627,2026-06-04
20629,2025-06-24
20631,2025-07-22
20632,2025-05-21
20636,2025-06-17
20641,2025-04-21
20643,2025-06-02
20644,2025-05-12
20647,2025-06-02
20648,2025-07-03
20649,2025-05-29
20651,2025-05-29
20653,2025-06-24
20654,2025-07-08
20655,2025-05-29
20658,2025-05-29
20662,2025-05-12
20663,2025-05-29
20664,2025-05-12
20666,2025-05-29
20667,2025-06-03
20668,2025-06-20
20669,2025-05-16
20672,2025-05-29
20674,2025-05-13
20675,2025-05-16
20681,2025-05-12
20682,2025-05-26
20683,2025-05-29
20684,2025-04-28
20686,2025-06-09
20687,2025-04-25
20689,2025-05-12
20690,2025-05-30
20692,2025-05-26
20693,2025-05-12
20695,2025-05-30
20699,2025-04-21
20701,2025-06-24
20710,2025-04-29
20711,2025-05-29
20714,2025-05-12
20718,2025-05-29
20719,2025-05-12
20720,2025-07-21
20722,2025-06-24
20725,2025-07-08
20727,2025-06-09
20730,2025-05-08
20733,2025-05-29
20735,2025-05-28
20736,2025-06-27
20740,2025-06-24
20741,2025-05-15
20742,2025-04-25
20744,2025-04-21
20746,2025-05-30
20748,2025-06-17
20751,2025-06-24
20752,2025-05-16
20753,2025-05-16
20754,2025-06-09
20755,2025-06-24
20756,2025-06-09
20757,2025-06-09
20764,2025-05-16
20765,2025-06-09
20770,2025-06-25
20770,2026-06-29
20771,2025-05-12
20772,2025-06-02
20773,2025-06-20
20777,2025-05-12
20778,2025-05-16
20781,2025-06-24
20784,2025-05-30
20786,2025-05-13
20787,2025-05-16
20788,2025-06-27
20789,2025-05-16
20790,2025-07-03
20794,2025-07-04
20795,2025-08-26
20796,2025-05-30
20797,2025-11-25
20798,2025-07-09
20799,2025-05-23
20801,2025-04-21
20802,2025-06-20
20803,2025-05-29
20804,2025-07-03
20805,2025-05-29
20806,2025-09-03
20812,2025-05-27
20813,2025-04-25
20816,2025-06-20
20817,2025-05-16
20818,2025-05-26
20819,2025-05-16
20820,2025-05-29
20823,2025-05-13
20825,2025-05-16
20828,2025-05-15
20829,2025-07-04
20831,2025-06-23
20834,2025-04-25
20840,2025-06-23
20841,2025-05-12
20844,2025-04-30
20845,2025-06-18
20846,2025-05-15
20852,2025-04-25
20857,2025-06-03
20860,2025-06-20
20861,2025-06-20
20862,2025-05-30
20864,2025-05-26
20866,2025-07-04
20869,2025-05-12
20873,2025-05-16
20876,2026-06-30
20881,2025-07-04
20884,2025-06-20
20888,2025-06-30
20889,2025-04-25
20890,2025-11-26
20892,2025-05-16
20893,2025-05-16
20894,2025-05-16
20899,2025-07-07
20900,2025-09-01
20903,2025-05-29
20905,2025-06-24
20909,2025-05-16
20910,2025-05-16
20912,2025-05-30
20916,2025-05-29
20919,2025-05-15
20920,2025-05-30
20921,2025-07-28
20923,2025-05-12
20927,2025-06-23
20928,2025-09-03
20931,2025-05-29
20932,2025-05-26
20933,2025-07-30
20934,2025-09-03
20935,2025-06-24
20936,2025-06-09
20937,2025-07-15
20945,2025-06-20
20947,2025-06-24
20949,2025-06-23
20950,2025-05-12
20951,2025-05-13
20953,2025-05-29
20955,2025-07-21
20958,2025-07-28
20960,2025-05-16
20961,2025-05-16
20962,2025-09-01
20964,2025-07-29
20965,2025-05-14
20968,2025-05-14
20971,2025-06-23
20974,2025-09-03
20976,2025-06-23
20981,2025-04-24
20982,2025-06-25
20984,2025-04-24
20986,2025-06-23
20987,2025-07-04
20989,2025-05-14
20989,2025-04-21
20990,2025-06-24
20997,2025-05-16
20999,2025-07-28
21001,2025-06-23
21004,2025-05-27
21007,2025-05-15
21009,2025-06-23
21010,2025-05-26
21012,2025-05-06
21013,2025-05-26
21014,2025-07-30
21015,2025-09-03
21020,2025-07-08
21022,2025-08-25
21023,2025-05-12
21025,2025-07-23
21027,2025-07-30
21029,2025-07-21
21034,2025-05-29
21035,2025-06-26
21036,2025-07-03
21044,2025-05-16
21046,2025-09-08
21047,2025-06-26
21049,2025-09-08
21051,2025-06-23
21052,2025-05-12
21053,2025-05-16
21054,2025-04-28
21057,2025-05-16
21059,2025-05-16
21060,2025-05-16
21062,2025-06-09
21064,2025-06-09
21069,2025-05-16
21071,2025-05-30
21072,2025-05-16
21074,2025-05-16
21075,2025-06-25
21076,2025-04-25
21076,2025-06-20
21077,2025-05-16
21078,2025-04-25
21082,2025-05-30
21085,2025-06-23
21086,2025-07-23
21087,2025-07-29
21088,2025-05-19
21089,2025-05-16
21090,2025-05-16
21092,2025-05-16
21093,2025-07-21
21094,2025-06-20
21095,2025-04-21
21100,2025-05-14
21103,2025-07-29
21104,2025-07-23
21106,2025-05-19
21108,2025-05-26
21117,2025-05-30
21118,2025-05-16
21120,2025-05-30
21121,2025-05-30
21122,2025-06-20
21124,2025-05-19
21126,2025-04-28
21128,2025-07-14
21130,2025-07-23
21131,2025-07-28
21134,2025-05-19
21137,2025-04-28
21138,2025-07-22
21140,2025-06-25
21143,2025-07-21
21144,2025-08-25
21150,2025-09-03
21151,2025-04-23
21153,2025-05-30
21156,2025-07-09
21158,2025-09-01
21163,2025-05-19
21164,2025-05-19
21166,2025-06-09
21169,2025-06-23
21170,2025-05-26
21172,2025-04-28
21173,2025-05-14
21175,2025-05-30
21177,2025-06-19
21180,2025-05-13
21182,2025-07-01
21183,2025-06-24
21188,2025-11-26
21189,2025-04-21
21190,2025-06-25
21192,2025-07-22
21197,2025-05-19
21199,2025-05-30
21201,2025-06-17
21202,2025-06-18
21205,2025-06-20
21207,2025-07-28
21208,2025-07-28
21215,2025-06-20
21220,2025-05-19
21221,2025-06-02
21222,2026-06-09
21223,2025-09-08
21225,2025-05-30
21226,2025-07-15
21228,2025-05-20
21231,2026-06-09
21235,2025-09-03
21241,2025-06-30
21241,2025-05-28
21244,2025-04-25
21245,2025-05-20
21247,2025-04-25
21248,2025-05-29
21249,2025-04-21
21255,2025-06-02
21257,2025-04-21
21259,2025-05-15
21260,2025-08-26
21261,2025-05-29
21262,2025-05-29
21264,2025-07-22
21265,2025-04-25
21268,2025-05-30
21269,2025-05-13
21270,2025-04-28
21271,2025-06-20
21272,2025-05-15
21273,2025-07-16
21275,2025-05-30
21276,2025-05-30
21278,2025-05-20
21279,2025-06-27
21283,2025-05-20
21284,2025-05-20
21285,2025-11-24
21287,2025-05-12
21288,2025-05-30
21295,2025-05-14
21295,2025-04-21
21298,2025-08-25
21300,2025-08-25
21301,2025-05-29
21302,2025-05-13
21305,2025-05-16
21306,2025-06-17
21308,2025-06-02
21309,2025-05-22
21310,2025-05-26
21314,2025-07-23
21315,2025-06-23
21317,2025-05-20
21318,2025-05-19
21319,2025-07-14
21320,2025-07-08
21321,2025-06-02
21324,2025-06-19
21325,2025-05-15
21326,2025-05-12
21329,2025-05-16
21330,2025-06-27
21336,2025-04-24
21338,2025-05-30
21340,2025-05-20
21343,2025-05-20
21347,2025-06-02
21349,2025-05-20
21351,2025-05-29
21352,2025-05-13
21355,2025-05-12
21357,2025-11-25
21362,2025-05-30
21363,2025-05-30
21364,2025-05-29
21365,2025-05-16
21366,2025-06-27
21367,2025-05-30
21368,2025-05-30
21369,2025-05-30
21371,2025-05-20
21372,2025-07-28
21373,2025-08-25
21374,2025-05-30
21377,2025-09-02
21378,2025-09-02
21381,2025-05-20
21383,2025-06-19
21384,2025-05-21
21385,2025-06-19
21386,2025-07-22
21387,2025-07-16
21388,2025-09-08
21389,2025-07-01
21391,2025-05-30
21392,2025-06-02
21393,2025-06-06
21395,2025-04-24
21396,2025-05-29
21397,2025-05-28
21398,2025-09-03
21399,2025-05-16
21400,2025-04-22
21402,2025-05-13
21409,2025-05-29
21410,2025-05-15
21412,2025-06-17
21413,2025-05-22
21417,2025-09-01
21418,2025-06-02
21419,2025-09-02
21421,2025-07-29
21422,2025-05-21
21424,2025-05-21
21425,2025-05-29
21426,2025-05-29
21427,2025-06-02
21429,2025-05-28
21431,2025-05-20
21433,2025-05-16
21434,2025-06-19
21435,2025-06-19
21437,2025-05-30
21442,2025-06-17
21443,2025-05-28
21443,2025-06-02
21444,2025-05-20
21445,2025-05-28
21448,2025-06-19
21449,2025-05-20
21451,2025-09-03
21452,2025-06-20
21455,2025-05-30
21461,2025-05-20
21465,2025-06-30
21466,2025-05-29
21470,2025-05-29
21471,2025-05-20
21474,2025-05-21
21476,2025-07-09
21477,2025-07-21
21478,2025-11-24
21480,2025-05-29
21483,2025-05-29
21487,2025-06-24
21488,2025-05-29
21489,2025-05-20
21490,2025-05-20
21493,2025-06-27
21494,2025-06-02
21496,2025-05-23
21496,2025-06-27
21498,2025-04-25
21500,2025-05-20
21501,2025-05-28
21501,2025-06-02
21502,2025-05-23
21504,2025-05-23
21508,2025-05-20
21510,2025-06-17
21517,2025-05-23
21518,2025-06-02
21519,2025-05-30
21520,2025-07-01
21522,2025-05-26
21526,2025-07-09
21527,2025-05-21
21529,2025-05-29
21530,2025-05-26
21532,2026-06-30
21533,2025-06-23
21534,2025-05-20
21536,2025-05-21
21539,2025-05-20
21541,2025-05-21
21542,2025-06-02
21543,2025-04-25
21548,2025-07-23
21549,2025-09-02
21551,2025-06-20
21557,2025-05-20
21558,2025-06-17
21559,2025-06-17
21561,2025-05-16
21563,2025-05-29
21564,2025-05-29
21565,2025-05-23
21568,2025-06-17
21569,2025-05-20
21571,2025-07-02
21573,2025-05-28
21574,2025-06-02
21575,2025-06-02
21580,2025-05-19
21581,2025-06-27
21582,2025-07-03
21583,2025-07-09
21590,2025-06-24
21593,2025-05-21
21595,2025-05-20
21596,2025-05-16
21599,2025-05-12
21600,2025-04-25
21603,2025-07-28
21605,2025-06-17
21607,2025-05-16
21608,2025-05-30
21609,2025-05-30
21610,2025-05-20
21612,2025-04-28
21614,2025-07-28
21616,2025-05-29
21618,2025-06-03
21622,2025-06-03
21623,2025-06-03
21624,2025-06-03
21625,2025-07-02
21628,2025-06-03
21631,2025-05-21
21632,2025-05-12
21633,2025-06-02
21633,2025-05-28
21639,2025-05-23
21641,2025-05-29
21642,2025-04-28
21643,2025-05-23
21644,2025-04-22
21647,2025-05-16
21652,2025-05-23
21655,2025-05-21
21662,2025-06-25
21664,2025-06-17
21666,2025-06-03
21667,2025-06-03
21668,2025-06-25
21669,2025-05-20
21673,2025-06-03
21675,2025-04-24
21676,2025-06-17
21677,2025-05-13
21679,2025-07-16
21680,2025-06-27
21681,2025-06-27
21684,2025-06-03
21687,2025-07-29
21689,2025-04-25
21691,2025-04-25
21694,2025-07-14
21695,2025-06-03
21696,2025-06-17
21697,2025-06-17
21703,2025-07-28
21706,2025-06-03
21708,2025-06-03
21709,2025-06-03
21711,2025-06-30
21712,2025-05-20
21714,2025-06-20
21715,2025-06-20
21718,2025-07-22
21721,2025-05-20
21722,2025-05-12
21723,2025-06-03
21732,2025-06-03
21733,2025-07-03
21736,2025-04-22
21739,2025-06-02
21740,2025-05-16
21743,2025-06-03
21746,2025-04-28
21747,2025-05-26
21750,2025-04-21
21753,2025-07-15
21754,2025-05-16
21757,2025-07-03
21758,2025-06-03
21760,2025-06-17
21766,2025-04-28
21767,2025-06-23
21768,2025-05-13
21772,2025-07-04
21772,2025-05-30
21773,2025-05-16
21775,2025-07-08
21777,2025-05-12
21778,2025-11-26
21779,2025-06-03
21781,2025-06-03
21782,2025-06-03
21786,2025-06-25
21788,2025-04-21
21789,2025-06-25
21790,2025-06-25
21795,2025-07-28
21797,2025-06-05
21798,2025-06-02
21800,2026-06-23
21803,2025-07-28
21804,2025-05-30
21805,2025-05-20
21807,2025-07-30
21808,2025-05-20
21809,2025-05-26
21811,2025-05-26
21813,2025-06-05
21819,2025-06-25
21821,2025-07-09
21822,2025-05-30
21822,2025-06-27
21823,2025-04-28
21825,2025-05-21
21825,2025-06-18
21826,2025-06-05
21827,2025-06-05
21828,2025-05-20
21829,2025-06-02
21830,2025-05-13
21834,2025-06-27
21835,2025-05-20
21837,2025-05-16
21841,2025-05-16
21842,2025-05-30
21844,2025-05-30
21848,2025-07-15
21849,2025-04-24
21854,2025-06-19
21856,2025-06-05
21857,2025-06-25
21858,2025-07-16
21860,2025-07-03
21863,2025-07-29
21865,2025-05-26
21866,2025-07-29
21867,2025-05-26
21869,2025-07-09
21870,2025-06-25
21871,2025-05-26
21873,2025-07-15
21874,2025-07-09
21876,2025-05-16
21881,2025-05-19
21884,2025-05-13
21889,2025-06-17
21890,2025-06-03
21891,2025-06-03
21893,2025-06-03
21894,2025-06-30
21898,2025-06-17
21900,2025-06-24
21902,2025-06-03
21906,2025-06-02
21907,2025-05-26
21912,2025-05-16
21913,2025-07-15
21914,2025-07-30
21915,2025-05-16
21917,2025-05-13
21919,2025-05-26
21921,2025-05-20
21925,2025-07-22
21926,2025-06-03
21928,2025-07-22
21929,2025-05-13
21932,2025-06-03
21934,2025-05-13
21935,2025-07-28
21936,2025-07-01
21937,2025-05-13
21938,2025-05-26
21940,2025-06-19
21941,2025-06-03
21944,2025-05-19
21945,2025-12-23
21946,2025-05-29
21947,2025-06-26
21950,2025-06-03
21952,2025-06-26
21953,2025-05-13
21956,2025-07-28
21957,2025-06-02
21958,2025-07-07
21959,2025-06-17
21960,2025-07-03
21961,2025-05-19
21969,2025-07-16
21970,2025-06-17
21971,2025-07-30
21972,2025-06-02
21973,2025-06-02
21978,2025-06-03
21979,2025-06-03
21980,2025-06-19
21981,2025-05-20
21983,2025-06-17
21985,2025-06-03
21991,2025-06-19
21995,2025-05-27
21997,2025-05-30
21998,2025-06-30
22000,2025-05-28
22001,2025-07-14
22003,2025-06-27
22005,2025-07-15
22007,2025-07-15
22009,2025-07-01
22010,2025-05-27
22011,2025-05-27
22012,2025-05-27
22013,2025-05-26
22014,2025-06-27
22014,2025-05-30
22015,2025-05-20
22016,2025-05-20
22018,2025-06-17
22019,2025-06-03
22020,2025-06-03
22022,2025-06-30
22024,2025-05-19
22029,2025-05-20
22030,2025-05-16
22033,2025-06-02
22036,2025-05-19
22038,2025-05-19
22042,2025-07-03
22042,2025-07-31
22045,2025-11-25
22046,2025-07-29
22047,2025-07-29
22050,2025-08-26
22051,2025-11-25
22053,2025-04-21
22054,2025-05-27
22056,2025-05-27
22059,2025-04-28
22062,2025-06-03
22063,2025-07-16
22066,2025-08-21
22067,2025-07-01
22071,2025-06-17
22076,2025-06-26
22080,2025-07-31
22081,2025-05-12
22083,2025-05-16
22087,2025-07-09
22088,2025-04-21
22089,2025-06-03
22091,2025-05-20
22092,2025-05-16
22093,2025-07-08
22095,2025-05-16
22096,2025-04-25
22099,2025-06-03
22101,2025-05-20
22102,2025-07-08
22104,2025-06-27
22108,2025-05-12
22109,2025-06-19
22114,2025-05-16
22117,2025-06-23
22119,2025-06-02
22120,2025-06-09
22121,2025-06-30
22122,2025-06-30
22124,2025-05-28
22126,2025-05-26
22128,2025-05-13
22129,2025-06-30
22131,2025-05-23
22133,2025-07-14
22134,2025-06-30
22136,2025-06-03
22137,2025-06-03
22139,2025-05-29
22143,2025-05-20
22144,2025-06-03
22145,2025-07-21
22147,2025-05-16
22150,2025-06-30
22151,2025-07-02
22153,2025-09-01
22154,2025-07-15
22155,2025-07-14
22156,2025-04-22
22162,2025-07-02
22163,2025-05-16
22164,2025-07-01
22166,2025-06-05
22169,2025-07-18
22169,2025-07-14
22171,2025-05-20
22176,2025-06-03
22177,2025-04-25
22178,2025-07-14
22180,2025-06-26
22183,2025-08-12
22184,2025-06-27
22185,2025-05-16
22186,2025-05-20
22187,2025-05-16
22188,2025-07-01
22190,2025-04-21
22191,2025-09-02
22193,2025-08-04
22194,2025-05-12
22199,2025-06-27
22201,2025-05-05
22204,2025-06-03
22205,2025-05-12
22208,2025-05-20
22209,2025-05-15
22210,2025-07-01
22211,2025-07-01
22212,2025-05-12
22214,2025-05-26
22218,2025-06-03
22221,2025-08-04
22222,2025-05-16
22224,2025-06-27
22226,2025-06-09
22232,2025-06-17
22235,2025-07-08
22236,2025-05-29
22241,2025-07-04
22242,2025-06-05
22243,2025-08-04
22244,2025-05-21
22246,2025-06-02
22250,2025-06-03
22251,2025-07-02
22255,2025-06-23
22257,2025-06-03
22258,2025-05-20
22259,2025-06-02
22260,2025-07-03
22260,2025-07-31
22261,2025-07-31
22263,2025-08-04
22265,2025-05-19
22268,2025-05-12
22269,2025-07-01
22271,2025-06-17
22274,2025-05-12
22276,2025-06-05
22278,2025-08-04
22280,2025-05-20
22283,2025-08-13
22288,2025-05-15
22290,2025-07-01
22292,2025-08-18
22296,2025-05-16
22297,2025-05-15
22302,2025-04-21
22304,2025-05-15
22306,2025-07-01
22308,2025-07-29
22310,2025-06-02
22311,2025-06-03
22312,2025-07-01
22313,2025-05-12
22313,2025-04-22
22315,2025-05-20
22316,2025-05-21
22317,2025-06-03
22318,2025-04-25
22321,2025-06-03
22322,2025-06-03
22323,2025-06-24
22328,2025-05-12
22329,2025-08-04
22330,2025-05-12
22332,2025-08-19
22333,2025-05-30
22334,2025-06-27
22335,2025-08-19
22336,2025-04-25
22337,2025-08-19
22338,2025-05-20
22339,2025-07-01
22340,2025-08-19
22341,2025-06-24
22342,2025-05-12
22346,2025-05-27
22348,2025-05-16
22349,2025-06-05
22350,2025-06-03
22353,2025-06-24
22355,2025-07-03
22359,2025-08-27
22360,2025-06-03
22362,2025-05-20
22363,2025-07-01
22364,2025-08-19
22365,2025-08-19
22368,2025-06-03
22368,2025-05-20
22369,2025-06-25
22370,2025-06-27
22373,2025-06-24
22374,2025-06-24
22378,2025-06-05
22384,2025-05-20
22385,2025-06-27
22387,2025-05-20
22388,2025-06-23
22397,2025-07-03
22398,2025-06-19
22399,2025-06-03
22400,2025-04-22
22401,2025-05-15
22403,2025-06-05
22405,2025-06-27
22406,2025-08-04
22407,2025-08-19
22409,2025-09-01
22410,2025-08-19
22412,2025-05-20
22413,2025-04-29
22414,2025-07-04
22416,2025-06-02
22417,2025-06-04
22419,2025-07-01
22423,2025-06-05
22427,2025-06-23
22429,2025-05-27
22431,2025-06-05
22432,2025-04-25
22433,2025-06-23
22435,2025-05-19
22442,2025-06-19
22445,2026-06-08
22447,2025-07-31
22448,2025-06-03
22450,2025-04-25
22451,2025-06-05
22454,2025-05-13
22455,2025-05-20
22458,2025-06-19
22459,2025-08-12
22460,2025-06-30
22462,2025-09-09
22463,2025-05-20
22464,2025-08-04
22465,2025-05-27
22466,2025-08-04
22471,2025-05-28
22476,2025-07-04
22479,2025-06-05
22483,2025-06-19
22486,2025-05-12
22487,2025-06-19
22489,2025-06-05
22490,2025-08-12
22491,2025-05-13
22493,2025-05-27
22495,2025-05-13
22501,2025-06-04
22504,2025-06-04
22505,2025-06-05
22508,2025-05-15
22512,2025-05-13
22514,2025-05-13
22515,2025-05-13
22516,2025-06-05
22517,2025-06-05
22519,2025-06-09
22520,2025-06-27
22522,2025-05-16
22523,2025-05-16
22526,2025-05-15
22528,2025-06-19
22529,2025-08-05
22530,2025-05-12
22531,2025-05-16
22532,2026-06-09
22539,2025-08-19
22541,2025-08-19
22543,2025-06-19
22544,2025-05-15
22546,2025-06-27
22547,2025-05-29
22550,2025-06-09
22551,2025-06-09
22552,2025-06-09
22554,2025-04-28
22555,2025-06-04
22556,2025-08-20
22558,2025-06-16
22559,2025-05-16
22561,2025-05-21
22562,2025-05-29
22563,2025-06-25
22565,2025-04-24
22567,2025-06-04
22569,2025-06-23
22570,2025-06-16
22576,2025-05-13
22577,2025-08-20
22578,2025-06-05
22582,2025-08-20
22583,2025-06-24
22584,2025-05-30
22589,2025-05-16
22590,2025-08-20
22592,2025-06-04
22596,2025-05-29
22600,2025-08-27
22603,2025-05-15
22606,2025-05-12
22607,2025-05-15
22608,2025-07-04
22611,2025-06-25
22612,2025-07-07
22615,2025-04-22
22621,2025-06-24
22624,2025-07-03
22626,2025-06-19
22627,2025-06-19
22629,2025-06-16
22633,2025-08-21
22634,2025-05-13
22638,2025-07-04
22639,2025-06-27
22640,2025-05-16
22642,2025-06-04
22643,2025-07-10
22649,2025-06-04
22653,2025-06-05
22654,2025-04-25
22655,2025-08-20
22661,2025-06-26
22664,2025-07-08
22669,2025-07-01
22670,2025-05-13
22671,2025-05-15
22673,2025-07-01
22676,2025-07-29
22677,2025-07-17
22678,2025-04-22
22680,2025-07-03
22682,2025-06-27
22688,2025-06-27
22689,2025-07-04
22691,2025-06-04
22692,2025-05-09
22693,2025-06-23
22696,2025-06-24
22697,2025-06-05
22698,2025-06-05
22699,2025-06-16
22700,2025-09-08
22702,2025-06-27
22704,2025-05-19
22705,2025-06-04
22707,2025-06-05
22711,2025-05-16
22713,2025-05-20
22714,2025-07-01
22715,2025-08-20
22716,2025-08-20
22717,2025-05-30
22718,2025-08-20
22719,2025-08-20
22720,2025-09-09
22721,2025-08-27
22722,2025-05-23
22723,2025-09-09
22724,2025-08-27
22725,2025-08-05
22727,2025-06-09
22728,2025-05-13
22730,2025-08-04
22732,2025-05-23
22733,2025-05-23
22734,2025-08-27
22735,2025-08-05
22736,2025-08-27
22738,2025-06-03
22739,2025-08-27
22741,2025-06-26
22743,2025-05-30
22749,2025-07-01
22754,2025-05-23
22755,2025-06-27
22756,2025-08-27
22757,2025-07-04
22758,2025-05-30
22759,2025-05-23
22760,2025-05-23
22762,2025-06-09
22763,2025-05-15
22764,2025-05-23
22768,2025-05-23
22773,2025-05-12
22774,2025-07-07
22776,2025-06-09
22777,2025-06-09
22781,2025-05-20
22782,2025-05-19
22783,2025-06-30
22786,2025-07-03
22788,2025-04-22
22789,2025-05-20
22791,2025-06-17
22793,2025-06-18
22794,2025-06-18
22796,2025-06-17
22797,2025-08-05
22799,2025-08-06
22800,2025-06-18
22801,2025-08-06
22804,2025-07-03
22805,2025-05-20
22808,2025-08-06
22810,2025-07-04
22812,2025-06-20
22813,2025-05-23
22814,2025-05-23
22816,2025-04-25
22817,2025-06-18
22818,2025-06-20
22819,2025-07-03
22821,2025-05-19
22824,2025-06-17
22825,2025-08-06
22826,2025-07-11
22830,2025-07-28
22834,2025-06-23
22836,2025-06-23
22840,2025-07-08
22841,2025-07-03
22844,2025-05-12
22849,2025-09-01
22850,2025-05-26
22851,2025-07-01
22852,2025-05-20
22857,2025-07-29
22858,2025-05-19
22864,2025-06-24
22868,2025-06-27
22870,2025-07-03
22872,2025-06-27
22873,2025-05-15
22874,2025-07-08
22876,2025-06-17
22879,2025-06-25
22883,2025-06-02
22884,2025-06-23
22885,2025-06-23
22886,2025-07-01
22889,2025-06-06
22896,2025-05-12
22897,2025-06-23
22898,2025-08-06
22899,2025-08-06
22900,2025-06-18
22903,2025-06-27
22906,2025-06-06
22907,2025-06-25
22909,2025-05-15
22910,2025-07-01
22915,2025-07-03
22917,2025-04-24
22918,2025-04-22
22921,2025-06-05
22922,2025-06-10
22924,2025-04-21
22925,2025-06-06
22927,2025-06-18
22930,2025-05-13
22932,2025-04-22
22933,2025-05-12
22935,2025-06-10
22936,2025-08-05
22941,2025-06-18
22942,2025-04-25
22943,2025-06-19
22949,2025-05-19
22949,2025-05-26
22950,2025-06-06
22953,2025-06-10
22956,2025-06-23
22956,2025-05-21
22957,2025-05-13
22959,2025-06-02
22966,2025-06-23
22967,2025-06-23
22969,2025-06-06
22971,2025-06-27
22973,2025-06-18
22974,2025-06-27
22976,2025-04-22
22977,2025-07-28
22980,2025-06-06
22982,2025-04-25
22983,2025-06-23
22986,2025-05-14
22988,2025-05-19
22990,2025-06-18
22995,2025-05-13
22998,2025-06-06
23000,2025-06-18
23001,2025-06-06
23003,2025-06-04
23005,2025-06-06
23006,2025-06-06
23008,2025-06-23
23009,2025-05-13
23010,2025-05-30
23012,2025-05-13
23013,2025-06-16
23015,2025-07-28
23021,2025-05-13
23022,2025-05-13
23024,2025-06-23
23025,2025-06-02
23026,2025-04-22
23027,2025-05-13
23028,2025-05-14
23029,2025-05-13
23031,2025-06-23
23035,2025-04-25
23037,2025-06-06
23038,2025-06-06
23039,2025-04-25
23048,2025-04-25
23050,2025-06-27
23052,2025-06-06
23055,2025-05-19
23057,2025-05-22
23058,2025-05-30
23059,2025-07-14
23060,2025-06-24
23061,2025-05-23
23062,2025-08-18
23064,2025-05-23
23065,2025-06-11
23072,2025-09-10
23076,2025-05-13
23078,2025-09-16
23079,2025-07-07
23082,2025-09-16
23084,2025-06-11
23087,2025-07-02
23088,2025-08-26
23090,2025-09-24
23095,2025-06-23
23098,2025-09-09
23099,2025-08-27
23101,2025-06-23
23102,2025-06-09
23105,2025-06-27
23107,2025-04-28
23110,2025-05-19
23111,2025-04-25
23115,2025-04-25
23116,2025-06-03
23116,2025-06-30
23117,2025-06-25
23119,2025-06-24
23120,2025-05-23
23131,2025-05-14
23134,2025-05-23
23138,2025-05-23
23138,2025-07-04
23139,2025-06-23
23141,2025-09-24
23142,2025-04-25
23144,2025-09-24
23148,2025-06-06
23149,2025-06-24
23150,2025-06-16
23155,2025-06-06
23157,2025-05-23
23158,2025-04-25
23159,2025-06-27
23160,2025-05-23
23162,2025-07-04
23163,2025-06-16
23165,2025-09-22
23167,2025-05-13
23168,2025-06-23
23169,2025-06-02
23171,2025-06-19
23173,2025-06-10
23174,2025-06-23
23175,2025-05-13
23177,2025-06-27
23178,2025-05-30
23179,2025-05-23
23180,2025-05-19
23183,2025-06-06
23184,2025-07-04
23187,2025-06-16
23188,2025-09-22
23189,2025-09-22
23190,2025-09-22
23196,2025-09-01
23197,2025-06-10
23200,2025-06-16
23202,2025-04-21
23208,2025-06-27
23210,2025-06-23
23212,2025-06-23
23217,2025-05-05
23220,2025-05-19
23221,2025-05-26
23224,2025-07-04
23224,2025-06-27
23227,2025-05-23
23230,2025-07-28
23231,2025-07-28
23232,2025-06-23
23235,2025-06-23
23236,2025-04-28
23237,2025-07-14
23238,2025-06-16
23239,2025-06-10
23240,2025-05-19
23244,2025-07-01
23245,2025-06-10
23247,2025-06-10
23248,2025-07-29
23252,2025-07-03
23259,2025-06-10
23261,2025-06-10
23263,2025-06-19
23264,2025-05-20
23265,2025-05-20
23268,2025-05-20
23271,2025-06-19
23272,2025-06-19
23273,2025-08-05
23277,2025-06-10
23280,2025-05-20
23282,2025-07-01
23283,2025-06-10
23292,2025-06-10
23294,2025-06-10
23296,2025-06-19
23298,2025-06-19
23299,2025-06-24
23303,2025-06-16
23304,2025-06-09
23305,2025-05-19
23306,2025-08-04
23311,2025-06-23
23312,2025-05-12
23314,2025-05-14
23314,2025-04-21
23315,2025-05-19
23316,2025-05-20
23319,2025-07-29
23320,2025-05-20
23323,2025-05-20
23332,2025-06-16
23333,2025-06-10
23334,2025-05-20
23337,2025-09-22
23339,2025-06-06
23340,2025-06-02
23342,2025-06-16
23344,2025-06-10
23346,2025-06-10
23348,2025-06-19
23349,2025-05-20
23350,2025-07-03
23351,2025-06-10
23352,2025-06-16
23353,2025-07-03
23354,2025-05-20
23355,2025-05-13
23358,2025-06-30
23360,2025-06-10
23367,2025-07-03
23369,2025-06-12
23370,2025-06-19
23374,2025-06-23
23374,2025-05-19
23377,2025-07-01
23378,2025-07-29
23379,2025-06-17
23381,2025-05-13
23388,2025-06-17
23389,2025-04-24
23391,2025-06-05
23394,2025-06-05
23395,2025-06-05
23396,2025-05-15
23400,2025-05-23
23402,2025-06-05
23404,2025-06-05
23407,2025-06-05
23409,2025-06-06
23410,2025-07-01
23413,2025-06-05
23421,2025-07-01
23422,2025-06-05
23424,2025-05-23
23430,2025-05-13
23431,2025-06-19
23432,2025-06-03
23435,2025-06-12
23437,2025-06-12
23439,2025-06-19
23442,2025-07-17
23445,2025-06-12
23447,2025-07-03
23448,2025-05-13
23450,2025-04-22
23457,2025-05-13
23458,2025-05-13
23459,2025-06-24
23461,2025-06-05
23463,2025-07-29
23466,2025-06-24
23467,2025-05-15
23468,2025-06-12
23469,2025-05-13
23470,2025-07-01
23471,2025-06-05
23472,2025-06-24
23474,2025-05-13
23475,2025-07-03
23477,2025-05-13
23480,2025-05-13
23490,2025-08-06
23495,2025-06-05
23497,2025-05-13
23499,2025-06-05
23501,2025-07-10
23501,2025-06-24
23502,2025-07-29
23504,2025-05-13
23506,2025-07-01
23507,2025-07-29
23509,2025-06-05
23510,2025-07-01
23512,2025-07-08
23513,2025-05-13
23515,2025-06-26
23519,2025-06-26
23521,2025-06-05
23528,2025-05-13
23529,2025-06-10
23530,2025-06-10
23531,2025-06-26
23533,2025-06-10
23537,2025-05-13
23547,2025-06-10
23548,2025-06-19
23550,2025-07-29
23554,2025-07-03
23555,2025-05-13
23559,2025-07-01
23564,2025-05-13
23565,2025-07-03
23566,2025-04-22
23567,2025-06-12
23569,2025-06-17
23570,2025-06-19
23576,2025-05-13
23577,2025-05-13
23579,2025-06-19
23581,2025-07-29
23582,2025-06-12
23583,2025-05-13
23584,2025-04-22
23586,2025-06-12
23590,2025-06-16
23593,2025-04-21
23595,2025-06-09
23597,2025-05-19
23599,2025-06-09
23600,2025-06-23
23602,2025-05-19
23604,2025-06-09
23606,2025-06-09
23607,2025-06-09
23608,2025-06-30
23609,2025-06-09
23610,2025-06-30
23612,2025-05-19
23613,2025-06-30
23614,2025-04-21
23615,2025-07-28
23619,2025-07-28
23621,2025-05-19
23625,2025-07-28
23626,2025-06-09
23627,2025-06-30
23629,2025-05-19
23632,2025-05-23
23636,2025-07-03
23637,2025-06-09
23640,2025-05-20
23641,2025-06-09
23642,2025-05-19
23644,2025-05-19
23647,2025-06-09
23649,2026-03-27
23650,2026-03-27
23651,2025-07-28
23654,2025-05-19
23660,2025-06-30
23662,2025-05-19
23663,2025-06-30
23667,2025-06-10
23668,2025-06-09
23669,2025-06-30
23670,2025-06-09
23671,2025-05-19
23674,2025-06-09
23676,2025-06-09
23677,2025-06-09
23680,2025-06-30
23681,2025-05-19
23684,2025-06-09
23685,2025-06-09
23687,2025-05-19
23689,2025-05-26
23691,2025-06-23
23692,2025-06-23
23693,2025-06-23
23694,2025-06-30
23695,2025-06-23
23696,2025-07-28
23697,2025-04-21
23700,2025-04-21
23701,2025-06-09
23702,2025-09-22
23703,2025-05-19
23704,2025-05-19
23706,2025-05-19
23707,2025-05-19
23708,2025-06-09
23709,2025-06-23
23711,2025-06-12
23713,2025-06-02
23715,2025-09-22
23718,2025-06-30
23719,2025-08-18
23723,2025-09-22
23724,2025-07-07
23725,2025-09-22
23727,2025-08-26
23729,2025-09-23
23730,2025-07-30
23730,2025-07-07
23731,2025-08-18
23733,2025-08-13
23734,2025-09-23
23735,2025-08-13
23736,2025-09-23
23737,2025-09-23
23740,2025-08-13
23741,2025-05-27
23742,2025-06-30
23743,2025-07-07
23744,2025-06-09
23745,2025-06-10
23746,2025-05-13
23748,2025-06-10
23749,2025-05-19
23751,2025-06-04
23752,2025-07-07
23753,2025-05-12
23754,2025-05-12
23758,2025-09-23
23764,2025-05-12
23765,2025-06-19
23766,2025-06-12
23769,2025-06-23
23770,2025-05-15
23771,2025-04-22
23772,2025-05-15
23776,2025-07-03
23777,2025-07-01
23781,2025-06-12
23782,2025-06-12
23783,2025-06-17
23787,2025-06-19
23788,2025-07-03
23789,2025-06-17
23790,2025-07-01
23792,2025-07-03
23794,2025-06-10
23795,2025-05-15
23796,2025-06-10
23798,2025-06-10
23799,2025-07-07
23801,2025-07-28
23804,2025-06-19
23810,2025-06-19
23811,2025-06-10
23812,2025-05-23
23813,2025-06-10
23814,2025-05-15
23816,2025-05-15
23817,2025-05-15
23818,2025-05-15
23823,2025-05-15
23824,2025-06-19
23829,2025-05-15
23830,2025-08-12
23832,2025-06-10
23833,2025-09-23
23835,2025-06-19
23837,2025-09-23
23838,2025-06-10
23839,2025-06-23
23840,2025-06-10
23841,2025-05-22
23842,2025-06-24
23843,2025-07-07
23845,2025-05-22
23847,2025-06-10
23849,2025-06-10
23850,2025-06-10
23852,2025-07-01
23854,2025-07-29
23855,2025-06-17
23858,2025-06-17
23860,2025-05-30
23862,2025-06-10
23864,2025-06-17
23869,2025-06-17
23870,2025-05-22
23871,2025-07-03
23872,2025-06-17
23873,2025-09-23
23876,2025-06-17
23883,2025-05-22
23884,2025-05-12
23887,2025-06-17
23889,2025-05-22
23891,2025-06-27
23893,2025-07-01
23895,2025-06-19
23897,2025-05-22
23898,2025-06-05
23899,2025-07-29
23901,2025-07-03
23902,2025-06-10
23903,2025-06-17
23908,2025-06-17
23911,2025-06-26
23918,2025-05-21
23919,2025-05-12
23920,2025-06-23
23921,2025-05-12
23923,2025-06-23
23925,2025-05-19
23926,2025-06-16
23927,2025-05-12
23928,2025-11-10
23929,2025-09-23
23930,2025-09-23
23934,2025-06-16
23935,2025-06-27
23937,2025-06-30
23940,2025-08-26
23941,2025-09-24
23942,2025-07-07
23949,2025-06-26
23951,2025-07-29
23952,2025-09-24
23954,2025-06-23
23955,2025-06-27
23956,2025-06-09
23959,2025-06-17
23961,2025-06-19
23962,2025-07-29
23964,2025-09-24
23965,2025-05-23
23971,2025-06-23
23972,2025-06-23
23976,2025-05-21
23977,2025-05-21
23978,2025-05-23
23980,2025-06-19
23985,2025-05-21
23985,2025-05-27
23989,2025-06-26
23990,2025-07-01
23992,2025-05-13
23994,2025-06-10
23995,2025-06-17
23996,2025-05-13
23997,2025-06-10
23999,2025-06-17
24000,2025-05-13
24001,2025-06-10
24003,2025-05-13
24005,2025-05-23
24010,2025-06-16
24013,2025-06-17
24015,2026-03-27
24020,2025-06-12
24021,2025-05-13
24022,2025-08-12
24023,2025-06-10
24024,2025-06-09
24026,2025-06-26
24027,2025-07-29
24028,2025-05-30
24032,2025-06-26
24033,2025-06-12
24040,2025-07-01
24046,2025-05-13
24051,2025-05-13
24054,2025-06-30
24055,2025-05-15
24058,2025-05-23
24062,2025-07-02
24065,2025-06-30
24070,2025-05-12
24073,2025-05-23
24075,2025-04-28
24080,2025-05-23
24082,2025-05-12
24083,2025-05-21
24089,2025-06-12
24090,2025-06-05
24091,2025-06-05
24095,2025-05-23
24096,2025-05-15
24097,2025-05-15
24098,2025-06-27
24099,2025-06-24
24100,2025-09-24
24101,2025-05-23
24104,2025-05-23
24105,2025-05-12
24108,2025-08-13
24109,2025-06-12
24110,2025-09-24
24113,2025-06-27
24121,2025-06-16
24123,2025-06-27
24124,2025-06-27
24125,2025-05-13
24127,2025-04-22
24129,2025-09-24
24130,2025-06-30
24132,2025-04-23
24135,2025-05-20
24136,2025-05-20
24136,2025-05-27
24137,2025-05-20
24138,2025-04-22
24143,2025-05-23
24147,2025-06-27
24147,2025-07-11
24148,2025-06-27
24149,2025-05-23
24151,2025-06-16
24156,2025-06-27
24158,2025-06-16
24159,2025-05-23
24163,2025-05-20
24164,2025-05-23
24170,2025-05-23
24174,2025-06-16
24177,2025-05-19
24178,2025-05-23
24181,2025-06-19
24184,2025-06-27
24185,2025-06-24
24189,2025-05-23
24190,2025-05-19
24192,2025-04-28
24193,2025-04-21
24196,2025-06-27
24197,2025-06-16
24198,2025-06-27
24199,2025-05-23
24200,2025-05-23
24203,2025-06-27
24204,2025-05-23
24208,2025-04-22
24209,2026-03-27
24211,2025-08-04
24213,2025-05-26
24214,2025-06-27
24216,2025-10-07
24216,2025-10-27
24218,2025-05-20
24220,2025-06-16
24222,2025-06-27
24223,2025-05-23
24224,2025-07-02
24225,2025-06-27
24226,2025-04-28
24230,2025-05-19
24233,2025-05-23
24234,2025-07-02
24235,2025-06-27
24237,2025-05-23
24238,2025-05-23
24240,2025-10-06
24242,2025-04-25
24245,2025-05-27
24246,2025-05-27
24250,2025-06-03
24252,2025-06-16
24253,2025-06-16
24254,2025-05-23
24255,2025-06-16
24256,2025-06-16
24257,2025-06-16
24258,2025-06-03
24259,2025-06-10
24260,2025-05-15
24261,2025-05-21
24263,2025-06-16
24264,2025-06-05
24266,2025-05-21
24267,2025-05-21
24268,2025-05-12
24269,2025-06-05
24270,2025-06-23
24271,2025-10-06
24276,2025-05-12
24277,2025-06-04
24278,2025-07-02
24284,2025-06-27
24289,2025-07-03
24291,2025-05-15
24292,2025-06-16
24293,2025-06-12
24294,2025-06-26
24295,2025-06-26
24299,2025-07-29
24300,2025-06-26
24305,2025-05-15
24308,2025-07-29
24310,2025-06-16
24313,2025-10-06
24319,2025-10-08
24321,2025-10-08
24322,2025-10-07
24323,2025-10-22
24324,2025-06-17
24325,2025-10-08
24327,2025-10-08
24328,2025-10-08
24332,2025-06-17
24333,2025-10-08
24335,2025-06-16
24337,2025-09-29
24339,2025-06-17
24340,2025-06-17
24342,2025-08-27
24346,2025-08-06
24348,2025-06-09
24350,2025-08-06
24353,2025-05-15
24354,2025-05-15
24355,2025-07-08
24356,2025-09-29
24357,2025-06-09
24358,2025-10-08
24360,2025-10-08
24361,2025-05-26
24362,2025-05-15
24364,2025-06-12
24365,2025-06-26
24367,2025-06-12
24368,2025-07-28
24369,2025-05-15
24370,2025-05-15
24371,2025-06-12
24372,2025-06-24
24373,2025-07-08
24374,2025-05-15
24375,2025-05-23
24377,2025-05-15
24378,2025-05-23
24379,2025-06-17
24381,2025-05-23
24382,2025-07-02
24384,2025-05-21
24386,2025-08-18
24387,2025-05-23
24389,2025-05-26
24390,2025-06-16
24391,2025-07-28
24392,2025-05-26
24396,2025-09-22
24407,2025-05-26
24408,2025-05-27
24411,2025-06-10
24412,2025-06-10
24415,2025-06-19
24418,2025-06-24
24419,2025-06-24
24421,2025-10-08
24423,2025-05-23
24428,2025-05-23
24430,2025-06-30
24431,2025-05-26
24432,2025-09-29
24436,2025-05-26
24437,2025-06-16
24438,2025-06-27
24440,2025-05-23
24443,2025-06-23
24444,2025-05-26
24445,2025-05-27
24446,2025-06-27
24448,2025-05-23
24456,2025-04-21
24456,2025-04-22
24457,2025-06-27
24460,2025-10-13
24464,2025-06-03
24465,2025-05-23
24466,2025-05-13
24470,2025-05-23
24472,2025-06-10
24473,2025-05-30
24474,2025-09-29
24479,2025-06-17
24480,2025-09-29
24482,2025-08-13
24483,2025-05-23
24485,2025-10-22
24486,2025-06-17
24487,2025-06-10
24492,2025-06-17
24493,2025-06-09
24494,2025-10-13
24498,2025-10-13
24499,2025-10-13
24502,2025-06-20
24505,2025-06-30
24509,2025-05-23
24512,2025-06-24
24513,2025-10-13
24517,2025-06-27
24518,2025-06-09
24520,2025-05-23
24521,2025-06-27
24522,2025-10-22
24523,2025-05-12
24524,2025-06-10
24526,2025-06-26
24529,2025-05-06
24529,2025-05-27
24529,2025-05-13
24533,2025-05-27
24535,2025-05-13
24535,2025-05-06
24536,2025-09-29
24538,2025-06-27
24540,2025-06-24
24542,2025-06-24
24544,2025-09-29
24548,2025-06-09
24549,2025-10-13
24550,2025-09-29
24551,2025-10-14
24552,2025-08-18
24554,2025-08-06
24558,2025-06-10
24560,2025-07-01
24564,2025-05-22
24565,2025-05-22
24566,2025-05-23
24568,2025-05-22
24571,2025-05-22
24574,2025-06-24
24575,2025-06-05
24576,2025-05-23
24577,2025-06-16
24578,2025-06-05
24582,2025-09-30
24583,2025-06-17
24591,2025-09-30
24592,2025-09-30
24593,2025-06-11
24594,2025-05-22
24596,2025-06-11
24597,2025-08-18
24601,2025-06-10
24602,2025-06-10
24603,2025-06-10
24604,2025-06-10
24606,2025-08-18
24609,2025-06-11
24610,2025-06-20
24611,2025-06-27
24612,2025-06-20
24615,2025-06-20
24616,2025-06-11
24617,2025-09-30
24618,2025-05-22
24619,2025-06-24
24622,2025-09-30
24623,2025-08-04
24625,2025-06-27
24627,2025-05-23
24628,2025-05-23
24630,2025-08-13
24631,2025-04-25
24633,2025-05-23
24635,2025-06-06
24636,2025-07-04
24637,2025-05-12
24639,2025-06-16
24640,2025-10-06
24642,2025-06-24
24647,2025-08-18
24649,2025-09-30
24651,2025-06-09
24652,2025-06-05
24653,2025-06-11
24654,2025-08-18
24656,2025-07-01
24657,2025-09-30
24658,2025-06-20
24658,2025-06-20
24661,2025-08-26
24662,2025-06-09
24664,2025-06-11
24665,2025-06-11
24666,2025-06-09
24670,2025-08-21
24671,2025-06-26
24672,2025-07-08
24675,2025-05-23
24677,2025-06-26
24678,2025-08-13
24679,2025-05-27
24680,2025-06-20
24681,2025-06-16
24684,2025-05-23
24687,2025-06-11
24692,2025-05-22
24693,2025-08-21
24694,2025-06-24
24695,2025-06-10
24697,2025-05-23
24701,2025-06-10
24703,2025-09-30
24704,2025-04-25
24705,2025-06-06
24706,2025-06-27
24707,2025-06-04
24708,2025-05-23
24710,2025-05-23
24712,2025-06-06
24716,2025-09-30
24717,2025-06-16
24718,2025-06-27
24719,2025-05-30
24720,2025-06-06
24723,2025-06-10
24725,2025-06-16
24726,2025-07-08
24729,2025-05-12
24730,2025-07-08
24732,2025-10-06
24736,2025-06-20
24737,2025-06-16
24738,2025-06-16
24739,2025-06-20
24740,2025-05-23
24743,2025-06-20
24744,2025-06-20
24747,2025-09-30
24748,2025-08-13
24752,2025-06-26
24756,2025-05-30
24757,2025-08-05
24758,2025-06-10
24759,2025-10-21
24760,2025-06-12
24761,2025-06-20
24762,2025-10-06
24763,2025-07-28
24767,2025-10-06
24768,2025-10-06
24769,2025-05-12
24770,2025-05-23
24772,2025-06-27
24773,2025-05-22
24775,2025-04-25
24776,2025-05-23
24777,2025-05-23
24778,2025-04-25
24779,2025-06-20
24780,2025-05-12
24781,2025-06-27
24782,2025-05-12
24783,2025-05-23
24784,2025-06-30
24785,2025-10-06
24786,2025-10-14
24790,2025-10-06
24791,2025-10-07
24793,2025-07-01
24794,2025-06-16
24799,2025-07-30
24800,2025-05-22
24801,2025-04-24
24802,2025-05-27
24808,2025-07-03
24809,2025-06-24
24810,2025-06-20
24811,2025-05-23
24812,2025-06-20
24815,2025-05-23
24817,2025-05-22
24819,2025-06-27
24820,2025-05-23
24823,2025-06-10
24824,2025-05-22
24825,2025-05-22
24826,2025-07-01
24828,2025-06-20
24829,2025-07-03
24830,2025-10-08
24837,2025-06-10
24838,2025-06-12
24840,2025-06-27
24841,2025-06-20
24844,2025-10-07
24847,2025-10-21
24848,2025-06-27
24849,2025-05-23
24851,2025-06-24
24852,2025-06-12
24854,2025-06-27
24856,2025-06-24
24858,2025-05-22
24862,2025-05-22
24863,2025-05-23
24866,2025-10-07
24868,2026-06-30
24870,2025-10-07
24871,2025-05-12
24872,2025-05-12
24874,2025-05-23
24875,2025-10-21
24876,2025-06-16
24878,2025-06-23
24879,2025-05-22
24881,2025-06-16
24882,2025-10-21
24883,2025-06-20
24884,2025-06-27
24887,2025-06-12
24888,2025-05-22
24889,2025-10-22
24890,2025-06-12
24892,2025-06-30
24894,2025-04-25
24898,2025-05-23
24900,2025-06-27
24901,2025-06-04
24903,2025-05-23
24905,2025-05-23
24906,2025-04-21
24911,2025-06-30
24912,2025-06-20
24913,2025-05-12
24916,2025-06-27
24917,2025-05-23
24918,2025-06-19
24919,2025-05-23
24920,2025-06-10
24921,2025-05-23
24924,2025-06-20
24926,2025-07-14
24927,2025-05-12
24928,2025-07-21
24929,2025-06-24
24929,2025-06-17
24929,2025-05-22
24930,2025-06-20
24932,2025-04-25
24934,2025-06-10
24937,2025-07-15
24938,2025-05-22
24941,2025-10-21
24942,2025-10-08
24943,2025-05-22
24944,2025-10-07
24946,2025-06-10
24948,2025-06-12
24949,2025-06-12
24951,2025-06-12
24953,2025-06-23
24954,2025-05-12
24960,2025-07-29
24962,2025-06-12
24963,2025-07-28
24967,2025-06-20
24970,2025-06-12
24971,2025-04-28
24972,2025-05-22
24973,2025-05-30
24975,2025-06-20
24976,2025-05-30
24978,2025-06-27
24981,2025-06-27
24983,2025-06-20
24984,2025-07-01
24986,2025-05-30
24987,2025-10-21
24988,2025-06-26
24990,2025-06-20
24993,2025-06-03
24994,2025-05-26
24995,2025-10-07
24996,2025-07-28
24997,2025-05-26
24999,2025-05-06
24999,2025-05-13
25000,2025-10-07
25007,2025-07-07
25009,2025-07-28
25010,2025-06-23
25011,2025-06-06
25011,2025-05-30
25012,2025-05-30
25013,2025-06-27
25015,2025-06-20
25019,2025-05-22
25024,2025-06-26
25025,2025-05-22
25026,2025-06-26
25027,2025-06-24
25030,2025-06-24
25031,2025-06-26
25033,2025-05-22
25037,2025-05-30
25039,2025-04-22
25045,2025-05-23
25047,2025-06-27
25048,2025-05-23
25050,2025-05-23
25051,2025-06-20
25054,2025-05-23
25055,2025-06-24
25055,2025-06-26
25057,2025-06-24
25060,2025-05-22
25063,2025-06-24
25065,2025-05-22
25066,2025-05-23
25073,2025-10-07
25074,2025-04-21
25076,2025-06-03
25079,2025-09-09
25080,2025-10-13
25082,2025-07-21
25087,2025-05-23
25090,2025-04-25
25092,2025-05-23
25095,2025-06-27
25096,2025-06-27
25099,2025-05-23
25100,2025-06-27
25101,2025-07-14
25103,2025-05-23
25105,2025-06-17
25106,2025-06-27
25108,2025-10-13
25114,2025-05-22
25117,2025-05-22
25118,2025-05-22
25119,2025-05-23
25122,2025-05-19
25125,2025-06-24
25126,2025-06-26
25129,2025-06-27
25131,2025-05-23
25132,2025-05-23
25136,2025-06-27
25139,2025-06-27
25143,2025-10-14
25145,2025-04-25
25147,2025-09-09
25148,2025-09-09
25149,2025-10-13
25151,2025-06-27
25153,2025-05-26
25155,2025-05-26
25156,2025-07-21
25158,2025-05-26
25162,2025-07-21
25163,2025-06-23
25164,2025-09-09
25166,2025-05-23
25167,2025-05-22
25168,2025-06-27
25170,2025-06-26
25172,2025-06-27
25174,2025-05-26
25176,2025-05-23
25179,2025-05-22
25180,2025-05-22
25183,2025-05-13
25184,2025-08-21
25185,2025-06-24
25187,2025-05-22
25188,2025-05-22
25190,2025-05-22
25191,2025-04-21
25196,2025-05-22
25197,2025-06-26
25198,2025-09-10
25200,2025-04-25
25202,2025-05-23
25204,2025-04-25
25205,2025-05-23
25207,2025-05-22
25208,2025-06-04
25209,2025-09-10
25214,2025-10-13
25215,2025-10-14
25216,2025-06-27
25225,2025-06-26
25227,2025-09-16
25230,2025-06-26
25232,2025-09-16
25233,2025-05-22
25235,2025-09-16
25239,2025-05-23
25240,2025-05-30
25243,2025-05-23
25246,2025-05-23
25247,2025-05-26
25248,2025-05-23
25249,2025-09-16
25253,2025-09-17
25255,2025-10-14
25256,2025-07-07
25257,2025-10-15
25258,2025-10-14
25260,2025-06-26
25261,2025-10-14
25262,2025-09-17
25263,2025-06-18
25265,2025-09-17
25267,2025-04-25
25268,2025-05-22
25273,2025-06-05
25275,2025-06-26
25276,2025-11-05
25281,2025-05-22
25283,2025-06-27
25284,2025-06-26
25285,2025-06-26
25287,2025-06-03
25289,2025-06-26
25292,2025-07-07
25293,2025-07-01
25294,2025-05-27
25295,2025-05-23
25298,2025-05-23
25299,2025-06-26
25300,2025-08-26
25304,2025-09-02
25310,2025-06-23
25312,2025-07-29
25313,2025-04-24
25314,2025-05-23
25316,2025-05-26
25319,2025-06-12
25320,2025-05-22
25321,2025-06-12
25322,2025-04-23
25325,2025-05-22
25330,2025-05-27
25331,2025-10-15
25334,2025-05-23
25340,2025-07-28
25343,2025-08-01
25346,2025-06-27
25347,2025-05-23
25351,2025-05-28
25354,2025-06-27
25359,2025-05-23
25361,2025-06-30
25365,2025-06-27
25366,2025-10-20
25369,2025-05-23
25373,2025-07-07
25374,2025-05-23
25376,2025-06-27
25380,2025-05-23
25381,2025-04-25
25382,2025-05-22
25384,2025-05-22
25386,2025-06-27
25388,2025-05-22
25389,2025-05-22
25391,2025-06-12
25392,2025-06-27
25394,2025-06-24
25400,2025-06-12
25401,2025-05-23
25403,2025-06-12
25404,2025-05-22
25405,2025-04-25
25407,2025-05-22
25409,2025-08-26
25410,2025-05-22
25413,2025-05-22
25414,2025-06-12
25415,2025-06-26
25416,2025-10-14
25420,2025-07-15
25422,2025-07-17
25424,2025-06-27
25425,2025-07-07
25426,2025-09-02
25428,2025-05-14
25428,2025-04-21
25429,2025-04-28
25431,2025-09-17
25432,2025-05-21
25435,2025-06-03
25438,2025-05-21
25441,2025-11-04
25442,2025-05-28
25444,2025-11-04
25445,2025-10-22
25446,2025-06-12
25449,2025-10-14
25450,2025-09-10
25455,2025-09-10
25456,2025-07-21
25457,2025-07-21
25458,2025-05-26
25459,2026-03-27
25460,2025-05-23
25463,2025-06-27
25464,2025-05-23
25466,2025-08-19
25467,2025-10-14
25468,2025-10-15
25469,2025-05-27
25471,2025-10-15
25477,2025-06-04
25479,2025-09-24
25480,2025-07-07
25485,2025-05-26
25486,2025-09-02
25487,2025-07-21
25488,2025-07-03
25489,2025-06-19
25491,2025-05-26
25494,2025-05-26
25495,2025-05-26
25496,2025-05-23
25503,2025-07-22
25504,2025-09-02
25505,2025-06-03
25508,2025-06-06
25512,2025-07-14
25514,2025-05-26
25516,2025-05-27
25517,2025-06-03
25521,2025-11-04
25523,2025-05-26
25524,2025-07-14
25525,2025-05-26
25526,2025-05-26
25528,2025-08-18
25529,2025-08-04
25530,2025-05-23
25533,2025-07-08
25542,2025-07-11
25544,2026-03-27
25545,2025-07-04
25548,2025-06-27
25551,2025-05-23
25554,2025-08-21
25556,2025-07-14
25559,2025-06-06
25566,2025-06-03
25570,2025-09-02
25573,2025-09-02
25575,2025-07-18
25576,2025-07-14
25577,2025-04-21
25578,2025-06-06
25581,2025-06-06
25582,2025-07-11
25588,2025-10-29
25590,2025-07-10
25592,2025-06-27
25595,2025-11-04
25596,2025-05-22
25597,2025-09-01
25598,2025-09-02
25599,2025-08-26
25600,2025-05-22
25601,2025-11-10
25604,2025-06-12
25605,2025-07-10
25607,2025-07-15
25608,2025-06-02
25608,2025-06-26
25609,2025-07-15
25610,2025-10-15
25611,2025-06-04
25612,2025-07-31
25614,2025-09-02
25615,2025-07-17
25616,2025-07-24
25618,2025-06-06
25619,2025-06-19
25622,2025-06-03
25623,2025-06-03
25626,2025-06-25
25628,2025-07-17
25631,2025-05-22
25633,2025-06-12
25634,2025-07-17
25635,2025-06-06
25636,2025-09-29
25638,2025-07-18
25642,2025-05-27
25644,2025-08-04
25645,2025-07-04
25646,2025-07-18
25649,2025-06-06
25650,2025-06-23
25651,2025-08-04
25652,2025-07-14
25654,2025-08-04
25655,2025-09-01
25656,2025-06-06
25658,2025-07-21
25660,2025-09-01
25662,2025-08-04
25664,2025-06-03
25665,2025-07-14
25666,2025-06-06
25667,2025-05-27
25670,2025-11-04
25672,2025-08-01
25673,2025-06-06
25674,2025-10-28
25677,2025-07-18
25680,2025-06-12
25682,2025-08-01
25686,2025-04-25
25687,2025-07-18
25688,2025-06-26
25690,2025-10-15
25691,2025-06-06
25695,2025-06-27
25698,2025-06-06
25700,2025-10-28
25703,2025-07-08
25705,2025-10-28
25708,2025-10-15
25712,2025-07-04
25713,2025-06-23
25714,2025-06-06
25716,2025-06-06
25723,2025-11-04
25724,2025-11-17
25728,2025-07-08
25731,2025-07-14
25732,2025-09-05
25733,2025-11-17
25734,2025-06-06
25736,2025-08-04
25738,2025-07-21
25739,2025-06-06
25740,2025-07-29
25746,2025-07-21
25748,2025-06-06
25749,2025-08-01
25750,2025-11-04
25753,2025-07-11
25754,2025-06-06
25756,2025-07-04
25758,2025-09-04
25760,2025-07-11
25761,2025-07-11
25762,2025-05-22
25764,2025-05-27
25765,2025-07-10
25766,2025-07-08
25767,2025-08-01
25768,2025-07-04
25770,2025-04-25
25774,2025-07-15
25775,2025-11-17
25776,2025-07-04
25777,2025-08-04
25778,2025-08-26
25779,2025-09-02
25782,2025-07-22
25784,2025-07-11
25785,2025-10-28
25789,2025-07-28
25791,2025-07-01
25793,2025-06-06
25794,2025-05-26
25795,2025-06-06
25797,2025-05-22
25798,2025-07-14
25799,2025-07-21
25800,2025-08-01
25802,2025-07-04
25803,2025-08-04
25804,2025-11-04
25805,2025-10-29
25807,2025-07-29
25808,2025-11-19
25809,2025-10-29
25810,2025-07-11
25811,2025-08-26
25813,2025-08-26
25821,2025-07-24
25823,2025-08-19
25827,2025-10-29
25829,2025-09-04
25831,2025-07-22
25832,2025-07-31
25833,2025-07-15
25834,2025-11-18
25835,2025-07-15
25836,2025-10-29
25842,2025-07-10
25843,2025-09-05
25847,2025-06-06
25849,2025-06-06
25850,2026-01-28
25851,2025-07-08
25857,2025-08-04
25859,2025-06-12
25862,2025-07-14
25863,2025-07-14
25867,2026-06-09
25868,2025-08-04
25870,2026-02-16
25874,2025-08-04
25876,2025-07-11
25878,2025-06-02
25878,2025-06-24
25880,2025-07-15
25881,2025-07-10
25882,2025-07-24
25883,2025-09-04
25885,2025-11-03
25886,2025-07-10
25887,2025-07-10
25891,2025-05-27
25892,2025-07-01
25895,2025-11-03
25897,2025-06-13
25898,2025-11-17
25899,2025-09-01
25900,2025-08-04
25902,2025-08-04
25903,2025-08-04
25904,2025-07-11
25906,2025-07-04
25909,2025-11-03
25911,2025-08-01
25917,2025-09-05
25921,2025-06-13
25922,2025-09-05
25923,2025-06-13
25924,2026-06-09
25926,2025-05-22
25927,2025-07-22
25933,2025-08-25
25934,2025-11-18
25935,2025-07-08
25940,2025-07-31
25942,2025-06-13
25943,2025-11-18
25945,2025-11-19
25947,2025-11-17
25948,2025-07-07
25951,2025-07-11
25954,2025-09-05
25955,2025-07-18
25959,2025-11-03
25960,2025-08-01
25961,2025-08-19
25964,2025-07-29
25966,2025-07-08
25975,2025-07-24
25976,2025-11-03
25978,2025-11-18
25979,2025-11-18
25980,2025-11-19
25982,2025-08-18
25984,2025-08-11
25987,2025-07-18
25991,2025-11-19
25992,2025-07-01
25994,2025-07-17
25996,2025-11-19
25997,2025-10-27
25998,2025-07-14
26000,2025-07-31
26001,2025-07-31
26003,2025-08-11
26006,2025-09-09
26011,2026-01-27
26013,2025-07-22
26016,2025-06-13
26018,2025-07-24
26019,2025-07-11
26020,2025-11-24
26022,2025-07-11
26023,2025-06-13
26025,2025-06-13
26026,2025-08-11
26027,2025-07-16
26030,2025-06-13
26033,2025-07-22
26036,2025-09-04
26042,2025-07-04
26043,2025-08-01
26044,2025-06-13
26051,2025-07-14
26054,2025-07-11
26056,2025-09-04
26058,2025-07-14
26059,2025-06-30
26060,2025-07-10
26062,2025-07-24
26063,2025-08-01
26064,2026-06-10
26069,2025-07-21
26072,2025-07-22
26072,2025-08-12
26076,2025-07-24
26077,2025-08-26
26079,2025-11-18
26080,2025-07-22
26081,2025-07-17
26084,2025-08-06
26086,2025-11-18
26089,2025-08-11
26090,2025-08-18
26091,2025-07-22
26093,2025-07-31
26094,2025-07-18
26095,2025-07-02
26096,2025-08-19
26097,2025-07-02
26098,2025-07-22
26099,2025-06-13
26101,2025-08-19
26108,2025-06-06
26109,2025-06-13
26112,2025-06-06
26113,2026-01-28
26114,2025-07-04
26119,2025-08-11
26121,2025-08-11
26122,2025-08-11
26126,2025-07-10
26127,2025-07-01
26128,2025-08-01
26129,2025-07-07
26130,2026-01-20
26131,2025-08-01
26135,2025-08-11
26140,2025-07-07
26141,2025-08-25
26142,2025-08-11
26144,2025-08-25
26145,2026-01-26
26147,2025-07-04
26148,2025-09-02
26149,2025-06-13
26154,2025-11-24
26155,2025-07-10
26157,2025-06-23
26158,2025-06-13
26159,2025-08-26
26163,2025-08-11
26165,2025-07-18
26168,2025-06-13
26170,2025-07-11
26171,2025-07-18
26172,2025-08-01
26174,2025-10-15
26177,2025-09-04
26178,2025-07-24
26181,2025-08-11
26182,2025-08-21
26183,2025-07-10
26185,2025-07-11
26186,2025-07-15
26189,2026-02-16
26190,2025-07-08
26192,2026-01-26
26193,2025-06-13
26194,2025-11-18
26196,2025-07-08
26199,2025-07-29
26200,2025-07-31
26201,2025-08-25
26203,2025-11-18
26204,2025-08-11
26205,2025-07-31
26208,2025-07-11
26209,2025-11-18
26210,2025-11-19
26211,2025-06-13
26214,2025-09-02
26215,2025-09-05
26219,2025-06-13
26220,2025-06-13
26221,2025-10-28
26224,2025-07-15
26225,2025-09-01
26229,2025-07-21
26230,2025-08-01
26231,2025-07-08
26233,2025-07-08
26236,2025-11-19
26237,2025-11-24
26239,2025-11-19
26240,2025-09-05
26245,2025-06-23
26246,2025-08-01
26248,2025-06-06
26249,2025-08-25
26252,2025-07-17
26254,2025-07-22
26255,2025-06-06
26257,2025-07-18
26258,2025-07-01
26259,2025-07-29
26260,2025-07-15
26261,2025-10-28
26262,2025-06-06
26264,2025-08-19
26265,2025-09-02
26266,2025-07-24
26268,2025-07-18
26269,2025-06-06
26272,2025-06-30
26274,2025-09-05
26279,2025-06-23
26280,2025-08-19
26281,2025-07-29
26282,2025-07-04
26283,2025-07-04
26285,2025-07-29
26287,2025-11-24
26290,2025-07-08
26292,2025-07-15
26295,2025-06-30
26296,2025-07-04
26297,2025-06-02
26300,2025-07-30
26301,2025-07-22
26302,2025-07-17
26304,2025-11-24
26305,2025-07-18
26306,2025-07-22
26307,2025-07-18
26308,2025-07-21
26309,2025-07-08
26310,2025-10-28
26311,2025-11-19
26315,2025-06-23
26316,2025-06-06
26321,2025-08-01
26324,2025-08-11
26326,2025-07-07
26328,2025-07-18
26330,2025-08-25
26331,2025-08-11
26332,2025-11-10
26333,2025-07-14
26335,2025-08-01
26340,2025-06-06
26343,2025-06-02
26344,2025-08-21
26345,2025-04-21
26346,2025-07-10
26347,2025-07-24
26349,2025-08-21
26350,2025-07-18
26354,2025-06-06
26355,2025-06-23
26357,2025-06-06
26358,2025-07-17
26359,2025-06-06
26360,2025-07-11
26361,2025-07-29
26362,2025-08-18
26364,2025-07-18
26366,2025-11-24
26369,2025-06-02
26370,2025-06-19
26371,2025-06-30
26373,2025-07-15
26374,2025-07-03
26376,2025-07-24
26379,2025-07-22
26380,2025-07-11
26382,2025-07-10
26383,2025-09-04
26384,2025-09-02
26388,2025-07-10
26391,2025-06-23
26391,2025-06-02
26392,2025-07-11
26394,2025-08-11
26395,2025-11-19
26400,2025-07-17
26401,2025-06-27
26401,2025-06-06
26404,2025-07-04
26405,2025-06-06
26407,2025-11-24
26408,2025-05-22
26411,2025-08-25
26412,2025-08-25
26413,2025-08-01
26414,2025-07-18
26421,2025-07-11
26422,2025-10-29
26425,2025-06-06
26428,2025-06-23
26428,2025-06-02
26432,2025-11-26
26435,2025-11-25
26436,2025-11-25
26439,2025-06-06
26441,2025-07-11
26442,2025-07-18
26448,2025-06-06
26449,2025-07-18
26451,2025-07-17
26452,2025-07-10
26454,2025-07-04
26457,2025-07-17
26458,2025-10-29
26459,2025-07-17
26461,2025-07-10
26463,2025-08-25
26465,2025-08-25
26466,2025-07-11
26467,2025-07-11
26468,2025-07-29
26469,2025-07-03
26475,2025-08-25
26476,2025-05-26
26477,2025-06-06
26480,2025-09-02
26484,2025-10-29
26485,2025-07-07
26487,2025-11-25
26488,2025-07-17
26489,2025-11-25
26491,2025-06-06
26494,2025-06-06
26496,2025-07-28
26496,2025-07-07
26499,2025-08-11
26500,2025-08-11
26501,2025-09-02
26504,2025-08-19
26505,2025-06-06
26507,2025-07-18
26512,2025-10-29
26515,2025-07-18
26517,2025-07-24
26518,2025-09-02
26519,2025-11-25
26522,2025-09-05
26526,2025-11-26
26527,2025-07-24
26529,2025-06-18
26530,2025-08-22
26532,2025-07-07
26535,2025-06-06
26536,2025-06-06
26538,2025-06-06
26540,2025-06-23
26542,2025-07-04
26546,2025-07-07
26549,2025-07-14
26551,2025-08-11
26560,2025-07-29
26561,2025-08-21
26562,2025-08-26
26565,2025-07-01
26566,2025-07-15
26568,2025-08-26
26569,2025-07-22
26570,2025-06-06
26574,2025-07-14
26579,2025-07-10
26580,2025-08-26
26585,2025-07-18
26586,2025-07-18
26587,2025-06-06
26588,2025-06-06
26591,2025-08-01
26592,2025-07-18
26597,2025-07-18
26602,2025-08-08
26603,2025-07-04
26607,2025-11-26
26608,2025-11-26
26609,2025-11-26
26611,2025-11-03
26612,2025-11-26
26620,2025-11-03
26621,2025-07-18
26622,2025-11-26
26623,2025-07-31
26626,2025-07-08
26629,2025-07-11
26632,2025-08-11
26633,2025-07-18
26636,2025-06-06
26638,2025-07-17
26640,2025-08-05
26641,2025-08-21
26642,2025-07-04
26643,2025-09-02
26644,2025-07-24
26646,2025-07-17
26648,2025-07-24
26649,2025-07-15
26651,2025-07-15
26653,2025-07-17
26657,2025-07-11
26658,2025-07-08
26661,2025-07-04
26664,2025-07-15
26665,2025-07-30
26667,2025-06-30
26669,2025-07-01
26670,2025-09-04
26671,2025-11-26
26672,2025-08-18
26673,2025-07-18
26674,2025-07-04
26682,2026-03-27
26683,2025-07-15
26684,2025-06-18
26685,2025-07-11
26686,2025-06-06
26687,2025-09-05
26689,2025-09-04
26690,2025-07-07
26691,2025-09-04
26692,2025-07-15
26693,2025-09-04
26695,2025-07-24
26698,2025-08-19
26700,2025-07-24
26701,2025-07-18
26703,2025-07-15
26704,2025-07-29
26708,2025-08-19
26712,2025-07-03
26714,2025-06-09
26715,2025-07-23
26717,2025-07-08
26719,2025-06-23
26722,2025-07-07
26723,2025-08-21
26725,2025-07-18
26728,2025-07-18
26729,2025-06-06
26730,2025-07-04
26736,2025-07-14
26740,2025-07-18
26741,2025-07-11
26742,2026-03-27
26743,2025-06-06
26744,2025-07-21
26745,2025-08-25
26747,2025-07-18
26749,2025-08-11
26750,2025-08-18
26751,2025-08-11
26752,2025-08-11
26753,2025-07-21
26754,2025-06-06
26755,2025-07-14
26756,2025-08-11
26757,2025-08-11
26758,2025-08-25
26760,2025-08-25
26762,2025-07-15
26765,2025-07-17
26767,2026-01-28
26768,2025-07-22
26769,2025-07-24
26770,2025-08-25
26773,2025-06-13
26779,2025-08-11
26785,2025-07-31
26788,2025-07-22
26795,2025-07-18
26798,2025-07-17
26800,2025-07-04
26802,2025-06-19
26803,2025-07-15
26805,2025-07-08
26806,2025-06-05
26812,2025-06-13
26813,2025-06-24
26816,2025-07-08
26818,2025-06-02
26822,2025-08-21
26823,2025-07-24
26826,2025-09-02
26830,2025-09-02
26834,2025-07-24
26836,2025-07-17
26839,2025-07-28
26841,2025-08-01
26845,2025-07-24
26846,2025-07-04
26847,2025-07-18
26850,2025-08-01
26851,2025-07-11
26852,2025-08-11
26854,2025-07-21
26856,2025-08-11
26857,2025-06-17
26860,2025-07-08
26861,2025-07-10
26865,2025-07-17
26867,2025-07-11
26870,2025-08-22
26873,2025-07-04
26876,2025-05-30
26877,2025-07-04
26878,2025-07-15
26880,2025-08-25
26882,2025-08-19
26883,2025-08-26
26884,2025-07-18
26887,2025-07-29
26892,2025-09-02
26893,2025-07-18
26894,2025-07-31
26896,2025-07-07
26900,2025-06-06
26901,2025-06-13
26901,2025-06-27
26902,2025-11-10
26903,2025-07-24
26905,2025-09-09
26908,2025-07-22
26909,2025-08-19
26910,2025-06-19
26912,2025-06-19
26914,2025-07-11
26916,2025-08-22
26917,2025-08-11
26918,2025-06-13
26922,2025-06-06
26923,2025-07-04
26925,2025-07-04
26928,2025-08-25
26932,2025-05-22
26934,2025-09-01
26935,2025-11-10
26937,2025-11-10
26940,2025-10-17
26944,2025-06-13
26948,2025-07-15
26952,2025-08-01
26954,2025-06-09
26956,2025-07-18
26957,2025-08-11
26958,2025-07-14
26960,2025-07-11
26961,2025-08-25
26962,2025-05-30
26963,2025-07-11
26964,2025-07-11
26965,2025-05-29
26968,2025-07-18
26969,2025-07-18
26970,2025-07-07
26971,2025-08-01
26973,2025-05-30
26974,2025-05-30
26975,2025-06-06
26976,2026-01-26
26978,2025-06-27
26981,2025-07-18
26982,2025-08-11
26983,2025-08-05
26985,2025-07-11
26987,2025-07-18
26988,2025-07-04
26989,2025-07-18
26990,2025-06-13
26992,2025-06-13
26994,2025-07-21
26996,2025-07-18
27000,2025-08-11
27003,2025-09-01
27004,2025-07-18
27006,2025-07-29
27007,2025-07-29
27008,2025-09-02
27013,2025-07-04
27015,2025-06-13
27016,2026-06-30
27017,2025-06-02
27018,2025-07-17
27020,2025-09-05
27022,2025-07-22
27026,2025-07-29
27027,2025-08-25
27029,2025-08-01
27030,2025-06-18
27031,2025-06-02
27033,2025-06-24
27034,2025-07-10
27035,2025-06-13
27036,2025-07-15
27037,2025-07-15
27040,2025-07-29
27041,2025-07-10
27044,2026-01-26
27050,2025-07-18
27051,2025-07-21
27052,2025-07-14
27053,2025-07-14
27054,2025-07-21
27055,2026-02-23
27056,2025-06-13
27057,2025-08-11
27058,2025-08-11
27059,2025-07-18
27061,2025-08-11
27063,2025-08-11
27065,2025-07-14
27066,2025-05-22
27068,2025-07-02
27069,2025-06-30
27070,2025-07-28
27074,2025-06-09
27075,2025-06-05
27076,2025-06-05
27078,2025-07-09
27079,2025-06-05
27080,2025-06-13
27083,2025-07-09
27086,2025-06-30
27092,2025-08-11
27094,2025-07-24
27095,2025-07-28
27096,2025-07-11
27099,2025-07-17
27101,2025-08-21
27102,2025-07-22
27103,2025-07-10
27106,2025-07-24
27109,2025-07-17
27117,2025-06-09
27121,2025-07-29
27124,2025-08-19
27128,2025-06-06
27130,2025-05-22
27131,2025-05-22
27132,2025-12-16
27133,2025-07-15
27138,2025-11-10
27141,2025-08-11
27142,2025-11-10
27143,2025-07-24
27144,2025-11-10
27145,2025-07-11
27146,2025-11-10
27149,2025-11-11
27152,2025-11-11
27155,2025-11-11
27157,2025-11-11
27158,2026-01-28
27159,2025-08-11
27160,2025-07-14
27165,2025-08-11
27167,2025-07-08
27170,2025-11-11
27171,2025-09-10
27172,2025-07-15
27173,2025-07-22
27177,2025-11-12
27178,2025-11-11
27182,2025-07-11
27183,2025-11-11
27184,2025-11-11
27185,2025-06-06
27186,2025-07-17
27188,2025-09-02
27190,2025-08-26
27193,2025-07-22
27200,2025-07-31
27202,2025-07-15
27203,2026-01-28
27204,2025-08-21
27205,2025-08-26
27207,2025-07-17
27208,2025-07-15
27211,2025-06-12
27213,2025-07-15
27216,2025-07-24
27217,2025-08-21
27221,2025-08-05
27222,2025-07-18
27225,2025-07-29
27228,2025-06-12
27229,2025-07-22
27230,2025-07-17
27232,2025-07-08
27235,2025-09-04
27236,2025-11-11
27240,2025-09-02
27243,2025-06-06
27246,2025-08-19
27247,2025-07-29
27248,2025-07-10
27254,2026-03-27
27258,2025-07-10
27262,2025-06-05
27264,2025-07-28
27265,2025-09-02
27268,2025-07-10
27269,2025-07-31
27271,2025-08-01
27272,2025-09-04
27275,2025-07-07
27276,2025-07-21
27281,2025-07-29
27284,2025-08-26
27286,2025-07-08
27287,2025-07-22
27288,2025-09-02
27289,2025-07-24
27291,2025-08-19
27292,2025-07-24
27294,2025-05-26
27297,2025-08-26
27298,2025-08-26
27300,2025-07-24
27300,2025-07-17
27301,2025-06-06
27303,2025-08-11
27305,2026-01-27
27307,2025-08-05
27308,2025-09-10
27310,2025-06-04
27312,2025-08-26
27313,2025-09-02
27314,2025-08-26
27319,2025-08-25
27320,2025-05-21
27321,2025-07-04
27322,2025-08-11
27324,2025-07-21
27326,2025-07-14
27327,2025-11-12
27328,2025-07-28
27329,2025-07-21
27331,2025-07-15
27332,2025-06-30
27335,2025-08-25
27336,2025-07-18
27337,2025-06-09
27339,2025-08-21
27340,2025-11-24
27342,2025-06-05
27346,2025-07-29
27347,2025-08-11
27348,2025-06-06
27350,2025-05-26
27352,2025-07-21
27353,2025-06-09
27354,2025-07-14
27355,2025-06-09
27356,2025-06-09
27358,2025-07-21
27361,2025-06-05
27368,2025-08-18
27370,2025-06-09
27371,2025-07-07
27374,2025-07-11
27375,2025-09-02
27377,2025-06-30
27378,2025-07-18
27381,2025-11-12
27386,2025-08-01
27390,2025-06-13
27391,2025-08-01
27393,2025-10-15
27394,2025-09-08
27399,2025-07-10
27402,2025-07-14
27404,2025-07-07
27407,2025-04-28
27408,2025-07-21
27410,2025-06-13
27411,2025-07-18
27412,2025-11-24
27413,2025-06-05
27414,2025-06-13
27415,2025-07-18
27417,2025-08-18
27419,2025-07-11
27424,2025-07-10
27425,2025-09-02
27426,2025-06-09
27427,2025-07-14
27428,2025-08-18
27429,2025-11-24
27432,2025-07-07
27434,2025-05-30
27435,2026-01-26
27437,2025-06-27
27441,2025-05-30
27443,2025-06-13
27447,2025-11-12
27449,2025-07-04
27452,2025-07-07
27453,2025-06-23
27455,2025-07-10
27456,2025-06-09
27457,2025-07-30
27462,2025-07-28
27464,2025-09-01
27465,2025-07-04
27467,2025-07-18
27468,2025-06-13
27470,2025-05-30
27471,2025-05-22
27471,2025-06-19
27472,2025-06-02
27473,2025-07-11
27475,2025-08-18
27477,2025-07-10
27480,2025-07-28
27481,2025-09-02
27482,2025-07-07
27483,2025-07-11
27486,2025-07-04
27488,2025-06-19
27492,2025-09-02
27493,2025-05-30
27494,2026-03-27
27500,2025-06-24
27503,2025-07-22
27505,2025-07-29
27508,2025-07-07
27509,2025-07-18
27510,2025-08-18
27515,2025-09-04
27516,2025-07-22
27517,2025-08-22
27519,2025-07-29
27521,2025-09-02
27523,2025-07-15
27525,2025-12-16
27526,2025-12-16
27530,2025-09-02
27531,2026-01-28
27532,2025-06-23
27537,2025-06-27
27539,2025-08-18
27544,2025-07-11
27545,2025-07-04
27547,2025-08-01
27548,2025-07-11
27551,2025-07-24
27553,2025-07-15
27554,2025-08-01
27555,2025-06-09
27557,2025-06-27
27562,2025-09-05
27564,2025-07-18
27565,2026-02-23
27566,2025-07-24
27567,2025-08-18
27568,2025-06-27
27570,2025-08-26
27573,2025-06-06
27574,2025-08-01
27575,2025-07-15
27577,2025-11-24
27580,2025-09-02
27581,2025-11-24
27583,2025-08-01
27583,2025-08-29
27585,2025-07-07
27587,2025-09-22
27590,2025-06-27
27594,2025-08-01
27595,2025-06-27
27602,2025-09-02
27603,2025-06-09
27604,2025-06-27
27605,2025-07-18
27609,2025-07-21
27610,2025-07-21
27613,2025-07-16
27614,2025-07-17
27616,2025-07-22
27617,2025-09-08
27620,2025-07-14
27623,2025-06-09
27628,2025-06-23
27630,2026-03-27
27634,2025-07-21
27642,2025-06-03
27643,2025-08-19
27644,2025-08-25
27645,2025-09-22
27646,2025-12-16
27647,2025-12-16
27649,2025-07-23
27652,2025-07-28
27657,2025-08-01
27659,2025-09-02
27661,2025-08-01
27662,2025-09-22
27663,2026-02-23
27666,2025-09-22
27667,2025-07-08
27668,2025-07-17
27669,2025-07-08
27671,2025-08-26
27673,2025-08-01
27675,2025-07-21
27676,2025-06-06
27680,2025-08-18
27683,2025-09-22
27687,2025-08-25
27688,2025-08-18
27689,2025-06-30
27690,2025-11-24
27691,2025-06-23
27693,2026-02-16
27694,2025-08-26
27695,2025-07-14
27696,2025-07-10
27698,2025-07-17
27700,2025-07-29
27701,2025-08-01
27703,2025-08-21
27704,2025-09-22
27707,2025-07-10
27708,2025-06-18
27709,2025-08-29
27710,2025-06-18
27711,2025-07-24
27712,2025-09-22
27713,2025-09-02
27719,2026-02-16
27721,2025-07-08
27723,2025-07-30
27725,2025-12-16
27726,2025-12-16
27728,2025-12-16
27730,2025-07-15
27732,2025-07-15
27733,2025-06-03
27735,2025-09-09
27736,2025-05-30
27737,2025-11-12
27738,2025-06-24
27739,2025-07-15
27741,2025-07-15
27743,2025-12-17
27744,2025-08-01
27745,2025-06-06
27747,2025-08-01
27750,2025-08-22
27754,2025-05-22
27756,2025-07-22
27757,2025-05-27
27758,2025-08-08
27761,2025-07-15
27765,2025-07-11
27766,2025-07-17
27769,2025-06-13
27771,2025-07-15
27774,2025-07-24
27775,2025-09-05
27777,2025-09-22
27779,2025-07-08
27780,2025-09-05
27783,2025-09-02
27786,2025-07-08
27787,2025-07-29
27789,2025-08-21
27794,2025-09-02
27795,2025-07-24
27799,2025-07-15
27801,2026-06-25
27802,2026-06-03
27803,2025-08-08
27805,2025-12-17
27807,2025-07-10
27809,2025-07-22
27812,2025-09-02
27816,2026-02-16
27817,2025-07-29
27818,2025-07-21
27819,2026-02-16
27823,2025-08-21
27826,2025-06-06
27829,2025-08-18
27830,2025-10-27
27833,2025-08-26
27834,2025-09-02
27835,2025-07-17
27838,2025-07-22
27839,2025-12-17
27840,2025-09-01
27841,2025-10-27
27842,2025-08-18
27844,2025-09-22
27846,2025-08-08
27847,2025-08-26
27849,2025-08-19
27852,2025-06-09
27853,2025-07-17
27854,2025-07-10
27855,2025-07-23
27856,2025-07-08
27857,2025-07-08
27858,2025-07-15
27859,2025-11-10
27860,2025-08-01
27863,2025-07-15
27867,2025-06-23
27868,2025-07-07
27869,2025-06-18
27874,2025-07-16
27878,2025-11-12
27879,2025-12-17
27881,2025-07-08
27885,2025-12-17
27889,2025-09-04
27893,2025-07-24
27894,2025-08-19
27895,2025-07-22
27897,2025-07-15
27898,2025-07-29
27901,2025-07-24
27902,2026-01-28
27904,2025-07-22
27908,2025-09-01
27909,2025-09-22
27912,2025-07-29
27913,2025-07-01
27915,2025-07-07
27916,2025-09-01
27919,2025-07-11
27921,2025-07-11
27922,2025-12-17
27923,2025-12-17
27925,2025-07-17
27925,2025-07-23
27928,2025-07-21
27929,2025-07-07
27930,2025-07-24
27935,2025-09-22
27938,2025-07-09
27944,2025-06-06
27946,2025-07-18
27948,2025-06-13
27949,2025-09-01
27950,2025-07-28
27951,2025-07-04
27954,2025-08-01
27956,2025-09-22
27957,2025-08-01
27960,2025-07-24
27961,2025-07-11
27965,2025-07-14
27969,2025-07-04
27970,2025-07-22
27971,2025-09-22
27972,2025-07-22
27973,2025-07-08
27974,2025-09-01
27975,2025-08-18
27976,2025-07-11
27977,2025-09-22
27978,2025-07-10
27979,2025-07-22
27980,2025-05-22
27982,2025-07-18
27988,2025-07-04
27989,2025-08-08
27991,2025-08-08
27992,2025-07-11
27993,2025-07-28
27994,2025-08-01
27995,2026-01-26
27997,2025-07-08
27998,2025-06-06
28001,2025-07-07
28005,2025-07-18
28008,2025-08-01
28009,2025-07-18
28010,2025-07-04
28011,2025-08-18
28012,2025-08-18
28014,2025-08-22
28016,2025-08-22
28018,2025-07-07
28019,2025-10-27
28020,2025-07-21
28023,2025-10-27
28025,2025-07-21
28026,2025-09-05
28030,2025-07-14
28032,2025-08-18
28033,2025-07-04
28035,2025-08-08
28036,2025-06-03
28039,2025-07-08
28040,2025-09-04
28045,2025-07-24
28046,2026-01-28
28047,2025-05-28
28048,2025-09-05
28050,2025-06-13
28051,2025-11-12
28055,2025-07-17
28057,2025-09-04
28058,2025-08-01
28060,2025-06-20
28065,2026-04-21
28066,2025-08-08
28067,2025-08-01
28070,2025-08-08
28076,2025-06-20
28077,2025-09-05
28084,2025-10-27
28085,2025-08-08
28086,2025-07-29
28091,2025-09-01
28095,2025-06-20
28097,2025-09-01
28098,2025-09-01
28099,2025-06-20
28100,2025-07-29
28106,2025-07-29
28109,2025-12-22
28110,2025-07-08
28112,2025-09-04
28114,2025-07-24
28121,2025-07-17
28122,2025-07-29
28124,2025-09-05
28128,2025-07-10
28132,2025-09-02
28133,2025-07-24
28134,2025-12-23
28136,2025-06-18
28140,2025-12-23
28142,2025-09-05
28143,2025-06-18
28144,2025-06-13
28147,2025-07-08
28150,2025-07-07
28155,2025-09-22
28156,2025-07-08
28157,2025-07-23
28158,2025-08-19
28162,2025-07-14
28165,2025-08-26
28166,2025-07-15
28168,2025-07-11
28169,2025-06-13
28171,2025-07-17
28176,2025-07-22
28177,2025-08-06
28178,2025-06-13
28179,2025-08-08
28180,2025-07-17
28181,2025-08-08
28182,2025-06-13
28183,2025-06-18
28184,2025-09-22
28188,2025-09-05
28193,2025-06-18
28196,2025-09-05
28197,2025-06-03
28198,2025-08-01
28204,2025-07-21
28205,2025-07-15
28206,2025-07-08
28210,2025-08-08
28212,2025-08-22
28214,2025-07-22
28216,2025-07-15
28217,2025-08-01
28218,2025-09-02
28219,2026-06-09
28221,2025-06-03
28222,2025-06-02
28223,2025-07-22
28227,2025-07-22
28230,2025-09-01
28231,2025-07-04
28234,2025-07-11
28235,2025-09-22
28237,2025-09-01
28239,2025-09-01
28240,2025-07-15
28242,2025-05-26
28244,2025-07-11
28248,2025-09-04
28252,2025-07-08
28253,2025-08-26
28258,2025-07-09
28261,2025-06-30
28262,2025-07-14
28263,2025-06-02
28264,2025-07-21
28267,2025-08-08
28271,2025-07-29
28276,2025-08-08
28277,2025-07-17
28279,2025-07-17
28280,2025-09-02
28282,2025-07-24
28283,2025-09-05
28284,2026-03-12
28285,2025-06-20
28286,2025-06-20
28287,2025-11-03
28289,2025-08-01
28291,2025-08-19
28292,2025-06-20
28293,2025-07-31
28300,2025-08-01
28302,2025-08-19
28304,2025-07-10
28311,2025-08-08
28315,2025-06-20
28317,2025-08-26
28318,2025-09-05
28319,2025-08-08
28320,2025-09-05
28322,2025-08-08
28323,2025-08-08
28324,2025-06-13
28326,2025-06-30
28328,2025-06-13
28333,2025-09-22
28334,2025-06-13
28336,2025-09-01
28339,2025-08-08
28344,2025-07-10
28346,2025-09-01
28348,2025-07-08
28351,2025-07-08
28354,2025-08-11
28355,2025-06-13
28357,2025-06-13
28359,2025-06-05
28360,2025-07-28
28360,2025-09-01
28361,2025-07-04
28363,2025-08-25
28364,2025-07-04
28365,2025-07-15
28366,2025-11-03
28369,2025-07-11
28370,2025-09-01
28371,2025-06-13
28372,2025-08-11
28374,2025-08-11
28375,2025-08-11
28377,2025-08-25
28378,2025-07-28
28379,2025-08-01
28381,2025-08-08
28386,2025-06-13
28387,2025-06-13
28388,2025-06-13
28390,2025-06-13
28392,2025-09-22
28395,2025-06-13
28396,2025-07-10
28400,2025-07-18
28403,2025-07-08
28405,2025-07-24
28406,2025-06-13
28407,2025-06-20
28411,2025-07-31
28416,2025-07-24
28418,2025-07-01
28419,2025-07-15
28422,2025-09-02
28426,2025-06-18
28427,2025-06-20
28430,2025-08-08
28432,2025-06-20
28436,2025-08-19
28439,2025-08-21
28442,2025-07-08
28445,2025-05-27
28447,2025-07-10
28448,2025-09-04
28450,2025-07-15
28451,2025-09-01
28454,2025-09-22
28455,2025-07-15
28456,2025-08-01
28457,2025-08-05
28460,2025-07-22
28462,2025-08-29
28467,2025-07-17
28469,2025-08-05
28471,2025-08-08
28473,2025-08-08
28474,2025-06-20
28475,2025-08-08
28476,2025-09-02
28478,2025-05-26
28480,2025-09-01
28481,2025-09-22
28483,2025-09-22
28485,2025-06-20
28489,2025-12-23
28491,2025-09-22
28494,2025-12-23
28497,2025-07-18
28498,2025-12-23
28499,2025-07-29
28501,2025-07-14
28502,2025-07-21
28503,2025-09-02
28505,2025-07-28
28506,2025-06-20
28507,2025-09-22
28508,2025-06-13
28510,2025-12-23
28512,2025-07-14
28519,2025-06-09
28522,2025-08-08
28523,2025-07-22
28524,2025-11-21
28525,2025-07-28
28526,2025-07-18
28529,2025-07-08
28530,2025-07-28
28531,2025-06-20
28533,2025-05-26
28534,2025-07-04
28537,2025-06-20
28538,2025-06-24
28539,2025-12-29
28541,2025-07-14
28542,2025-09-04
28544,2025-12-29
28546,2025-07-14
28548,2025-09-01
28549,2025-08-08
28550,2025-06-20
28551,2025-08-29
28552,2025-08-08
28553,2025-08-01
28556,2025-07-04
28559,2025-07-24
28561,2025-08-29
28562,2025-08-29
28565,2025-08-08
28567,2025-08-01
28568,2025-09-01
28569,2025-08-08
28570,2025-06-18
28570,2025-06-19
28571,2025-12-29
28572,2025-06-20
28573,2025-08-29
28574,2025-12-29
28577,2025-06-13
28578,2025-08-08
28579,2025-07-28
28580,2025-07-07
28581,2025-07-22
28582,2025-08-08
28583,2025-07-28
28584,2025-07-11
28586,2025-12-30
28591,2025-07-29
28593,2025-07-07
28597,2025-06-02
28599,2025-12-29
28601,2025-08-06
28604,2025-06-30
28608,2025-07-07
28609,2025-08-08
28610,2025-08-01
28611,2025-08-01
28612,2025-06-20
28614,2025-08-29
28615,2025-08-01
28616,2026-03-27
28617,2025-07-28
28618,2025-06-03
28619,2025-07-18
28622,2025-06-20
28626,2025-08-08
28627,2025-06-20
28628,2025-08-08
28629,2025-09-04
28630,2025-06-02
28632,2025-07-22
28637,2025-09-01
28638,2025-09-22
28642,2025-09-01
28647,2025-11-03
28648,2025-06-20
28649,2025-07-14
28650,2025-08-11
28652,2025-06-20
28654,2025-07-14
28656,2025-06-02
28658,2025-07-15
28660,2025-08-08
28661,2025-06-20
28662,2025-06-02
28665,2025-08-08
28667,2025-09-01
28668,2025-05-26
28670,2025-06-02
28672,2025-06-18
28675,2025-08-08
28679,2025-07-07
28682,2025-07-28
28683,2025-07-07
28685,2025-07-08
28686,2025-07-29
28687,2025-07-07
28688,2025-12-29
28689,2025-07-22
28691,2026-02-02
28692,2025-07-08
28694,2025-06-20
28695,2025-07-31
28699,2025-12-31
28701,2025-08-08
28702,2025-08-29
28704,2025-07-03
28705,2025-09-01
28706,2025-07-16
28710,2025-07-31
28713,2025-08-08
28714,2025-09-04
28716,2025-06-03
28719,2025-09-05
28720,2025-08-01
28722,2025-09-22
28723,2025-07-07
28728,2025-06-18
28729,2025-08-18
28730,2025-09-04
28731,2025-12-29
28732,2025-12-29
28733,2025-06-13
28734,2025-08-08
28735,2025-08-01
28737,2025-09-01
28739,2025-08-29
28740,2025-12-29
28742,2025-12-29
28743,2025-12-30
28744,2025-12-03
28745,2025-06-02
28746,2025-08-08
28747,2025-08-01
28748,2025-11-03
28749,2025-08-01
28752,2025-08-01
28753,2025-08-29
28754,2025-06-19
28756,2025-12-30
28757,2025-12-03
28761,2025-09-01
28762,2025-07-21
28763,2025-07-31
28764,2025-07-28
28769,2025-12-03
28770,2025-12-08
28772,2026-02-02
28773,2025-09-22
28777,2025-07-21
28778,2025-08-19
28779,2025-12-30
28781,2025-12-08
28784,2025-12-30
28786,2025-12-08
28787,2025-12-08
28789,2025-08-08
28790,2025-09-22
28791,2025-12-08
28792,2025-11-11
28793,2025-07-21
28794,2026-01-28
28798,2025-07-21
28802,2025-08-18
28803,2025-07-22
28806,2025-07-17
28807,2025-06-13
28810,2025-05-30
28813,2025-09-22
28814,2025-06-13
28815,2025-12-30
28816,2025-09-29
28817,2025-09-02
28824,2026-02-02
28825,2026-03-12
28826,2025-07-24
28828,2025-12-08
28830,2025-07-21
28832,2025-12-30
28833,2025-06-24
28834,2025-06-03
28834,2026-06-29
28836,2025-12-30
28838,2025-07-17
28840,2025-09-02
28841,2025-09-04
28844,2025-08-08
28845,2025-09-04
28846,2025-07-10
28848,2025-06-02
28850,2025-06-30
28852,2025-07-09
28855,2025-07-03
28856,2025-07-09
28857,2025-06-30
28858,2025-08-26
28861,2025-07-30
28862,2025-12-31
28863,2025-08-29
28864,2025-08-01
28866,2025-07-04
28867,2025-08-29
28871,2025-12-31
28872,2025-05-26
28874,2025-07-08
28875,2025-06-13
28877,2025-12-24
28878,2025-12-08
28880,2025-12-31
28881,2025-12-08
28882,2026-02-02
28883,2025-09-05
28887,2025-08-11
28889,2025-09-02
28894,2025-05-26
28895,2025-11-03
28896,2025-06-13
28898,2025-12-08
28899,2025-12-24
28900,2025-12-09
28905,2025-12-24
28908,2025-09-01
28909,2025-08-08
28911,2025-07-24
28913,2025-07-28
28914,2025-07-07
28917,2025-06-13
28918,2025-07-21
28919,2025-06-13
28921,2025-07-28
28925,2025-12-31
28926,2025-12-09
28928,2025-07-24
28930,2025-07-28
28931,2025-07-07
28932,2025-06-13
28934,2025-11-03
28936,2025-12-09
28937,2025-06-30
28939,2025-11-03
28942,2025-07-04
28943,2025-05-26
28945,2025-07-31
28947,2025-08-08
28951,2026-06-10
28953,2025-08-01
28954,2025-12-24
28956,2025-08-01
28958,2025-09-23
28959,2025-06-03
28968,2025-07-15
28969,2025-08-26
28970,2025-09-04
28972,2025-07-24
28973,2025-07-17
28976,2025-07-07
28977,2025-08-08
28979,2025-06-13
28980,2025-07-14
28981,2025-07-21
28982,2025-07-21
28983,2025-07-07
28984,2025-08-08
28985,2025-08-08
28991,2025-07-15
28993,2025-09-01
28994,2025-12-24
28995,2025-12-24
28996,2025-12-02
28999,2025-08-29
29000,2025-08-29
29001,2025-12-24
29005,2025-12-30
29006,2025-07-14
29010,2025-07-08
29016,2025-12-02
29020,2025-09-08
29023,2025-08-18
29025,2025-12-30
29026,2025-08-29
29028,2025-12-02
29029,2025-08-05
29032,2025-08-21
29033,2025-07-24
29037,2025-07-10
29039,2025-06-13
29040,2025-12-31
29041,2025-06-20
29044,2025-08-01
29047,2025-12-02
29048,2025-12-31
29050,2025-09-01
29053,2025-12-02
29056,2025-12-02
29060,2025-06-03
29062,2025-07-21
29063,2025-12-02
29064,2025-05-30
29066,2025-09-01
29067,2025-12-03
29070,2025-09-29
29071,2025-06-13
29073,2025-11-03
29074,2025-08-08
29075,2025-08-08
29076,2025-05-26
29077,2025-08-08
29078,2025-04-28
29081,2025-09-08
29082,2025-06-13
29084,2025-11-03
29086,2025-06-03
29088,2025-08-29
29091,2025-07-28
29093,2025-09-04
29094,2025-07-14
29095,2025-07-21
29097,2025-09-23
29098,2025-07-22
29098,2025-07-28
29103,2025-12-02
29105,2025-06-13
29107,2025-12-24
29108,2025-06-23
29109,2025-08-08
29112,2025-05-22
29113,2025-06-13
29114,2025-08-29
29115,2025-06-13
29119,2025-06-02
29120,2025-07-10
29123,2026-01-29
29124,2025-07-31
29126,2025-06-02
29128,2025-07-21
29130,2025-07-08
29131,2025-08-18
29132,2025-07-04
29134,2025-07-11
29138,2025-08-29
29140,2025-12-31
29141,2025-08-29
29142,2025-09-08
29144,2026-01-26
29145,2026-01-26
29153,2025-11-03
29154,2025-06-23
29158,2025-09-08
29159,2025-09-08
29160,2025-07-21
29162,2025-04-22
29164,2026-01-26
29166,2026-01-26
29169,2025-07-14
29174,2026-01-26
29175,2026-01-26
29178,2025-08-08
29180,2025-08-08
29182,2025-07-14
29183,2025-07-08
29186,2025-07-14
29187,2025-07-28
29190,2025-08-05
29195,2025-05-22
29196,2025-06-13
29197,2025-07-10
29198,2026-01-26
29200,2026-01-26
29202,2025-08-29
29205,2025-06-12
29208,2025-08-26
29209,2025-08-18
29212,2026-02-02
29214,2025-07-31
29215,2025-12-02
29218,2025-08-08
29221,2025-06-19
29226,2025-09-08
29229,2026-01-28
29230,2025-12-24
29233,2026-01-26
29236,2025-12-24
29239,2025-12-02
29240,2025-08-08
29241,2026-01-27
29242,2025-08-01
29243,2025-12-03
29246,2026-01-27
29247,2025-08-29
29248,2025-12-03
29249,2025-12-24
29250,2025-08-26
29251,2025-08-08
29257,2025-12-03
29258,2025-09-02
29271,2025-08-08
29272,2025-12-03
29274,2025-06-13
29275,2025-12-03
29277,2025-12-22
29279,2026-01-27
29280,2025-08-29
29281,2026-01-27
29283,2025-09-23
29284,2026-01-27
29287,2025-11-03
29288,2026-03-11
29289,2025-08-19
29290,2025-07-31
29294,2025-11-03
29296,2026-01-27
29301,2025-06-13
29302,2025-08-08
29303,2025-06-13
29304,2025-08-08
29305,2025-08-08
29309,2025-08-05
29314,2025-08-05
29315,2025-09-08
29316,2025-09-08
29317,2025-11-03
29320,2025-09-08
29322,2025-06-13
29324,2025-11-03
29325,2025-11-03
29326,2025-07-31
29329,2025-07-31
29330,2025-08-21
29332,2025-06-02
29335,2025-06-23
29337,2025-07-14
29341,2025-07-28
29346,2025-08-01
29347,2025-09-23
29348,2025-04-24
29349,2025-06-13
29351,2025-11-03
29358,2025-07-17
29360,2025-05-22
29361,2025-12-22
29364,2025-11-03
29370,2025-09-01
29373,2025-09-23
29375,2025-08-08
29376,2025-07-04
29378,2025-07-31
29380,2025-07-31
29382,2025-07-22
29385,2025-06-03
29394,2025-11-03
29396,2025-09-23
29398,2025-07-11
29399,2025-08-26
29401,2025-09-04
29404,2025-07-29
29407,2025-08-26
29408,2025-07-17
29411,2025-08-21
29413,2025-07-31
29415,2025-07-31
29416,2025-07-22
29417,2025-07-18
29421,2025-08-11
29429,2025-07-18
29430,2025-09-23
29432,2025-08-08
29433,2025-09-08
29436,2025-06-02
29437,2026-01-27
29439,2025-07-31
29441,2025-07-15
29444,2025-07-22
29447,2026-01-27
29448,2026-01-27
29451,2025-06-02
29453,2025-07-31
29456,2025-07-07
29458,2025-06-02
29460,2026-03-27
29464,2025-07-11
29465,2025-09-23
29467,2025-08-07
29471,2025-08-19
29473,2025-09-22
29476,2025-08-05
29478,2026-01-27
29480,2026-01-28
29481,2025-08-01
29482,2025-12-22
29483,2026-01-28
29484,2025-12-22
29485,2025-10-22
29486,2026-01-28
29488,2025-12-22
29489,2026-01-28
29498,2025-08-08
29501,2025-07-31
29502,2025-11-19
29503,2025-09-01
29504,2025-08-05
29505,2025-07-14
29507,2025-08-08
29508,2025-09-08
29510,2025-08-08
29511,2025-09-22
29515,2025-09-05
29516,2025-07-11
29517,2025-08-07
29520,2025-07-18
29522,2025-07-15
29523,2025-09-04
29524,2025-09-04
29526,2025-07-11
29528,2025-09-04
29532,2025-09-04
29536,2025-05-22
29537,2025-07-21
29540,2026-01-28
29543,2025-06-24
29545,2025-07-18
29550,2025-07-11
29552,2025-06-02
29557,2025-06-19
29566,2025-09-22
29568,2025-11-03
29569,2025-09-08
29571,2025-08-01
29574,2025-08-08
29575,2025-07-18
29580,2025-07-18
29584,2025-11-03
29587,2025-11-03
29592,2025-08-08
29593,2025-08-08
29594,2025-08-08
29598,2025-09-08
29599,2025-09-01
29600,2025-09-02
29603,2025-07-24
29604,2025-09-02
29605,2025-07-31
29609,2025-07-30
29612,2026-01-28
29618,2026-01-28
29619,2025-12-22
29620,2025-07-31
29622,2025-08-08
29623,2026-01-28
29629,2026-03-27
29630,2025-08-08
29633,2025-08-08
29635,2025-07-22
29636,2025-08-21
29641,2025-07-10
29643,2025-09-08
29644,2025-07-22
29645,2025-06-03
29648,2025-07-31
29649,2026-03-11
29652,2025-07-31
29654,2025-07-15
29655,2025-08-26
29656,2025-07-24
29658,2025-09-22
29659,2025-07-31
29660,2025-07-17
29661,2025-07-29
29662,2025-07-31
29663,2025-09-04
29665,2025-08-08
29667,2025-12-22
29668,2025-08-08
29670,2025-08-22
29673,2025-07-18
29674,2025-12-22
29676,2025-07-17
29677,2025-06-02
29678,2025-07-09
29679,2025-07-31
29682,2025-07-10
29688,2025-11-03
29690,2025-08-08
29691,2025-07-18
29692,2025-07-10
29694,2025-08-08
29700,2026-01-28
29702,2025-07-08
29703,2025-08-05
29705,2025-07-31
29706,2025-09-04
29707,2025-06-30
29708,2025-08-08
29709,2025-08-01
29711,2025-05-20
29714,2025-07-23
29716,2026-01-27
29717,2025-08-21
29718,2025-07-31
29721,2025-07-31
29722,2025-07-11
29724,2025-08-08
29725,2025-05-30
29727,2025-07-11
29728,2025-07-11
29730,2025-12-22
29732,2025-12-23
29737,2025-11-03
29739,2025-09-22
29741,2025-06-19
29742,2025-09-08
29743,2025-07-18
29744,2025-07-11
29746,2025-08-01
29748,2025-07-15
29749,2025-04-21
29754,2025-09-04
29756,2025-06-23
29757,2025-09-08
29764,2025-07-31
29765,2025-08-08
29766,2025-08-01
29768,2025-11-03
29769,2025-08-08
29775,2025-07-31
29780,2025-12-23
29781,2025-07-11
29788,2025-09-08
29792,2025-08-08
29793,2025-07-28
29797,2025-06-02
29799,2025-07-31
29802,2025-07-07
29803,2026-06-08
29804,2025-08-08
29805,2025-07-18
29808,2025-09-04
29812,2025-09-22
29814,2025-09-22
29815,2025-12-23
29816,2025-06-19
29817,2025-11-03
29819,2025-12-23
29823,2025-07-17
29826,2025-08-05
29829,2025-07-18
29833,2025-08-08
29834,2025-08-05
29835,2025-08-05
29837,2025-08-05
29838,2025-07-24
29842,2025-07-11
29843,2025-08-27
29844,2025-05-22
29847,2025-09-08
29849,2025-09-02
29850,2025-07-11
29854,2025-07-17
29856,2025-08-05
29859,2025-07-10
29860,2025-09-08
29862,2025-06-02
29864,2025-09-02
29867,2025-09-05
29868,2026-01-05
29870,2025-08-05
29872,2026-01-05
29876,2026-01-05
29877,2025-07-10
29878,2026-01-05
29880,2026-01-30
29883,2025-08-22
29885,2025-08-08
29886,2025-09-22
29887,2025-07-01
29888,2025-07-18
29889,2025-04-21
29890,2025-06-06
29891,2025-07-11
29897,2025-06-26
29898,2025-08-19
29903,2025-08-05
29906,2025-07-23
29908,2025-08-27
29909,2025-07-28
29910,2025-07-07
29911,2025-07-31
29912,2025-07-28
29914,2025-07-31
29916,2025-09-05
29918,2026-01-05
29922,2025-08-08
29924,2025-09-05
29927,2025-07-18
29928,2025-07-11
29929,2025-05-26
29930,2025-08-08
29931,2025-09-22
29932,2025-08-08
29933,2025-07-11
29934,2025-07-18
29938,2025-06-02
29941,2025-09-22
29943,2025-07-31
29944,2025-08-05
29947,2025-07-11
29948,2025-09-29
29953,2026-01-05
29955,2025-08-05
29956,2025-07-17
29957,2025-07-24
29958,2026-01-05
29960,2025-08-22
29962,2025-07-11
29963,2025-06-06
29964,2025-07-08
29966,2025-08-05
29967,2025-07-28
29971,2025-08-08
29972,2025-10-06
29973,2025-09-05
29974,2026-01-05
29976,2025-08-08
29977,2025-11-03
29979,2025-09-05
29980,2025-06-30
29981,2025-07-31
29983,2025-07-24
29984,2025-07-31
29985,2025-07-17
29986,2025-07-17
29988,2026-01-26
29991,2026-01-05
29995,2025-07-18
29996,2025-07-11
30000,2025-07-11
30001,2025-08-08
30002,2025-06-19
30008,2025-09-29
30009,2025-09-08
30011,2025-09-29
30012,2025-09-08
30016,2025-10-06
30018,2026-01-05
30024,2025-08-08
30029,2025-08-08
30031,2025-08-08
30032,2025-08-08
30033,2025-07-18
30035,2025-08-08
30036,2025-08-08
30038,2025-07-07
30039,2025-07-31
30040,2025-07-31
30042,2025-07-22
30048,2025-07-22
30050,2025-07-31
30051,2025-10-20
30052,2025-04-24
30053,2025-07-24
30054,2025-09-08
30058,2026-01-26
30060,2025-09-08
30061,2026-01-26
30062,2025-11-03
30064,2025-08-22
30069,2025-06-02
30070,2025-09-05
30071,2025-08-22
30072,2026-01-06
30073,2026-01-06
30074,2026-01-06
30075,2026-01-06
30077,2025-08-05
30083,2025-06-24
30084,2025-09-08
30087,2025-08-22
30090,2025-09-05
30091,2025-08-08
30093,2025-07-22
30094,2025-07-31
30095,2026-01-06
30098,2025-07-15
30100,2025-07-18
30101,2026-01-06
30103,2025-10-06
30105,2025-07-31
30106,2025-07-24
30107,2025-07-31
30108,2025-11-03
30109,2026-04-07
30111,2025-08-29
30112,2025-10-27
30113,2025-09-29
30115,2025-07-15
30116,2025-07-31
30119,2025-07-18
30122,2025-07-04
30124,2025-09-29
30126,2025-10-06
30127,2025-08-29
30130,2025-09-29
30133,2025-07-18
30134,2025-10-27
30135,2025-09-29
30138,2026-01-06
30140,2025-07-11
30141,2026-01-06
30144,2025-07-11
30145,2026-01-06
30146,2025-07-17
30147,2025-08-05
30150,2025-07-11
30151,2025-07-29
30152,2025-07-10
30153,2025-07-22
30154,2026-01-06
30155,2025-08-08
30156,2025-08-05
30158,2025-11-12
30159,2025-09-01
30162,2025-05-26
30163,2025-08-18
30165,2025-08-05
30167,2025-07-22
30171,2025-09-01
30174,2026-02-25
30179,2026-01-14
30182,2026-01-28
30188,2025-08-29
30189,2025-07-21
30190,2025-08-05
30192,2026-03-27
30193,2025-09-08
30194,2025-08-05
30200,2026-02-02
30202,2025-08-08
30203,2025-08-29
30204,2025-07-10
30205,2025-07-15
30207,2025-08-05
30208,2025-09-04
30209,2025-09-04
30214,2026-03-11
30215,2025-08-12
30217,2025-06-19
30225,2025-08-12
30226,2025-08-11
30227,2025-11-26
30228,2025-08-25
30229,2025-06-18
30232,2025-08-29
30233,2025-10-27
30236,2025-08-22
30242,2025-05-21
30243,2025-08-22
30244,2025-08-22
30245,2025-08-12
30247,2026-01-14
30248,2025-08-29
30249,2025-08-11
30251,2025-07-18
30254,2026-01-14
30255,2025-08-08
30257,2025-07-11
30260,2025-07-07
30260,2025-07-11
30262,2025-08-29
30263,2025-07-11
30267,2025-08-22
30269,2025-09-08
30271,2025-10-20
30272,2025-08-08
30273,2025-08-29
30274,2025-09-29
30278,2025-09-05
30279,2025-08-25
30280,2025-08-12
30281,2025-08-11
30282,2025-08-12
30290,2025-08-05
30292,2025-06-02
30295,2025-11-03
30296,2026-02-17
30297,2025-10-27
30300,2025-08-11
30302,2025-07-14
30303,2025-08-29
30305,2025-08-29
30306,2025-07-04
30308,2025-08-22
30312,2025-10-13
30313,2026-01-29
30314,2025-11-24
30316,2025-10-13
30317,2025-10-27
30321,2025-07-31
30323,2025-07-14
30325,2025-07-11
30327,2025-08-06
30328,2025-07-28
30329,2025-06-23
30332,2026-01-07
30333,2025-09-05
30334,2025-08-05
30335,2025-07-29
30338,2026-02-04
30339,2025-08-05
30341,2025-08-05
30342,2025-08-11
30343,2025-07-11
30344,2025-08-29
30345,2025-09-05
30346,2026-02-10
30347,2026-02-04
30350,2026-01-07
30351,2026-01-14
30352,2026-02-04
30353,2026-01-14
30354,2026-01-14
30356,2026-01-14
30357,2026-01-13
30358,2025-08-25
30359,2025-07-01
30361,2025-06-06
30365,2025-09-05
30370,2025-08-29
30373,2025-08-08
30375,2025-08-11
30376,2025-10-27
30377,2025-08-29
30379,2025-09-11
30380,2025-08-25
30383,2025-08-25
30384,2025-08-11
30386,2025-08-11
30389,2025-08-11
30391,2025-10-13
30392,2025-08-29
30393,2025-08-29
30394,2025-08-12
30396,2025-11-03
30400,2026-02-09
30402,2025-10-13
30403,2026-06-30
30405,2025-08-29
30407,2025-08-29
30409,2026-01-19
30411,2025-08-25
30413,2025-08-05
30416,2025-06-30
30420,2025-10-20
30422,2026-01-19
30423,2025-08-22
30430,2025-06-02
30432,2026-02-10
30435,2025-08-19
30436,2025-06-30
30438,2025-08-21
30440,2025-07-14
30441,2025-07-21
30441,2025-06-02
30444,2025-08-12
30445,2025-08-12
30446,2025-08-12
30448,2025-09-09
30449,2025-08-25
30451,2025-08-12
30452,2025-08-12
30453,2025-10-13
30454,2025-09-11
30455,2025-10-13
30456,2026-02-17
30459,2025-06-30
30460,2025-08-29
30462,2025-08-29
30464,2025-10-13
30468,2025-06-02
30469,2025-10-27
30473,2025-08-11
30474,2025-08-29
30475,2025-08-08
30479,2025-08-29
30480,2025-08-08
30481,2025-11-24
30485,2025-08-05
30486,2025-09-11
30487,2025-08-19
30488,2025-09-01
30490,2025-08-19
30492,2025-08-22
30493,2025-08-07
30495,2025-09-01
30496,2025-08-19
30497,2025-08-18
30500,2025-08-08
30501,2025-08-08
30502,2025-10-13
30504,2026-02-10
30505,2026-02-09
30506,2025-11-12
30507,2026-02-16
30511,2025-10-27
30512,2025-10-27
30513,2025-08-29
30516,2025-08-27
30518,2025-10-06
30520,2025-11-03
30521,2025-10-20
30522,2025-08-27
30523,2025-11-03
30529,2025-08-12
30530,2025-07-31
30531,2025-07-16
30532,2025-05-26
30535,2026-02-10
30536,2026-02-03
30537,2025-08-29
30539,2025-07-18
30541,2025-07-21
30546,2025-08-29
30548,2025-11-03
30550,2025-11-03
30552,2025-06-02
30553,2025-09-08
30554,2025-09-29
30556,2025-11-03
30557,2025-08-29
30559,2025-08-29
30560,2025-07-04
30563,2025-08-12
30565,2025-08-12
30567,2025-08-12
30572,2025-08-12
30574,2026-02-04
30580,2025-08-12
30582,2025-08-22
30584,2025-08-18
30585,2025-08-12
30587,2025-11-24
30589,2025-08-29
30590,2025-08-29
30591,2025-08-22
30592,2025-08-22
30595,2025-08-12
30597,2025-08-07
30600,2025-08-18
30603,2025-08-18
30606,2025-08-22
30607,2025-08-22
30608,2025-11-03
30609,2025-08-29
30610,2025-11-03
30612,2025-08-22
30613,2025-08-12
30615,2025-09-01
30617,2025-08-12
30620,2026-02-06
30622,2025-08-22
30624,2025-08-29
30626,2025-09-05
30628,2025-08-18
30635,2025-10-27
30638,2025-08-29
30641,2025-10-27
30642,2025-08-29
30643,2025-08-27
30645,2026-02-25
30646,2026-01-29
30647,2026-01-13
30651,2026-02-18
30652,2025-08-07
30653,2025-09-18
30655,2026-01-13
30656,2026-01-12
30660,2025-08-29
30663,2025-08-05
30664,2026-02-24
30665,2025-08-29
30666,2025-08-29
30667,2026-02-17
30668,2025-10-13
30672,2026-01-12
30677,2025-10-27
30681,2025-10-13
30682,2025-08-22
30683,2025-09-01
30684,2026-01-12
30686,2025-08-29
30688,2025-09-16
30689,2025-08-12
30693,2025-08-05
30695,2026-02-10
30699,2026-01-07
30700,2025-10-13
30701,2025-08-08
30702,2025-08-29
30709,2025-08-14
30711,2025-07-21
30712,2025-08-29
30713,2025-06-02
30714,2025-08-29
30716,2025-08-08
30718,2025-08-08
30720,2025-08-27
30724,2025-08-29
30725,2025-10-13
30726,2025-10-13
30728,2025-10-27
30729,2025-08-22
30730,2025-08-29
30732,2025-10-27
30735,2025-08-12
30738,2025-06-02
30742,2025-08-29
30743,2025-08-29
30749,2025-10-27
30750,2025-09-01
30752,2025-08-19
30754,2025-08-29
30755,2025-08-29
30756,2025-10-27
30759,2025-08-29
30760,2025-08-29
30761,2025-08-22
30762,2025-10-27
30763,2025-08-21
30765,2025-09-01
30766,2025-09-01
30768,2025-08-05
30769,2025-07-30
30772,2025-08-05
30776,2025-05-20
30777,2025-09-08
30778,2025-08-22
30780,2025-08-29
30781,2025-09-05
30783,2025-08-29
30787,2025-06-18
30788,2025-08-29
30790,2025-09-01
30791,2025-09-01
30792,2025-07-31
30793,2025-08-14
30795,2025-08-21
30798,2025-08-19
30800,2025-09-05
30801,2026-02-24
30802,2025-09-01
30806,2025-08-19
30809,2025-06-02
30810,2025-06-30
30811,2025-08-22
30815,2025-10-13
30817,2025-08-08
30821,2025-06-25
30822,2025-05-26
30823,2025-11-24
30824,2025-07-18
30826,2025-07-11
30830,2025-08-01
30832,2025-06-06
30835,2025-08-22
30836,2025-08-22
30844,2025-09-29
30845,2025-08-05
30847,2025-08-04
30848,2025-08-29
30850,2025-10-27
30853,2025-10-13
30854,2025-05-26
30856,2025-07-21
30857,2026-02-09
30858,2025-09-02
30859,2025-07-22
30862,2025-08-29
30868,2025-07-14
30871,2025-09-01
30872,2025-08-27
30874,2025-09-09
30879,2025-10-27
30885,2025-08-22
30886,2026-02-10
30887,2025-08-19
30889,2026-01-12
30890,2025-07-04
30891,2025-08-29
30894,2026-02-02
30895,2025-08-22
30896,2025-10-13
30897,2025-08-29
30898,2025-10-13
30899,2026-01-21
30900,2025-08-21
30901,2025-08-26
30903,2025-08-19
30904,2025-08-19
30910,2025-07-11
30913,2025-08-29
30919,2025-08-22
30920,2025-06-16
30921,2025-08-14
30924,2025-08-29
30927,2025-08-12
30933,2025-06-24
30936,2025-11-03
30938,2025-11-24
30940,2025-10-13
30942,2025-06-03
30944,2025-10-13
30947,2026-01-21
30954,2026-02-18
30957,2025-08-05
30958,2025-08-05
30960,2025-08-05
30961,2025-08-12
30966,2025-08-12
30968,2025-06-03
30969,2025-06-03
30975,2025-07-07
30977,2025-08-07
30978,2025-07-21
30983,2026-02-18
30985,2025-08-11
30988,2025-11-19
30992,2025-09-01
30995,2025-08-05
30996,2025-08-07
30999,2025-07-11
31000,2025-08-08
31001,2025-08-12
31006,2025-11-24
31009,2025-08-05
31012,2025-08-22
31018,2025-08-08
31019,2025-08-27
31020,2025-11-03
31021,2025-10-13
31029,2025-07-31
31031,2025-06-02
31033,2025-08-05
31036,2026-02-03
31042,2025-10-13
31045,2025-05-26
31049,2025-10-13
31050,2025-07-04
31053,2025-08-12
31060,2025-10-13
31063,2025-10-27
31064,2025-08-29
31065,2025-05-30
31066,2025-08-12
31068,2025-08-14
31069,2025-08-12
31072,2025-08-05
31075,2025-08-12
31076,2025-08-07
31077,2025-10-27
31078,2025-08-29
31079,2025-06-24
31080,2025-08-29
31081,2025-09-29
31083,2025-06-02
31085,2026-01-07
31087,2026-02-16
31090,2026-01-13
31092,2026-02-02
31094,2026-01-14
31095,2026-02-11
31096,2026-01-13
31099,2025-06-23
31102,2025-07-07
31105,2025-08-12
31108,2025-08-13
31109,2025-06-09
31110,2026-03-11
31112,2025-08-07
31113,2025-08-12
31114,2025-08-07
31117,2025-08-05
31118,2025-10-13
31120,2026-03-11
31123,2025-08-05
31124,2025-08-05
31125,2026-02-25
31131,2025-08-29
31133,2026-02-11
31135,2026-01-13
31137,2025-09-09
31139,2025-08-12
31140,2026-01-13
31142,2025-06-23
31143,2025-08-12
31144,2025-10-13
31145,2025-10-27
31149,2025-08-12
31155,2026-01-20
31158,2025-08-12
31159,2026-02-16
31160,2025-08-05
31163,2025-07-07
31164,2025-08-27
31165,2025-06-18
31168,2026-01-13
31169,2026-01-13
31174,2026-02-23
31180,2025-08-05
31185,2026-02-11
31187,2026-01-20
31189,2025-10-27
31191,2025-09-05
31193,2025-09-05
31196,2025-10-27
31197,2025-09-18
31198,2025-08-05
31200,2025-08-12
31203,2025-08-12
31204,2025-08-12
31205,2026-02-18
31206,2025-10-27
31208,2025-10-27
31209,2025-09-05
31210,2025-10-27
31211,2025-08-08
31212,2025-10-20
31214,2025-10-27
31215,2025-10-13
31218,2025-10-27
31224,2025-09-05
31225,2025-08-05
31226,2025-06-30
31227,2025-09-05
31230,2025-10-27
31233,2025-09-05
31234,2025-06-03
31236,2025-08-29
31238,2025-09-04
31246,2025-08-07
31252,2025-09-05
31253,2025-09-05
31255,2025-08-07
31256,2025-08-07
31257,2025-08-12
31260,2025-07-21
31262,2025-10-13
31263,2025-08-07
31268,2025-09-18
31273,2025-08-29
31274,2025-09-05
31275,2025-08-29
31276,2025-08-29
31278,2025-06-03
31279,2025-09-26
31285,2025-09-04
31286,2025-08-12
31288,2026-02-16
31289,2025-08-29
31290,2025-09-05
31291,2025-06-23
31293,2026-01-20
31297,2025-10-20
31299,2025-08-29
31300,2025-10-20
31304,2025-10-20
31306,2025-07-07
31307,2025-08-21
31308,2026-02-26
31309,2025-08-07
31310,2025-09-05
31312,2025-08-07
31313,2025-08-07
31316,2025-09-05
31317,2025-09-05
31318,2025-06-02
31319,2025-06-30
31320,2025-06-02
31324,2025-06-23
31325,2025-08-13
31326,2025-08-13
31327,2025-08-13
31328,2026-02-16
31329,2026-02-09
31331,2026-02-03
31332,2025-07-21
31333,2026-01-19
31335,2026-02-02
31336,2025-09-05
31337,2025-08-08
31340,2025-06-18
31341,2026-02-18
31343,2025-05-26
31344,2026-01-20
31349,2025-08-07
31353,2025-08-05
31354,2025-08-05
31355,2025-08-05
31362,2025-08-29
31365,2025-10-20
31366,2026-02-03
31367,2025-08-12
31368,2025-06-02
31375,2025-08-12
31379,2025-06-03
31380,2025-06-03
31383,2025-10-27
31384,2026-02-03
31385,2026-01-20
31388,2025-10-27
31389,2025-09-05
31390,2025-08-22
31391,2025-05-26
31395,2025-09-04
31396,2026-01-20
31397,2025-08-05
31398,2025-06-18
31399,2025-09-05
31400,2025-08-22
31405,2025-07-21
31406,2025-10-27
31407,2025-10-20
31408,2025-08-29
31409,2025-11-03
31411,2025-11-03
31413,2025-10-20
31417,2025-10-20
31418,2025-10-20
31419,2025-08-22
31420,2025-07-15
31421,2025-10-20
31426,2025-08-05
31427,2025-08-19
31429,2025-08-29
31430,2025-09-04
31433,2025-05-29
31436,2026-06-08
31437,2025-08-22
31439,2026-01-19
31442,2025-11-03
31444,2025-10-20
31445,2025-10-20
31450,2025-09-05
31451,2026-02-02
31452,2026-01-19
31453,2025-06-02
31454,2026-01-19
31455,2026-02-04
31457,2025-08-05
31459,2026-02-11
31461,2025-10-20
31463,2025-08-22
31464,2025-09-05
31467,2025-09-05
31468,2026-03-27
31470,2025-08-22
31474,2026-03-27
31475,2025-05-27
31477,2025-05-29
31477,2025-05-27
31482,2025-06-23
31483,2026-02-16
31486,2026-01-19
31487,2026-01-19
31488,2026-01-19
31489,2026-01-19
31490,2026-03-02
31491,2026-02-11
31492,2026-01-20
31496,2025-09-29
31497,2025-08-05
31503,2025-07-28
31506,2025-09-02
31508,2025-09-09
31518,2025-11-03
31519,2025-10-20
31521,2025-09-05
31522,2025-09-05
31523,2025-11-03
31525,2026-06-08
31526,2025-08-22
31527,2026-03-27
31532,2025-10-20
31536,2026-03-02
31538,2025-09-05
31540,2025-08-13
31541,2025-09-29
31543,2025-07-04
31545,2025-07-14
31547,2025-09-05
31548,2025-08-22
31551,2025-09-05
31552,2025-09-05
31554,2025-08-22
31555,2025-08-22
31556,2025-11-24
31557,2025-09-05
31560,2026-01-20
31561,2026-01-20
31562,2025-08-08
31563,2026-02-11
31564,2026-02-11
31566,2025-08-22
31567,2025-06-18
31570,2025-11-24
31572,2025-08-13
31574,2026-02-03
31578,2025-06-30
31579,2025-08-05
31583,2025-09-05
31587,2025-10-20
31588,2025-09-05
31589,2025-09-05
31590,2025-11-03
31592,2025-11-24
31594,2025-10-20
31595,2025-09-29
31596,2025-09-29
31597,2025-09-29
31598,2026-02-24
31601,2026-02-16
31605,2025-09-05
31606,2025-09-05
31610,2025-09-05
31611,2025-09-29
31612,2025-05-29
31613,2025-11-03
31614,2025-11-03
31615,2025-11-03
31620,2025-09-05
31621,2025-08-05
31623,2025-09-04
31629,2025-09-04
31631,2025-09-05
31633,2025-08-12
31637,2025-08-22
31639,2026-01-21
31640,2026-01-20
31642,2025-09-04
31644,2025-09-04
31645,2025-08-05
31648,2025-09-05
31650,2025-09-05
31651,2025-08-05
31653,2025-09-04
31655,2025-09-05
31656,2025-09-05
31660,2025-09-05
31662,2025-11-17
31664,2025-09-29
31665,2025-10-06
31666,2025-10-06
31669,2025-09-05
31670,2025-09-05
31677,2025-10-06
31678,2026-02-16
31681,2025-04-22
31684,2025-11-17
31685,2025-06-16
31686,2025-06-23
31688,2025-09-09
31690,2026-02-03
31691,2025-08-05
31692,2025-08-05
31693,2026-02-09
31694,2025-09-04
31695,2025-08-12
31696,2025-09-04
31698,2025-08-05
31701,2025-09-04
31703,2025-08-05
31705,2025-08-07
31707,2025-06-03
31709,2025-08-22
31715,2026-02-18
31716,2025-11-17
31719,2026-03-02
31722,2025-09-05
31725,2025-09-05
31733,2025-09-05
31734,2025-09-05
31738,2025-08-05
31740,2025-08-07
31743,2025-08-07
31745,2025-08-07
31746,2025-09-05
31748,2025-08-07
31749,2025-11-24
31750,2026-03-02
31751,2025-06-09
31752,2025-10-06
31753,2025-06-03
31754,2026-02-03
31755,2025-08-22
31756,2026-02-25
31757,2026-02-02
31758,2026-03-04
31759,2025-08-07
31760,2025-10-13
31761,2025-11-28
31762,2025-08-22
31763,2025-10-06
31764,2025-09-05
31766,2025-09-05
31767,2025-10-06
31769,2025-10-06
31770,2025-11-10
31772,2025-08-13
31774,2025-06-03
31775,2026-02-24
31777,2025-08-07
31778,2025-10-06
31780,2025-09-09
31783,2025-06-09
31784,2025-04-23
31785,2025-05-27
31787,2025-09-05
31788,2025-05-29
31790,2025-08-13
31792,2025-08-21
31793,2025-08-11
31794,2025-11-10
31795,2025-08-21
31796,2025-07-18
31797,2025-07-28
31799,2025-08-21
31801,2025-06-02
31802,2025-07-07
31804,2025-07-14
31806,2025-09-05
31807,2025-08-22
31808,2025-08-22
31809,2025-09-05
31813,2025-10-06
31814,2025-09-26
31818,2025-08-22
31821,2025-09-05
31822,2025-10-13
31823,2025-09-05
31826,2026-01-26
31828,2025-10-06
31836,2025-07-11
31837,2026-02-09
31841,2025-09-05
31843,2025-10-06
31847,2025-11-10
31854,2025-08-07
31855,2026-02-17
31856,2025-08-22
31857,2025-10-06
31859,2025-10-06
31860,2025-11-10
31861,2025-09-05
31862,2026-01-21
31863,2026-01-21
31864,2026-02-23
31865,2026-02-25
31867,2025-09-05
31869,2025-04-21
31872,2026-01-21
31877,2025-08-07
31880,2026-02-02
31881,2025-10-13
31883,2025-09-05
31885,2025-08-19
31887,2025-08-19
31888,2025-09-09
31889,2025-11-10
31890,2025-08-22
31892,2025-09-09
31893,2025-09-11
31894,2025-06-09
31895,2025-09-09
31898,2025-08-12
31900,2025-07-07
31903,2025-09-05
31907,2025-09-05
31908,2026-03-23
31909,2025-08-29
31912,2025-08-07
31914,2025-08-22
31918,2025-09-05
31919,2025-11-10
31922,2025-10-06
31925,2025-10-13
31927,2025-10-06
31928,2025-10-20
31931,2025-11-10
31935,2025-09-05
31936,2025-08-19
31938,2025-08-19
31940,2025-09-09
31941,2025-08-19
31943,2025-09-11
31944,2025-09-11
31945,2025-08-07
31946,2025-09-09
31947,2025-09-09
31952,2025-08-19
31954,2025-09-05
31957,2025-08-19
31959,2025-09-05
31963,2025-07-07
31964,2025-07-28
31966,2025-07-07
31974,2025-07-21
31976,2025-06-02
31977,2025-06-30
31978,2026-01-21
31987,2025-08-22
31989,2025-10-06
31990,2025-09-05
31992,2026-02-02
31993,2025-10-06
31994,2025-09-05
31996,2025-09-05
31998,2025-08-22
32003,2026-02-18
32007,2025-08-22
32010,2025-11-17
32014,2025-08-22
32015,2025-09-09
32024,2025-09-05
32025,2025-08-22
32028,2025-10-13
32029,2025-09-12
32030,2025-10-06
32035,2025-09-05
32037,2025-06-02
32039,2025-10-06
32040,2025-11-10
32041,2025-10-06
32042,2025-11-10
32044,2025-10-13
32045,2025-08-22
32047,2025-10-06
32048,2025-11-10
32050,2025-10-13
32051,2025-10-06
32052,2025-12-08
32054,2025-11-10
32055,2025-12-08
32056,2025-11-10
32057,2025-11-17
32058,2025-10-06
32059,2025-12-15
32060,2025-11-24
32062,2025-09-05
32063,2025-08-22
32068,2025-10-20
32071,2025-09-05
32076,2026-03-02
32080,2025-08-07
32081,2025-08-19
32083,2025-09-05
32085,2025-09-26
32089,2025-07-24
32090,2025-05-30
32091,2025-05-30
32092,2025-08-18
32093,2025-09-05
32094,2025-07-11
32096,2025-06-30
32098,2025-08-13
32099,2025-09-05
32101,2025-08-21
32103,2025-07-14
32104,2025-07-21
32105,2025-08-13
32106,2025-06-02
32107,2025-07-07
32110,2025-09-03
32112,2025-07-28
32115,2025-06-02
32116,2025-08-13
32121,2025-08-22
32122,2025-09-05
32123,2026-03-02
32124,2025-07-28
32125,2025-10-06
32126,2025-08-22
32127,2026-02-16
32128,2025-08-22
32130,2025-08-27
32133,2025-08-22
32135,2025-11-17
32136,2025-07-30
32138,2025-08-22
32139,2025-11-17
32141,2025-09-05
32142,2025-09-05
32143,2025-11-10
32144,2025-08-19
32145,2025-09-09
32148,2025-08-07
32150,2025-08-07
32151,2025-09-11
32152,2025-08-07
32156,2025-09-09
32157,2025-11-20
32158,2025-09-11
32161,2025-08-12
32162,2025-08-19
32163,2025-09-09
32164,2025-08-19
32168,2025-08-21
32169,2025-08-19
32173,2025-09-05
32174,2025-11-24
32176,2025-11-17
32178,2026-02-27
32179,2025-06-16
32181,2025-09-11
32182,2025-06-23
32186,2025-06-09
32188,2025-07-21
32189,2025-09-03
32190,2025-06-09
32191,2025-07-14
32192,2025-09-03
32194,2026-03-19
32198,2025-08-21
32199,2025-08-04
32200,2025-09-26
32201,2025-08-19
32203,2025-08-19
32205,2026-01-21
32207,2025-08-12
32208,2025-08-12
32212,2026-01-21
32213,2025-08-19
32214,2025-08-12
32217,2025-10-06
32218,2025-11-17
32221,2025-08-19
32230,2025-10-13
32231,2025-08-12
32232,2025-09-05
32233,2025-08-12
32238,2025-08-19
32240,2025-10-06
32241,2025-08-19
32242,2025-08-12
32243,2025-09-11
32244,2025-08-19
32246,2025-08-19
32248,2025-08-19
32249,2025-08-19
32252,2025-08-12
32257,2025-09-09
32260,2026-01-21
32262,2025-08-22
32263,2025-08-07
32272,2025-09-09
32274,2025-11-10
32275,2025-09-05
32276,2025-09-26
32279,2025-09-26
32280,2025-10-06
32281,2025-08-22
32282,2025-09-12
32283,2025-06-02
32289,2025-07-14
32290,2025-09-05
32294,2026-01-29
32295,2025-09-11
32299,2025-08-12
32301,2025-09-05
32302,2025-10-06
32307,2025-11-10
32308,2025-09-05
32312,2026-02-04
32315,2026-01-26
32316,2026-03-23
32317,2026-03-18
32319,2026-01-28
32322,2026-01-28
32323,2025-10-06
32324,2026-03-09
32328,2025-10-31
32330,2025-06-03
32336,2025-09-11
32337,2025-10-28
32338,2025-08-19
32339,2026-04-01
32342,2025-09-16
32344,2025-08-22
32345,2025-09-19
32351,2025-09-16
32352,2025-09-19
32354,2025-09-19
32356,2025-09-05
32357,2025-10-31
32358,2025-10-06
32361,2025-10-06
32364,2025-06-03
32366,2026-04-21
32368,2026-03-24
32369,2025-12-08
32371,2025-08-22
32372,2025-09-05
32373,2025-12-08
32374,2025-12-08
32376,2025-12-08
32377,2025-09-19
32378,2025-09-19
32379,2025-11-24
32380,2025-10-13
32382,2025-11-17
32383,2025-11-10
32386,2025-11-10
32387,2025-11-17
32392,2025-12-08
32394,2025-12-08
32396,2025-06-04
32398,2025-06-02
32403,2025-09-11
32405,2026-04-01
32408,2026-04-01
32409,2025-08-21
32411,2025-11-17
32413,2025-09-19
32414,2025-08-07
32416,2025-08-22
32417,2025-11-17
32418,2025-09-19
32419,2025-09-16
32420,2025-08-07
32422,2025-11-10
32425,2025-05-27
32428,2025-11-17
32429,2025-07-07
32431,2025-09-19
32432,2025-08-08
32433,2025-08-22
32435,2025-07-04
32436,2025-06-06
32438,2025-08-07
32439,2025-09-08
32440,2025-05-30
32441,2025-09-19
32446,2025-12-08
32447,2025-09-19
32448,2025-09-19
32449,2025-09-19
32451,2025-09-19
32454,2025-12-08
32457,2025-08-22
32460,2025-07-18
32461,2025-09-19
32464,2025-07-14
32473,2025-09-12
32477,2025-09-19
32478,2026-01-30
32480,2025-09-12
32481,2025-12-22
32482,2025-09-09
32483,2025-08-19
32484,2025-08-19
32486,2025-08-22
32488,2025-11-10
32490,2025-06-09
32491,2026-03-30
32492,2026-03-16
32493,2025-09-09
32494,2025-08-12
32498,2025-08-12
32503,2025-08-21
32504,2025-08-12
32509,2025-08-19
32510,2025-10-13
32512,2025-11-10
32516,2025-06-18
32518,2025-08-21
32519,2025-09-18
32520,2025-09-09
32524,2026-03-02
32526,2025-08-22
32527,2025-09-12
32528,2025-10-31
32530,2025-08-22
32531,2025-08-22
32533,2025-08-22
32535,2025-08-22
32539,2025-12-23
32542,2025-08-21
32546,2025-08-21
32549,2026-03-24
32550,2026-01-26
32551,2025-05-28
32552,2026-03-04
32553,2025-10-13
32557,2025-11-18
32558,2025-08-12
32559,2025-11-10
32560,2025-04-24
32564,2025-12-08
32565,2025-09-12
32566,2025-08-19
32569,2025-08-19
32570,2025-08-07
32573,2025-08-04
32574,2025-12-22
32575,2025-11-17
32576,2025-11-17
32578,2025-08-21
32580,2025-12-08
32581,2025-12-08
32582,2025-11-17
32583,2025-11-17
32585,2025-12-08
32586,2025-11-17
32587,2025-07-01
32588,2025-11-17
32591,2025-12-08
32593,2025-11-17
32594,2025-11-17
32596,2025-11-24
32598,2025-09-12
32600,2025-09-12
32602,2025-09-11
32604,2025-09-16
32605,2025-09-16
32606,2025-11-24
32611,2025-09-19
32612,2025-09-16
32613,2025-09-16
32616,2025-10-28
32617,2025-09-16
32618,2025-10-02
32622,2025-09-16
32631,2025-10-13
32633,2025-11-10
32635,2025-09-12
32639,2025-11-10
32640,2025-11-10
32642,2025-09-12
32643,2025-09-19
32645,2025-09-16
32646,2026-02-02
32647,2026-03-18
32648,2026-05-20
32650,2026-03-30
32652,2026-03-18
32655,2026-02-23
32656,2025-09-12
32657,2026-03-17
32658,2025-07-14
32660,2025-08-21
32662,2025-07-14
32663,2025-06-09
32665,2025-09-17
32667,2025-09-04
32668,2025-08-21
32669,2025-08-13
32673,2025-08-21
32675,2025-09-12
32676,2025-08-07
32677,2026-03-10
32678,2025-11-10
32679,2026-02-23
32680,2026-03-25
32681,2026-02-24
32682,2025-08-21
32683,2026-02-25
32684,2025-08-22
32687,2026-02-24
32688,2025-08-22
32689,2026-02-18
32690,2026-03-17
32692,2025-08-07
32693,2025-09-01
32694,2026-04-13
32698,2026-03-04
32699,2026-02-18
32703,2025-06-30
32705,2025-06-03
32707,2025-08-22
32708,2025-08-22
32710,2025-08-12
32712,2025-09-16
32714,2025-09-26
32716,2025-09-12
32717,2025-08-13
32718,2025-08-22
32719,2025-11-10
32721,2025-09-05
32722,2025-09-18
32723,2025-09-19
32724,2026-02-04
32726,2025-09-19
32729,2025-12-08
32732,2025-06-09
32733,2025-09-04
32736,2025-09-17
32737,2025-08-28
32739,2025-09-24
32740,2025-09-24
32744,2025-08-04
32745,2025-08-12
32746,2025-08-13
32748,2025-09-12
32754,2025-10-13
32755,2025-10-31
32757,2025-08-13
32759,2025-08-12
32761,2025-09-09
32766,2025-10-28
32768,2025-09-25
32769,2025-09-01
32771,2025-08-22
32772,2025-11-10
32773,2025-09-18
32774,2026-03-25
32775,2026-02-23
32776,2026-03-23
32778,2026-02-25
32780,2025-04-21
32781,2026-03-11
32782,2026-05-20
32786,2025-06-23
32794,2025-09-19
32796,2025-09-19
32797,2026-04-01
32800,2025-09-09
32802,2025-08-21
32805,2025-12-08
32808,2025-09-19
32809,2025-09-11
32811,2025-09-17
32812,2025-12-08
32813,2025-08-21
32814,2025-10-28
32817,2026-03-17
32818,2025-09-18
32823,2025-08-21
32825,2025-08-26
32827,2025-10-28
32828,2025-08-21
32829,2025-08-29
32830,2026-02-25
32831,2026-02-24
32833,2026-03-11
32834,2025-08-22
32835,2026-03-04
32836,2026-04-14
32837,2026-03-02
32838,2026-02-23
32839,2026-03-16
32840,2025-09-19
32841,2026-03-04
32843,2026-03-25
32844,2026-03-23
32845,2025-09-19
32846,2026-03-04
32847,2025-08-04
32848,2025-08-26
32850,2025-11-10
32852,2025-12-08
32856,2025-07-29
32857,2025-10-28
32862,2025-10-31
32866,2025-09-12
32868,2025-08-12
32869,2025-09-18
32870,2025-10-28
32871,2025-08-26
32872,2025-09-11
32875,2025-09-11
32877,2025-08-12
32878,2025-12-08
32879,2025-09-16
32880,2025-09-16
32881,2025-09-16
32884,2026-03-09
32887,2025-09-18
32888,2025-10-28
32896,2025-09-11
32900,2026-03-25
32901,2025-09-19
32902,2026-02-09
32904,2025-07-04
32905,2025-09-01
32906,2026-03-27
32913,2026-01-07
32914,2026-02-09
32915,2025-10-23
32916,2025-09-19
32918,2026-03-18
32919,2025-10-31
32920,2025-12-08
32921,2025-09-12
32923,2025-09-19
32926,2026-01-26
32928,2025-10-31
32931,2025-10-31
32932,2025-11-24
32933,2025-09-19
32935,2025-06-18
32939,2025-09-18
32946,2025-10-28
32947,2025-12-08
32948,2025-10-28
32949,2025-10-28
32952,2025-12-08
32953,2026-03-24
32958,2025-07-22
32967,2025-11-10
32968,2026-03-10
32969,2025-10-13
32971,2025-09-19
32978,2025-08-04
32982,2025-09-18
32983,2025-10-28
32992,2025-09-18
32999,2025-07-29
33000,2026-03-25
33006,2025-10-31
33009,2025-09-19
33010,2025-09-19
33011,2025-09-12
33013,2025-10-31
33014,2025-12-15
33016,2025-11-24
33017,2025-12-15
33019,2025-09-19
33020,2025-06-23
33023,2025-09-19
33024,2025-06-09
33025,2025-11-24
33026,2025-10-31
33028,2025-12-15
33031,2025-12-15
33032,2025-08-22
33033,2026-02-17
33034,2026-03-24
33035,2026-03-09
33037,2025-06-23
33038,2025-09-08
33040,2025-09-19
33044,2025-08-04
33047,2025-09-19
33049,2025-09-12
33050,2025-12-15
33051,2025-09-12
33052,2025-12-15
33054,2025-09-12
33056,2025-09-19
33058,2025-09-19
33059,2026-03-23
33060,2025-09-18
33061,2025-06-09
33064,2025-12-15
33065,2025-12-15
33066,2025-12-15
33068,2026-03-24
33071,2025-05-20
33073,2025-09-19
33074,2025-11-05
33078,2025-09-11
33079,2025-08-04
33080,2025-09-09
33081,2025-09-08
33083,2025-08-25
33084,2025-11-24
33087,2025-11-24
33088,2025-09-12
33089,2025-09-12
33090,2025-09-19
33096,2025-09-11
33100,2025-08-08
33101,2025-09-01
33103,2025-09-19
33105,2025-10-28
33107,2025-09-12
33109,2025-09-26
33111,2025-09-12
33112,2025-08-26
33114,2025-09-09
33115,2026-03-25
33116,2026-02-16
33117,2026-02-17
33118,2025-07-14
33119,2025-07-11
33120,2026-05-20
33122,2025-09-18
33123,2025-08-12
33124,2025-09-09
33127,2026-05-25
33128,2025-05-21
33130,2026-04-10
33139,2025-09-12
33140,2026-02-17
33141,2026-03-10
33144,2026-05-25
33146,2026-03-03
33147,2026-03-10
33148,2026-03-17
33149,2026-03-11
33150,2025-10-13
33153,2026-04-15
33154,2026-03-11
33155,2025-08-22
33157,2025-08-22
33159,2025-05-28
33161,2025-04-21
33162,2025-09-26
33164,2025-08-19
33167,2025-10-28
33169,2025-09-26
33170,2025-08-22
33175,2025-06-30
33176,2025-09-18
33178,2025-09-26
33179,2026-05-20
33181,2025-09-12
33182,2025-09-26
33183,2025-09-12
33185,2025-11-24
33186,2025-10-31
33189,2025-06-03
33197,2025-08-04
33198,2025-06-09
33199,2025-06-09
33200,2025-08-04
33203,2025-09-09
33204,2025-10-30
33205,2025-05-28
33206,2025-09-26
33208,2025-09-11
33209,2025-08-04
33218,2025-09-18
33222,2025-08-21
33223,2025-09-18
33228,2025-09-09
33229,2026-01-21
33230,2025-08-12
33233,2025-10-31
33234,2025-08-26
33235,2026-03-18
33236,2026-02-17
33237,2025-09-09
33239,2025-07-29
33240,2026-01-21
33241,2025-12-15
33242,2025-07-14
33246,2025-09-26
33247,2025-07-28
33248,2026-03-24
33249,2025-04-21
33251,2025-06-30
33254,2025-09-26
33256,2025-10-20
33259,2025-09-26
33260,2025-11-24
33263,2025-11-10
33266,2025-09-18
33270,2025-12-15
33271,2025-11-10
33272,2025-11-10
33273,2025-10-31
33275,2025-09-26
33277,2025-09-12
33279,2025-09-26
33283,2025-11-24
33286,2025-08-21
33288,2025-09-18
33289,2025-08-21
33291,2025-07-07
33296,2026-02-24
33299,2025-09-18
33300,2025-05-28
33302,2025-07-15
33305,2025-12-15
33307,2025-12-15
33308,2025-08-22
33310,2025-09-12
33313,2025-11-24
33314,2025-09-26
33320,2026-03-24
33321,2026-04-20
33327,2025-08-21
33328,2026-05-25
33330,2026-01-21
33331,2025-09-18
33334,2025-09-18
33340,2025-08-21
33341,2025-09-18
33342,2025-09-18
33344,2025-08-04
33345,2025-06-30
33346,2025-09-04
33347,2025-06-30
33348,2025-12-15
33350,2025-08-04
33351,2025-08-04
33352,2025-09-04
33353,2025-08-21
33357,2025-08-21
33362,2025-08-21
33363,2025-09-11
33364,2025-09-18
33365,2026-01-21
33367,2025-09-12
33369,2025-09-16
33370,2025-06-03
33371,2025-10-31
33372,2025-09-12
33373,2026-03-11
33374,2026-03-03
33375,2026-03-16
33378,2025-09-26
33381,2025-06-09
33383,2025-06-09
33384,2025-08-04
33387,2025-10-31
33388,2025-12-15
33390,2025-11-17
33396,2025-09-18
33403,2025-09-12
33404,2025-10-13
33405,2025-05-20
33406,2025-10-13
33409,2025-09-12
33410,2025-09-17
33413,2025-09-16
33417,2025-09-18
33419,2025-09-16
33421,2025-08-28
33425,2025-08-22
33427,2025-11-10
33429,2025-12-15
33430,2025-12-15
33431,2025-12-22
33432,2025-09-25
33433,2025-12-15
33436,2025-11-10
33437,2026-04-07
33442,2025-06-26
33444,2026-03-03
33446,2026-03-09
33447,2026-04-15
33449,2026-05-25
33452,2025-08-28
33456,2025-09-26
33461,2025-08-22
33464,2025-09-09
33468,2025-08-28
33469,2025-09-04
33471,2025-09-26
33472,2026-03-03
33474,2026-03-23
33479,2025-08-26
33482,2025-10-13
33484,2025-09-29
33486,2025-06-06
33489,2025-09-12
33490,2025-09-12
33491,2025-07-28
33493,2025-08-22
33494,2025-08-12
33496,2025-09-12
33498,2025-12-15
33499,2025-11-17
33500,2026-03-17
33501,2025-09-09
33503,2025-09-16
33505,2025-09-11
33507,2025-08-28
33508,2025-08-28
33509,2025-08-28
33513,2025-08-28
33514,2026-04-28
33516,2025-08-26
33518,2025-08-28
33519,2025-09-26
33522,2025-06-09
33527,2026-03-23
33532,2025-12-15
33535,2025-07-04
33537,2025-08-13
33538,2026-03-16
33541,2025-08-26
33542,2025-12-15
33544,2025-08-26
33545,2025-09-12
33546,2025-09-26
33549,2025-09-19
33550,2025-05-28
33552,2025-06-09
33555,2026-05-20
33556,2025-08-26
33557,2025-11-10
33558,2025-08-26
33559,2026-03-10
33560,2025-09-17
33567,2026-01-26
33573,2025-09-19
33578,2025-09-17
33582,2025-08-22
33583,2025-12-15
33584,2026-04-07
33585,2025-09-16
33586,2025-09-12
33589,2025-09-19
33592,2025-09-16
33597,2026-01-21
33599,2025-09-16
33601,2025-09-16
33603,2025-09-19
33604,2025-09-09
33607,2025-09-12
33611,2025-09-19
33613,2025-09-19
33614,2025-09-19
33617,2025-09-12
33618,2025-04-23
33619,2026-04-28
33620,2025-09-11
33623,2025-12-15
33625,2026-05-26
33627,2026-03-30
33629,2026-03-11
33630,2026-01-21
33631,2025-07-15
33632,2025-05-28
33633,2025-09-16
33634,2025-06-26
33635,2025-06-24
33638,2025-07-21
33641,2025-09-16
33642,2026-03-04
33646,2025-08-04
33652,2025-09-05
33654,2025-11-10
33656,2025-09-19
33659,2025-12-15
33661,2025-09-26
33664,2025-11-17
33667,2025-12-22
33668,2025-09-19
33669,2026-04-07
33670,2025-09-25
33671,2025-12-15
33672,2025-12-22
33674,2025-11-10
33677,2025-09-19
33678,2025-12-15
33679,2026-01-26
33681,2025-12-22
33682,2025-12-15
33683,2025-07-08
33686,2025-12-22
33689,2026-03-24
33690,2025-09-12
33693,2025-06-03
33695,2025-08-26
33696,2025-11-10
33698,2025-09-09
33701,2025-06-09
33703,2025-09-16
33709,2025-12-15
33710,2025-09-12
33711,2025-10-17
33713,2026-04-22
33717,2025-12-15
33722,2026-01-21
33723,2025-06-09
33724,2025-12-22
33725,2025-07-14
33727,2025-10-13
33728,2025-08-22
33732,2025-08-07
33734,2025-05-26
33735,2025-11-10
33737,2025-06-03
33738,2026-04-29
33747,2025-10-02
33749,2026-01-21
33751,2025-09-16
33754,2025-09-19
33757,2025-09-12
33761,2025-06-03
33762,2025-09-12
33763,2026-04-15
33764,2025-07-18
33769,2025-09-18
33770,2025-09-18
33772,2025-07-21
33778,2026-01-21
33779,2025-09-18
33780,2025-09-18
33782,2025-10-31
33784,2025-08-13
33786,2025-06-09
33789,2025-12-15
33792,2025-09-12
33793,2025-12-22
33794,2025-06-09
33795,2025-10-13
33798,2025-12-15
33799,2025-12-22
33800,2025-12-15
33801,2025-12-15
33803,2025-09-12
33806,2025-09-12
33809,2025-09-12
33810,2025-09-19
33812,2025-06-03
33813,2025-04-22
33814,2025-12-15
33818,2025-12-15
33820,2025-09-11
33821,2025-09-09
33822,2025-12-15
33823,2025-06-18
33824,2025-06-04
33828,2025-09-11
33832,2025-07-22
33835,2025-09-18
33838,2025-09-18
33840,2026-03-09
33841,2026-04-06
33842,2025-09-29
33843,2025-10-06
33855,2025-09-12
33858,2025-09-18
33859,2025-09-18
33861,2025-09-12
33863,2025-08-21
33864,2025-08-04
33867,2026-01-28
33870,2025-10-31
33871,2025-12-22
33872,2025-09-12
33873,2025-11-10
33879,2025-08-21
33883,2025-08-21
33885,2025-06-02
33886,2025-08-26
33887,2026-01-28
33888,2025-08-12
33889,2025-08-26
33892,2025-09-12
33894,2026-01-07
33895,2025-06-23
33899,2025-08-22
33900,2025-08-04
33901,2025-07-28
33903,2026-04-13
33904,2025-06-26
33905,2026-01-28
33907,2025-09-18
33908,2025-08-21
33909,2026-01-28
33911,2026-01-28
33912,2025-09-18
33913,2026-01-28
33915,2025-11-26
33916,2025-11-26
33917,2025-08-21
33918,2025-11-26
33919,2025-10-15
33920,2025-12-22
33926,2025-09-12
33930,2025-10-31
33933,2025-10-31
33934,2025-09-19
33935,2025-05-28
33937,2025-09-12
33939,2025-09-19
33940,2025-09-17
33941,2025-11-17
33944,2025-12-15
33945,2025-05-28
33945,2025-05-28
33946,2026-03-03
33948,2025-06-10
33950,2026-03-18
33951,2025-05-20
33952,2025-05-28
33953,2025-09-19
33955,2025-09-17
33956,2025-06-26
33957,2025-06-04
33958,2025-09-19
33959,2025-05-21
33960,2025-06-18
33961,2025-08-28
33964,2025-06-18
33965,2025-09-19
33966,2025-06-18
33967,2025-09-11
33969,2026-03-30
33975,2025-11-17
33981,2025-09-12
33982,2026-03-31
33983,2026-01-28
33984,2025-06-09
33985,2025-09-12
33986,2026-01-30
33988,2025-06-18
33989,2026-03-31
33990,2026-01-28
33991,2025-09-16
33992,2025-09-11
33994,2025-09-16
33995,2026-01-30
33996,2025-06-18
33997,2025-11-17
33999,2026-01-30
34000,2025-05-28
34002,2025-06-04
34004,2025-06-23
34006,2026-04-01
34009,2026-01-28
34010,2025-09-11
34016,2026-03-18
34017,2025-11-17
34019,2025-11-17
34020,2025-09-25
34021,2026-03-04
34022,2026-03-10
34023,2025-09-19
34029,2025-09-18
34031,2025-10-23
34036,2025-09-04
34038,2025-08-04
34039,2026-01-30
34040,2025-09-25
34043,2025-06-04
34045,2025-11-17
34048,2025-09-16
34049,2025-08-26
34051,2026-04-01
34052,2026-04-01
34054,2025-09-16
34055,2025-08-26
34060,2025-11-07
34062,2025-09-19
34063,2025-05-28
34064,2025-09-19
34066,2025-09-12
34067,2026-03-23
34068,2026-04-15
34070,2025-08-04
34071,2025-10-31
34072,2025-09-19
34073,2025-09-12
34076,2025-10-31
34077,2026-01-26
34079,2025-05-28
34083,2025-10-31
34088,2025-08-22
34090,2026-01-26
34091,2025-09-16
34093,2025-09-12
34095,2025-09-12
34102,2025-08-04
34106,2026-03-03
34109,2025-08-28
34111,2025-09-12
34112,2025-08-04
34113,2025-09-12
34117,2026-04-08
34120,2025-10-31
34121,2025-08-28
34122,2025-06-10
34123,2025-08-04
34124,2025-10-31
34126,2025-09-19
34129,2025-09-16
34132,2025-08-28
34134,2025-09-16
34135,2026-04-01
34140,2025-08-28
34141,2025-11-26
34143,2025-09-16
34147,2025-08-28
34148,2025-08-28
34152,2025-09-19
34153,2025-09-16
34154,2025-06-04
34156,2025-10-31
34158,2025-07-21
34161,2025-09-04
34163,2025-08-04
34164,2025-08-04
34166,2025-09-12
34168,2025-08-18
34170,2025-09-17
34172,2025-09-16
34173,2025-09-09
34174,2025-09-16
34176,2025-08-28
34178,2025-11-26
34181,2026-03-23
34187,2026-06-02
34188,2026-04-14
34189,2026-03-30
34190,2026-03-16
34192,2025-05-28
34194,2025-09-19
34198,2025-08-18
34199,2025-05-29
34200,2025-06-24
34201,2025-10-31
34202,2025-09-19
34207,2025-09-12
34212,2026-03-17
34216,2025-08-28
34218,2026-03-03
34223,2025-08-28
34224,2025-08-28
34225,2025-09-11
34230,2025-09-19
34232,2026-03-10
34233,2025-06-25
34239,2025-06-04
34240,2025-05-29
34241,2025-06-04
34242,2025-06-30
34243,2025-08-28
34244,2025-08-28
34245,2025-09-19
34246,2025-09-18
34248,2025-09-12
34250,2025-09-04
34253,2025-06-25
34255,2026-03-25
34256,2025-09-11
34258,2025-09-16
34263,2025-06-19
34267,2025-06-04
34268,2026-06-29
34270,2025-06-03
34275,2025-07-17
34276,2025-06-04
34277,2025-09-18
34281,2025-08-28
34282,2025-07-18
34284,2025-09-16
34285,2025-09-09
34288,2025-09-19
34289,2025-09-18
34292,2025-09-16
34294,2025-10-31
34297,2026-03-18
34302,2025-08-28
34309,2026-02-27
34310,2025-09-12
34312,2026-02-27
34314,2025-06-16
34315,2025-09-12
34318,2025-10-31
34319,2026-02-27
34320,2025-09-19
34321,2025-09-19
34323,2025-09-19
34324,2025-09-12
34325,2025-06-04
34326,2026-02-27
34328,2025-09-12
34329,2025-09-12
34331,2025-09-19
34333,2025-09-26
34334,2025-09-26
34339,2025-08-28
34343,2025-08-22
34346,2026-03-17
34350,2025-09-16
34351,2025-09-26
34352,2026-03-25
34356,2025-10-28
34357,2026-03-18
34358,2025-08-28
34359,2025-11-26
34361,2025-09-12
34362,2025-06-02
34363,2025-07-21
34369,2026-05-25
34370,2025-09-26
34373,2025-11-26
34374,2025-09-16
34375,2025-09-12
34376,2025-08-28
34377,2025-09-16
34378,2025-08-28
34381,2026-02-27
34384,2025-09-02
34385,2025-10-28
34386,2025-09-25
34387,2025-06-25
34389,2025-06-03
34390,2025-09-12
34391,2025-06-23
34392,2025-06-03
34395,2025-06-25
34398,2026-02-27
34402,2025-08-26
34403,2025-09-26
34408,2026-05-25
34411,2026-02-27
34413,2026-02-27
34414,2026-02-27
34419,2025-09-02
34425,2025-09-02
34428,2025-08-04
34429,2025-09-25
34430,2025-06-05
34431,2026-06-10
34432,2025-06-05
34441,2025-09-26
34444,2025-06-16
34446,2025-12-08
34449,2025-09-26
34452,2025-06-05
34454,2025-06-26
34456,2025-06-30
34461,2025-09-18
34462,2025-10-23
34464,2026-05-25
34465,2025-09-16
34466,2025-10-31
34467,2025-06-03
34470,2026-03-09
34471,2025-09-26
34473,2026-04-21
34474,2026-03-31
34477,2025-09-12
34482,2025-10-28
34484,2025-06-03
34485,2025-09-12
34489,2025-09-12
34491,2025-09-26
34496,2025-09-26
34499,2025-12-08
34502,2025-09-12
34504,2025-09-26
34505,2025-09-26
34507,2025-06-23
34508,2025-09-26
34510,2025-11-07
34512,2025-09-12
34513,2025-09-26
34515,2025-09-26
34517,2025-09-12
34525,2025-09-26
34529,2025-09-26
34531,2025-09-26
34533,2025-11-07
34534,2025-09-26
34535,2025-09-12
34538,2025-09-26
34539,2025-09-12
34542,2025-09-26
34544,2025-09-26
34545,2025-09-26
34547,2025-09-09
34552,2025-06-24
34553,2025-12-08
34554,2025-12-08
34558,2025-09-19
34559,2025-06-05
34560,2025-06-03
34562,2025-09-12
34565,2025-09-12
34568,2025-06-24
34571,2025-09-19
34573,2025-09-19
34574,2025-09-19
34575,2025-11-07
34576,2025-09-19
34577,2025-12-15
34579,2025-09-19
34583,2025-06-10
34587,2025-09-19
34589,2025-09-19
34590,2025-09-19
34593,2025-09-19
34595,2025-09-19
34597,2025-06-03
34598,2025-12-15
34599,2025-09-19
34600,2025-06-03
34601,2025-09-09
34603,2025-09-19
34604,2025-09-12
34607,2025-10-28
34608,2025-09-19
34610,2025-09-12
34614,2025-12-15
34616,2025-09-17
34617,2025-09-19
34620,2026-04-20
34621,2025-08-19
34623,2025-09-19
34627,2025-09-12
34628,2026-01-12
34629,2025-06-30
34631,2025-06-05
34634,2026-04-13
34637,2025-12-15
34638,2025-09-19
34639,2025-09-19
34640,2025-09-19
34641,2025-09-18
34643,2025-09-09
34646,2025-06-16
34648,2025-09-09
34649,2025-06-26
34651,2026-04-14
34652,2025-06-03
34655,2025-06-10
34659,2025-09-12
34662,2025-09-23
34667,2025-09-16
34671,2025-09-02
34672,2025-11-26
34675,2026-04-13
34678,2025-06-05
34679,2025-06-04
34692,2025-06-05
34693,2025-09-12
34696,2025-09-12
34698,2025-07-01
34700,2025-06-24
34702,2025-07-21
34703,2025-08-08
34706,2025-08-18
34707,2025-06-16
34709,2025-09-19
34711,2025-08-04
34713,2025-08-04
34714,2025-11-07
34715,2025-07-21
34716,2025-10-23
34724,2025-09-25
34725,2025-07-28
34727,2025-09-11
34728,2025-09-11
34729,2025-06-16
34730,2025-06-23
34731,2025-12-15
34734,2025-09-25
34735,2025-06-23
34736,2025-08-04
34737,2025-08-04
34738,2025-06-16
34740,2025-06-16
34742,2025-08-04
34743,2025-09-18
34745,2025-09-10
34746,2025-09-18
34750,2025-09-18
34751,2025-06-23
34752,2025-08-04
34753,2025-06-16
34760,2025-07-21
34761,2025-11-07
34763,2025-08-11
34764,2025-07-21
34766,2025-06-16
34767,2025-09-18
34770,2025-09-02
34772,2025-09-25
34775,2025-08-26
34780,2025-06-04
34782,2025-09-19
34786,2026-01-12
34788,2025-10-24
34791,2025-11-28
34792,2025-10-03
34798,2025-10-03
34802,2025-12-15
34803,2025-09-29
34805,2025-11-07
34806,2025-09-19
34811,2025-06-10
34813,2025-10-10
34815,2025-09-23
34820,2025-06-04
34823,2025-09-18
34827,2025-09-18
34829,2025-08-26
34831,2025-09-18
34832,2025-09-26
34836,2025-09-16
34839,2025-09-18
34841,2025-06-04
34842,2025-09-09
34849,2025-09-18
34850,2025-06-26
34851,2025-09-09
34854,2025-10-03
34855,2025-09-18
34857,2025-06-04
34858,2025-09-09
34860,2025-10-15
34861,2025-09-18
34863,2025-08-18
34865,2025-09-18
34870,2025-09-09
34874,2025-09-18
34876,2025-09-11
34878,2025-09-09
34881,2025-09-09
34882,2025-12-15
34884,2025-09-16
34887,2025-12-15
34889,2025-09-26
34893,2025-09-09
34894,2025-09-26
34900,2026-03-03
34901,2026-04-27
34902,2026-04-28
34903,2026-05-25
34904,2026-05-04
34905,2026-05-25
34906,2026-04-14
34907,2025-09-12
34909,2025-10-02
34914,2026-01-12
34917,2025-09-18
34920,2025-09-09
34922,2025-11-26
34924,2025-09-09
34930,2025-06-04
34931,2025-06-10
34932,2025-06-25
34933,2025-11-07
34936,2025-11-07
34937,2025-06-24
34938,2025-09-18
34940,2025-06-04
34943,2025-07-01
34944,2025-06-04
34947,2025-07-02
34948,2025-07-01
34953,2026-01-12
34954,2025-06-09
34955,2026-06-04
34956,2025-06-11
34959,2025-09-26
34960,2025-09-26
34964,2025-07-28
34967,2025-08-25
34968,2025-09-17
34969,2025-06-16
34970,2026-02-05
34971,2025-08-11
34972,2025-06-10
34973,2025-11-07
34979,2025-10-10
34981,2025-11-07
34985,2025-06-10
34987,2025-10-03
34991,2025-07-01
34993,2025-10-28
34994,2025-06-09
34996,2025-07-17
34997,2026-02-18
34998,2025-09-08
34999,2025-09-22
35001,2025-08-01
35003,2025-05-30
35006,2025-07-18
35008,2025-05-30
35010,2025-05-30
35011,2025-08-04
35012,2026-01-05
35014,2025-08-05
35017,2025-09-25
35021,2026-05-26
35025,2026-05-26
35026,2025-09-26
35028,2025-10-15
35032,2025-09-18
35033,2025-06-16
35035,2026-06-03
35040,2025-06-05
35041,2026-04-20
35043,2025-09-26
35044,2026-04-22
35046,2026-05-25
35052,2025-09-12
35053,2026-04-13
35055,2026-04-01
35059,2026-04-06
35060,2025-06-04
35063,2026-04-08
35064,2025-09-12
35065,2025-09-12
35066,2026-03-31
35068,2025-09-26
35073,2025-10-10
35075,2025-06-04
35077,2025-10-10
35078,2025-09-26
35080,2025-11-07
35082,2025-09-23
35084,2025-09-12
35085,2025-10-21
35087,2025-09-16
35090,2025-10-10
35091,2025-06-04
35092,2025-09-12
35093,2025-06-04
35094,2025-06-04
35097,2026-01-05
35099,2025-10-10
35103,2026-05-26
35104,2025-06-10
35105,2026-01-05
35107,2026-06-03
35108,2025-06-04
35111,2025-09-12
35115,2025-09-26
35116,2025-09-26
35117,2025-06-04
35120,2025-09-26
35124,2025-09-18
35128,2025-11-26
35131,2025-08-18
35133,2025-09-09
35134,2025-09-23
35135,2026-04-28
35138,2025-11-26
35139,2025-11-26
35141,2025-09-09
35143,2026-03-25
35147,2025-09-09
35153,2025-09-09
35157,2025-09-16
35158,2025-09-11
35159,2025-09-11
35161,2025-06-04
35164,2025-06-16
35165,2025-06-30
35168,2026-06-24
35171,2025-06-04
35172,2025-06-24
35172,2025-06-04
35175,2025-06-16
35176,2025-06-04
35178,2025-06-04
35179,2025-06-04
35182,2025-06-04
35183,2025-06-04
35185,2025-06-04
35188,2025-06-26
35189,2025-06-04
35190,2025-06-04
35192,2025-06-10
35196,2025-10-10
35197,2025-07-29
35200,2026-04-01
35204,2026-03-25
35206,2026-04-01
35208,2026-04-01
35212,2025-09-11
35216,2026-03-25
35217,2025-09-16
35218,2025-09-11
35219,2025-08-07
35221,2025-09-11
35222,2025-10-02
35223,2025-09-11
35224,2026-04-01
35226,2026-04-01
35228,2025-09-11
35231,2025-09-11
35232,2025-09-11
35233,2025-06-04
35234,2025-07-28
35235,2025-09-26
35238,2025-09-11
35240,2025-06-05
35243,2025-09-16
35244,2025-09-11
35245,2025-06-26
35246,2026-04-01
35247,2025-09-25
35248,2025-09-25
35249,2026-04-01
35251,2025-09-11
35252,2025-10-02
35256,2025-09-11
35257,2025-09-11
35259,2025-11-07
35261,2025-09-11
35262,2025-06-16
35263,2025-09-18
35264,2025-06-16
35265,2025-09-01
35271,2025-12-24
35272,2025-10-02
35277,2025-09-11
35278,2025-09-18
35282,2025-09-11
35283,2026-03-25
35285,2026-03-25
35287,2025-09-18
35290,2026-03-25
35293,2025-09-11
35294,2025-09-23
35295,2025-09-11
35297,2025-09-11
35303,2025-09-18
35304,2025-10-02
35305,2025-09-18
35309,2025-09-18
35318,2025-10-03
35319,2025-06-09
35332,2025-10-02
35335,2025-10-10
35338,2025-09-18
35339,2026-01-21
35345,2026-01-21
35349,2025-09-11
35352,2025-09-23
35355,2025-09-11
35356,2025-09-11
35358,2025-09-16
35360,2025-09-23
35364,2025-09-18
35366,2025-09-16
35370,2025-09-18
35371,2025-09-23
35373,2025-09-09
35380,2025-09-12
35381,2025-11-07
35382,2025-06-26
35386,2025-06-04
35387,2025-09-12
35388,2026-04-01
35389,2026-04-22
35390,2026-04-20
35391,2025-06-10
35393,2026-05-26
35395,2026-04-28
35397,2026-04-28
35399,2025-09-25
35401,2026-05-26
35405,2026-01-12
35411,2026-01-12
35415,2026-03-10
35416,2025-08-22
35417,2026-03-30
35418,2025-08-22
35419,2026-02-17
35421,2025-09-09
35424,2025-09-23
35425,2025-09-12
35427,2025-09-09
35428,2025-09-09
35430,2025-06-09
35436,2025-09-09
35444,2025-06-04
35445,2025-06-04
35447,2025-06-05
35450,2025-06-05
35452,2025-06-05
35453,2025-06-05
35455,2025-07-28
35456,2025-06-05
35457,2026-03-31
35459,2025-06-05
35460,2025-07-02
35462,2025-06-10
35463,2025-06-05
35465,2025-10-10
35468,2025-06-09
35471,2025-09-18
35472,2025-10-01
35474,2025-09-10
35478,2025-10-15
35479,2025-09-26
35480,2025-08-18
35481,2025-09-10
35482,2025-06-16
35486,2025-06-16
35488,2025-10-02
35489,2025-06-09
35490,2025-09-26
35494,2025-10-10
35495,2025-10-10
35497,2025-10-10
35498,2026-01-12
35500,2026-04-27
35505,2026-01-12
35506,2025-10-03
35507,2025-08-06
35508,2025-10-03
35510,2026-01-12
35512,2025-07-28
35513,2026-02-27
35514,2025-06-05
35515,2026-01-19
35516,2025-06-05
35517,2025-07-02
35520,2025-06-18
35521,2026-03-10
35528,2025-09-01
35531,2025-05-30
35532,2025-07-21
35535,2025-10-10
35537,2025-06-09
35538,2025-10-03
35541,2026-06-25
35543,2026-01-19
35544,2026-01-19
35545,2025-10-10
35546,2025-07-14
35550,2025-10-03
35551,2025-10-10
35552,2025-10-28
35553,2025-06-18
35554,2025-06-18
35555,2025-06-09
35556,2026-04-14
35557,2025-10-21
35559,2025-09-09
35562,2025-09-23
35565,2025-09-22
35566,2025-09-22
35573,2025-10-02
35579,2025-10-03
35583,2026-01-12
35585,2025-09-22
35588,2025-10-03
35591,2025-09-12
35592,2025-09-22
35598,2025-06-18
35602,2026-04-01
35606,2026-03-27
35612,2026-01-12
35613,2026-01-19
35614,2025-06-17
35618,2026-01-19
35619,2025-10-10
35620,2026-01-19
35621,2025-10-21
35623,2025-06-09
35624,2025-09-03
35628,2025-10-03
35629,2025-10-10
35630,2026-02-27
35631,2025-10-10
35635,2025-10-10
35636,2026-02-27
35638,2025-06-17
35639,2026-01-19
35643,2025-10-10
35644,2025-10-10
35650,2025-09-22
35655,2025-06-19
35657,2025-09-30
35660,2025-06-23
35662,2025-09-30
35663,2025-09-22
35665,2025-09-22
35666,2025-12-24
35668,2025-10-03
35669,2025-06-05
35672,2026-01-19
35673,2026-04-15
35675,2025-06-18
35676,2025-06-18
35679,2026-01-28
35680,2025-06-05
35681,2026-05-25
35682,2025-10-03
35686,2025-09-30
35687,2025-09-30
35688,2025-09-30
35690,2025-09-22
35692,2025-09-22
35693,2025-09-22
35701,2025-10-10
35702,2025-10-10
35705,2025-08-04
35709,2025-09-30
35717,2025-10-10
35718,2025-08-28
35721,2025-09-26
35727,2025-09-08
35730,2025-09-26
35733,2025-12-24
35734,2025-10-01
35736,2025-09-08
35738,2025-10-03
35740,2026-01-12
35742,2025-09-08
35745,2025-06-05
35746,2025-06-05
35748,2026-01-12
35749,2025-07-01
35750,2025-06-18
35751,2025-09-30
35753,2025-09-08
35757,2025-10-03
35761,2025-10-10
35762,2026-04-14
35763,2025-06-18
35764,2025-06-24
35766,2026-04-21
35767,2025-06-04
35772,2025-06-16
35774,2025-09-30
35776,2025-09-30
35779,2025-09-01
35780,2025-08-22
35785,2025-09-30
35786,2026-01-12
35787,2025-06-18
35789,2025-09-26
35790,2025-10-03
35791,2025-09-30
35792,2025-07-18
35794,2026-04-08
35796,2025-06-05
35797,2025-10-03
35799,2025-10-10
35803,2025-10-03
35804,2026-01-19
35807,2025-10-10
35808,2025-10-03
35809,2026-01-12
35810,2025-10-10
35812,2026-01-19
35814,2025-10-10
35816,2026-01-12
35817,2025-06-05
35818,2026-01-19
35819,2026-01-12
35824,2025-10-02
35827,2025-11-28
35831,2025-10-03
35837,2026-01-12
35839,2025-06-30
35840,2025-10-17
35842,2025-10-03
35848,2025-10-17
35850,2025-10-15
35852,2025-09-30
35854,2026-04-08
35855,2025-11-28
35858,2026-04-22
35861,2025-11-28
35862,2025-10-31
35864,2025-09-30
35865,2025-09-30
35866,2025-09-08
35868,2026-01-19
35869,2025-10-15
35870,2025-10-01
35873,2026-01-12
35874,2026-04-13
35875,2025-06-19
35876,2025-06-30
35877,2025-06-19
35879,2025-06-23
35880,2025-06-05
35883,2025-10-17
35884,2025-07-31
35885,2025-10-17
35887,2025-10-17
35888,2026-01-12
35890,2026-01-12
35894,2025-10-17
35899,2025-10-17
35902,2025-09-08
35903,2026-04-01
35904,2025-09-08
35906,2026-01-12
35907,2025-10-28
35909,2025-09-23
35915,2025-06-05
35915,2025-06-05
35916,2026-01-19
35917,2025-09-23
35921,2025-07-28
35923,2025-10-31
35924,2025-10-17
35925,2025-09-23
35926,2025-09-08
35928,2025-05-27
35929,2025-09-09
35930,2025-10-01
35932,2025-06-19
35934,2025-07-29
35937,2025-08-22
35938,2025-09-26
35939,2025-10-17
35941,2025-10-17
35942,2026-01-19
35943,2025-06-04
35945,2025-09-23
35946,2025-10-17
35947,2025-06-23
35949,2026-05-26
35951,2025-09-23
35952,2025-06-25
35958,2025-10-15
35960,2025-11-20
35962,2025-06-09
35965,2025-07-29
35970,2025-08-18
35971,2025-10-17
35972,2026-01-12
35973,2025-10-21
35976,2025-06-23
35977,2025-09-08
35982,2025-06-23
35986,2025-09-23
35988,2025-06-18
35990,2026-01-12
35992,2026-01-12
35994,2026-01-12
35995,2025-09-29
36001,2025-09-29
36006,2025-10-24
36007,2025-06-26
36009,2025-10-28
36011,2025-10-31
36014,2025-08-04
36015,2025-06-18
36016,2025-06-26
36023,2025-09-12
36025,2025-11-28
36027,2025-10-17
36028,2025-09-23
36029,2025-06-18
36031,2025-10-31
36032,2025-10-31
36033,2026-06-10
36036,2026-01-12
36042,2025-11-28
36043,2025-10-31
36044,2026-01-12
36048,2025-06-30
36049,2025-09-23
36050,2025-09-23
36052,2025-09-29
36053,2025-10-21
36054,2026-04-24
36055,2026-01-12
36056,2025-06-12
36059,2026-01-12
36063,2025-08-25
36064,2025-10-31
36065,2025-06-12
36066,2025-06-18
36071,2025-09-23
36072,2025-10-15
36076,2025-11-28
36080,2025-06-02
36082,2025-10-17
36089,2026-01-12
36091,2025-06-30
36093,2025-06-18
36094,2025-10-31
36095,2025-06-12
36096,2025-06-19
36099,2026-01-12
36100,2025-10-17
36101,2025-09-26
36102,2025-06-19
36104,2025-06-04
36105,2025-06-12
36106,2025-08-11
36111,2025-11-04
36118,2025-06-09
36121,2025-10-21
36123,2026-01-19
36125,2025-11-28
36127,2025-10-17
36130,2026-01-19
36132,2026-02-02
36133,2026-01-02
36134,2026-02-02
36137,2025-06-19
36139,2025-06-12
36140,2025-06-30
36141,2026-04-22
36143,2025-06-26
36144,2025-10-21
36147,2025-10-28
36149,2026-04-06
36151,2025-10-06
36157,2025-10-06
36158,2025-10-06
36160,2025-10-06
36165,2025-10-01
36169,2025-09-09
36172,2025-06-09
36173,2025-09-23
36176,2025-10-15
36177,2025-06-19
36178,2025-06-19
36179,2025-10-31
36181,2025-06-19
36182,2025-06-12
36184,2025-09-26
36185,2026-03-31
36191,2026-01-12
36193,2026-01-12
36194,2025-10-17
36195,2025-09-26
36198,2026-04-22
36200,2025-09-23
36204,2025-07-18
36206,2025-10-31
36207,2025-06-23
36209,2026-01-12
36212,2025-10-13
36216,2025-10-06
36218,2025-09-25
36219,2025-11-17
36220,2025-06-16
36221,2025-08-11
36222,2025-11-28
36224,2025-06-19
36225,2025-09-23
36226,2025-10-06
36230,2025-06-10
36231,2025-06-30
36232,2025-10-31
36233,2025-08-20
36236,2026-01-19
36237,2025-06-12
36240,2025-12-24
36243,2026-03-27
36247,2025-10-24
36248,2025-09-23
36249,2025-06-10
36251,2025-09-23
36252,2025-06-30
36255,2026-04-22
36256,2025-06-26
36258,2025-06-10
36261,2025-06-16
36263,2026-01-19
36265,2026-03-02
36267,2026-02-02
36270,2025-10-06
36271,2025-06-05
36272,2026-01-02
36273,2025-06-10
36274,2025-10-27
36276,2026-04-20
36281,2026-01-12
36282,2025-11-28
36283,2025-06-26
36288,2025-10-02
36292,2026-01-19
36293,2025-07-11
36294,2025-07-04
36295,2026-02-16
36296,2026-02-23
36301,2025-06-10
36304,2025-10-24
36307,2026-03-27
36308,2025-09-23
36309,2025-10-06
36312,2025-10-06
36319,2026-01-12
36320,2026-05-26
36323,2026-02-23
36325,2025-10-21
36326,2025-10-06
36327,2025-10-13
36332,2026-04-20
36333,2026-04-13
36336,2025-09-23
36339,2025-10-13
36341,2025-06-05
36344,2025-06-10
36348,2025-09-23
36352,2025-11-28
36353,2025-09-23
36354,2025-09-23
36355,2025-08-14
36356,2025-10-13
36357,2025-10-13
36360,2025-10-02
36364,2026-02-23
36365,2026-01-12
36368,2025-09-23
36370,2025-10-31
36371,2025-06-26
36374,2025-06-30
36380,2025-08-04
36389,2025-10-31
36392,2025-10-13
36397,2025-06-05
36401,2026-03-27
36404,2026-02-23
36405,2025-10-03
36407,2025-10-24
36413,2025-09-23
36414,2025-10-13
36415,2025-06-10
36416,2025-06-30
36417,2025-10-01
36419,2025-06-05
36420,2025-09-23
36422,2025-09-23
36423,2025-06-05
36426,2026-01-12
36428,2025-06-09
36431,2025-09-23
36433,2025-10-27
36435,2025-10-21
36436,2025-06-26
36437,2025-06-16
36438,2025-11-28
36439,2025-06-09
36447,2025-10-27
36450,2025-06-16
36456,2026-01-02
36457,2026-02-23
36459,2026-01-02
36461,2026-02-02
36462,2025-08-11
36463,2026-03-27
36464,2025-06-23
36465,2025-06-23
36467,2025-11-10
36472,2026-02-23
36473,2025-10-28
36474,2026-01-12
36477,2025-10-13
36478,2025-09-23
36479,2025-10-13
36481,2025-10-27
36482,2025-06-30
36485,2025-06-23
36486,2025-10-15
36487,2025-06-26
36493,2025-11-20
36494,2025-07-21
36496,2025-08-18
36500,2026-04-21
36508,2026-04-29
36510,2025-10-01
36513,2026-01-12
36514,2025-10-24
36515,2026-01-12
36516,2026-02-02
36517,2026-02-16
36519,2026-01-12
36520,2025-10-24
36521,2026-02-02
36522,2025-04-25
36523,2025-10-24
36524,2026-01-12
36525,2026-01-12
36526,2026-02-02
36527,2026-02-09
36528,2026-03-27
36531,2025-09-23
36532,2026-02-25
36533,2026-01-12
36534,2025-10-24
36536,2025-10-03
36538,2025-10-24
36539,2026-01-02
36540,2025-06-10
36543,2026-02-25
36544,2026-02-25
36545,2026-02-25
36549,2025-10-21
36551,2025-10-24
36552,2026-01-12
36553,2026-03-31
36554,2025-06-30
36557,2025-12-26
36558,2025-07-07
36562,2025-12-26
36564,2025-10-24
36565,2026-01-19
36567,2025-10-03
36569,2026-02-25
36571,2026-01-19
36573,2025-09-26
36574,2026-03-27
36576,2026-02-25
36578,2026-02-25
36581,2026-04-29
36582,2026-06-03
36584,2025-08-14
36587,2026-02-16
36588,2025-06-26
36589,2025-06-30
36590,2025-06-16
36591,2025-09-23
36594,2025-09-23
36595,2026-03-27
36596,2025-09-23
36597,2026-05-26
36599,2025-09-23
36601,2025-08-14
36602,2025-10-03
36608,2025-06-30
36609,2025-06-09
36610,2025-10-28
36611,2026-04-01
36615,2025-10-28
36616,2026-01-19
36617,2026-01-26
36619,2025-12-26
36624,2026-02-02
36625,2025-07-01
36629,2025-08-18
36632,2025-10-24
36634,2026-04-21
36638,2025-08-22
36639,2025-10-24
36643,2025-06-05
36644,2025-06-30
36646,2025-10-24
36647,2025-06-30
36649,2025-09-18
36652,2025-09-26
36655,2025-06-25
36656,2026-01-19
36657,2025-09-23
36660,2025-09-23
36662,2025-10-24
36664,2025-10-24
36665,2026-02-02
36668,2025-10-01
36670,2025-06-23
36672,2026-03-27
36673,2025-06-30
36678,2025-09-23
36679,2025-06-09
36681,2025-08-18
36682,2025-08-18
36684,2025-06-26
36686,2025-06-09
36692,2025-06-24
36693,2026-01-29
36695,2025-10-28
36696,2025-06-09
36697,2025-06-09
36700,2025-08-11
36702,2025-10-03
36703,2026-01-19
36704,2025-06-09
36706,2025-06-09
36707,2025-11-20
36708,2025-10-03
36711,2025-09-26
36714,2025-06-16
36716,2025-10-28
36719,2026-02-09
36720,2025-09-25
36721,2025-06-23
36725,2025-10-03
36726,2025-10-24
36727,2026-02-23
36728,2025-10-24
36729,2025-06-09
36730,2025-06-09
36732,2025-06-09
36733,2025-09-26
36734,2025-06-04
36735,2025-08-12
36737,2026-02-02
36738,2026-05-26
36739,2026-01-19
36740,2026-02-02
36742,2025-09-19
36744,2025-08-14
36745,2025-09-25
36746,2025-06-09
36747,2026-03-27
36748,2026-02-06
36749,2025-12-26
36751,2026-03-27
36752,2025-06-09
36753,2025-09-01
36754,2026-02-02
36756,2026-03-27
36757,2025-12-26
36758,2025-10-31
36763,2025-06-24
36765,2025-06-30
36766,2025-07-01
36769,2025-10-10
36770,2025-10-10
36772,2025-10-17
36776,2025-09-23
36778,2025-09-23
36780,2026-02-09
36782,2025-10-10
36784,2026-01-19
36786,2025-12-26
36787,2025-06-10
36788,2025-06-30
36790,2026-04-29
36792,2025-09-25
36797,2026-02-23
36799,2025-12-08
36802,2025-10-03
36803,2025-10-17
36804,2025-09-25
36807,2025-09-23
36809,2025-09-23
36814,2026-06-29
36815,2025-10-03
36819,2025-10-03
36820,2026-04-07
36822,2026-04-28
36823,2026-05-27
36825,2025-09-25
36827,2025-09-23
36828,2025-09-23
36831,2025-09-23
36832,2025-10-03
36833,2025-09-25
36836,2025-08-18
36838,2025-10-17
36839,2025-06-30
36840,2026-02-02
36841,2026-02-09
36842,2025-10-03
36843,2025-06-09
36844,2025-10-31
36845,2025-10-17
36846,2025-10-10
36850,2026-06-02
36854,2025-10-10
36856,2026-01-19
36859,2025-10-10
36860,2026-03-27
36868,2025-07-29
36870,2025-10-17
36872,2026-01-19
36876,2025-09-26
36877,2025-10-28
36882,2026-02-23
36883,2026-03-27
36884,2026-05-27
36885,2025-10-10
36886,2025-09-23
36888,2025-10-03
36893,2026-01-19
36894,2026-01-19
36895,2026-02-16
36896,2026-01-19
36898,2026-01-26
36900,2025-09-25
36901,2025-10-03
36902,2026-02-23
36903,2026-01-19
36908,2025-06-24
36909,2025-09-25
36913,2025-06-05
36914,2025-06-05
36915,2025-06-05
36916,2026-05-19
36918,2026-04-27
36921,2025-09-25
36926,2025-09-25
36929,2025-09-12
36930,2025-07-18
36931,2025-09-25
36936,2025-09-25
36938,2025-08-22
36939,2025-09-23
36941,2026-03-27
36948,2025-08-18
36949,2025-11-20
36950,2025-10-03
36951,2025-06-09
36952,2025-08-18
36953,2025-10-21
36954,2025-10-10
36957,2025-10-03
36959,2025-12-29
36961,2025-10-03
36967,2025-12-29
36970,2026-01-05
36972,2025-10-10
36973,2025-09-25
36974,2025-06-10
36976,2026-04-08
36978,2025-10-10
36979,2025-10-10
36981,2025-10-03
36983,2025-07-29
36984,2026-02-23
36987,2025-12-29
36989,2025-10-17
36990,2025-10-17
36991,2026-01-05
36996,2025-10-31
36998,2025-09-25
36999,2025-08-14
37001,2025-09-25
37002,2025-09-25
37008,2025-06-10
37013,2025-09-23
37016,2025-09-25
37017,2025-10-17
37018,2025-10-28
37019,2025-06-10
37020,2025-10-10
37022,2025-06-09
37023,2025-06-25
37024,2025-06-25
37038,2025-09-25
37040,2025-06-10
37041,2025-09-25
37048,2025-10-03
37051,2025-06-23
37052,2025-06-10
37053,2025-06-09
37055,2025-12-29
37058,2025-10-10
37061,2025-09-25
37063,2025-09-25
37066,2026-02-09
37067,2025-08-18
37069,2025-06-09
37073,2025-10-10
37074,2025-10-10
37078,2025-09-25
37079,2025-10-10
37081,2026-06-02
37082,2025-10-03
37085,2025-10-03
37086,2025-06-10
37087,2025-06-30
37088,2025-06-30
37089,2025-10-10
37090,2026-06-03
37092,2026-05-27
37097,2025-06-09
37098,2026-04-08
37100,2025-10-10
37102,2025-10-03
37103,2025-06-02
37104,2025-10-03
37106,2025-10-10
37108,2026-04-21
37111,2025-10-07
37115,2025-10-08
37117,2026-03-31
37118,2025-10-03
37124,2025-10-03
37126,2025-10-23
37129,2025-10-02
37131,2025-10-16
37134,2025-06-16
37135,2025-10-03
37137,2025-09-30
37138,2025-10-16
37139,2025-10-02
37140,2025-09-30
37144,2025-10-16
37147,2025-10-03
37149,2025-06-12
37150,2025-06-11
37151,2025-12-29
37152,2025-08-18
37153,2025-10-15
37157,2025-10-07
37159,2025-10-03
37160,2026-04-15
37161,2025-10-03
37164,2025-06-26
37165,2025-06-09
37165,2025-07-01
37167,2025-06-12
37169,2025-06-16
37170,2025-08-18
37171,2025-06-30
37172,2025-06-23
37174,2025-10-10
37176,2025-10-03
37178,2025-06-09
37180,2025-07-29
37185,2025-12-29
37188,2026-01-26
37191,2025-12-29
37192,2026-02-16
37194,2026-02-02
37195,2026-02-02
37196,2026-02-16
37197,2026-01-05
37199,2026-04-27
37202,2025-10-10
37203,2025-10-02
37204,2025-10-02
37209,2025-10-24
37210,2025-09-30
37211,2026-02-04
37212,2026-04-14
37219,2025-10-02
37223,2025-10-02
37224,2025-10-02
37228,2025-10-21
37229,2026-06-29
37231,2025-06-26
37234,2026-03-02
37237,2025-10-03
37238,2025-10-03
37239,2026-02-02
37241,2025-06-12
37244,2025-12-29
37245,2025-12-29
37250,2025-06-26
37251,2026-04-29
37252,2026-03-27
37253,2025-06-30
37254,2026-02-04
37256,2025-09-30
37258,2025-06-09
37260,2026-02-23
37261,2025-12-29
37265,2025-09-30
37267,2025-08-18
37268,2025-06-26
37271,2026-03-27
37274,2026-04-22
37278,2025-10-03
37279,2025-10-24
37282,2025-10-02
37284,2026-02-09
37287,2025-10-02
37289,2025-07-29
37293,2025-08-22
37295,2025-06-23
37296,2025-10-02
37297,2025-09-30
37300,2025-09-30
37301,2025-10-03
37302,2026-02-04
37303,2025-05-30
37305,2025-10-03
37306,2025-10-03
37308,2025-08-14
37312,2025-09-30
37313,2025-06-23
37314,2025-08-18
37315,2025-08-18
37318,2026-03-30
37320,2025-08-25
37323,2025-07-16
37326,2025-10-02
37327,2025-10-10
37328,2025-10-24
37331,2026-03-27
37333,2026-02-02
37335,2025-10-10
37337,2025-10-03
37338,2026-04-06
37342,2025-10-10
37343,2025-10-03
37345,2026-02-23
37347,2026-02-23
37348,2025-10-10
37349,2025-10-10
37353,2026-02-23
37354,2025-10-10
37356,2025-06-12
37359,2026-04-07
37361,2025-10-03
37363,2025-06-12
37366,2025-10-03
37367,2025-09-10
37369,2025-09-30
37371,2025-09-30
37372,2025-09-30
37373,2025-10-01
37375,2025-08-14
37377,2025-10-16
37380,2025-06-25
37381,2025-09-30
37382,2025-06-23
37383,2025-06-09
37390,2025-10-24
37392,2025-10-16
37396,2025-10-02
37398,2025-06-26
37401,2025-10-03
37404,2025-07-28
37405,2025-10-10
37411,2025-10-03
37412,2026-04-13
37417,2025-10-24
37418,2025-06-30
37423,2025-10-02
37426,2025-10-07
37429,2026-02-26
37434,2025-06-12
37435,2025-10-03
37436,2026-04-20
37437,2025-10-16
37438,2025-12-29
37439,2025-12-29
37440,2025-10-24
37442,2025-10-24
37443,2025-12-29
37444,2025-11-04
37445,2025-10-02
37446,2025-10-24
37448,2025-10-02
37449,2025-10-02
37450,2025-10-10
37452,2025-10-24
37457,2026-06-24
37459,2025-06-30
37462,2026-04-06
37463,2025-07-01
37465,2026-04-24
37466,2025-06-12
37467,2025-10-24
37468,2025-10-10
37470,2025-06-12
37471,2025-10-24
37472,2025-10-10
37473,2026-02-27
37476,2025-10-10
37477,2025-10-10
37478,2026-02-27
37483,2026-05-27
37486,2025-06-23
37487,2025-09-30
37489,2025-10-10
37491,2025-12-29
37492,2025-10-03
37496,2025-09-30
37499,2025-10-02
37500,2026-02-23
37502,2025-12-29
37505,2025-11-04
37510,2025-10-02
37512,2025-07-04
37514,2025-07-07
37514,2025-07-21
37517,2025-06-09
37518,2025-10-10
37521,2025-10-10
37522,2025-08-14
37524,2025-12-29
37525,2025-12-29
37526,2025-09-30
37528,2025-10-10
37530,2025-10-10
37531,2025-10-02
37533,2025-10-31
37536,2025-09-19
37537,2025-10-03
37538,2025-06-12
37539,2026-04-07
37541,2025-12-29
37543,2025-12-29
37547,2025-08-07
37550,2026-06-29
37552,2025-10-03
37554,2025-10-10
37557,2025-10-10
37559,2025-09-26
37561,2026-02-02
37562,2025-09-26
37569,2026-02-02
37573,2025-08-14
37581,2026-02-27
37585,2025-09-30
37588,2025-09-25
37589,2025-10-02
37590,2025-09-25
37591,2025-09-25
37592,2026-02-06
37594,2025-08-18
37595,2025-08-18
37596,2026-04-24
37598,2026-03-02
37599,2025-10-02
37600,2025-10-03
37601,2026-06-04
37602,2025-10-02
37603,2025-09-25
37608,2025-10-03
37609,2025-06-09
37610,2025-06-10
37612,2025-08-18
37613,2026-02-06
37615,2025-10-01
37617,2025-06-09
37619,2026-02-27
37622,2025-04-25
37623,2025-06-09
37624,2025-06-30
37625,2025-10-03
37628,2025-12-29
37630,2026-01-19
37631,2025-12-26
37632,2026-01-30
37633,2025-12-29
37635,2025-06-09
37636,2026-02-06
37637,2025-07-18
37640,2025-09-25
37642,2026-06-04
37643,2025-10-02
37644,2026-02-06
37645,2025-10-02
37650,2025-09-25
37651,2025-09-25
37652,2025-10-16
37654,2025-10-10
37656,2025-08-22
37657,2025-08-22
37661,2025-09-25
37664,2025-10-02
37666,2025-09-25
37668,2025-10-02
37669,2025-09-25
37677,2026-02-20
37679,2026-04-15
37680,2025-06-10
37682,2026-02-06
37684,2026-02-06
37687,2025-10-03
37688,2025-10-03
37689,2025-10-03
37690,2025-06-10
37691,2025-06-10
37692,2025-10-16
37695,2026-02-02
37698,2025-06-09
37699,2025-06-10
37700,2025-09-25
37703,2025-10-03
37704,2025-10-02
37706,2026-02-20
37707,2025-06-10
37710,2025-12-29
37713,2026-02-06
37722,2025-06-16
37723,2025-09-25
37726,2025-08-18
37728,2025-06-09
37731,2025-11-20
37733,2025-10-16
37734,2025-10-03
37735,2025-06-26
37737,2026-02-06
37741,2025-08-18
37743,2025-06-09
37746,2026-02-06
37748,2026-05-19
37749,2026-04-24
37750,2026-02-06
37752,2025-09-25
37755,2025-05-26
37759,2025-06-09
37760,2025-09-25
37762,2025-10-02
37766,2025-10-02
37767,2025-10-02
37770,2025-06-10
37772,2025-06-09
37773,2026-04-07
37774,2025-10-10
37776,2025-06-19
37777,2025-06-30
37779,2026-01-19
37781,2025-10-03
37782,2025-10-31
37784,2025-10-31
37785,2025-10-03
37786,2025-05-30
37787,2025-09-01
37788,2025-07-14
37789,2025-06-23
37791,2025-10-02
37794,2025-10-10
37795,2025-10-03
37797,2025-06-06
37803,2025-10-10
37804,2025-06-10
37805,2025-06-04
37809,2025-11-28
37810,2025-10-31
37811,2025-08-18
37812,2025-12-29
37813,2025-10-03
37814,2025-07-04
37815,2026-02-02
37819,2025-08-22
37820,2026-02-02
37824,2025-10-02
37826,2025-10-02
37828,2025-09-25
37831,2025-10-03
37832,2025-06-09
37833,2025-10-10
37834,2025-09-25
37840,2025-10-31
37843,2026-01-29
37848,2025-10-02
37849,2025-06-10
37850,2025-10-02
37853,2026-01-28
37854,2026-04-14
37855,2025-11-17
37857,2025-09-19
37858,2025-05-30
37859,2025-07-11
37861,2026-03-11
37862,2025-08-25
37864,2025-10-02
37867,2025-10-02
37868,2025-10-02
37869,2025-10-02
37870,2025-09-25
37884,2025-10-01
37886,2025-08-25
37887,2025-07-29
37889,2025-09-26
37891,2026-01-19
37892,2026-02-16
37893,2025-06-19
37894,2026-01-19
37897,2025-10-10
37898,2026-03-11
37899,2025-10-10
37900,2025-08-22
37901,2025-10-10
37903,2025-10-02
37906,2026-03-11
37907,2026-05-27
37909,2026-03-11
37913,2025-06-09
37915,2025-11-10
37916,2026-04-29
37918,2025-06-09
37919,2025-06-10
37920,2025-10-03
37921,2025-06-10
37923,2025-10-10
37924,2026-02-16
37925,2025-07-11
37926,2025-06-06
37927,2025-10-03
37933,2025-10-07
37936,2025-10-10
37940,2026-03-27
37942,2025-10-10
37943,2026-04-08
37947,2026-02-16
37955,2026-02-20
37957,2025-06-23
37958,2025-10-02
37960,2025-09-25
37961,2026-05-04
37964,2026-04-14
37969,2026-01-28
37972,2026-04-07
37974,2025-10-02
37975,2025-10-03
37978,2026-02-09
37979,2025-06-23
37983,2025-10-02
37990,2025-10-02
37992,2025-10-02
37993,2025-10-02
37995,2025-07-28
37997,2025-10-10
37998,2025-10-03
37999,2026-02-23
38001,2025-10-10
38002,2025-10-02
38014,2025-10-10
38015,2025-06-30
38022,2026-02-09
38023,2025-11-28
38025,2025-10-10
38031,2026-04-15
38033,2025-12-29
38035,2026-02-16
38036,2026-03-17
38037,2026-01-26
38041,2025-09-30
38042,2025-06-10
38043,2025-10-03
38044,2025-06-11
38045,2025-10-31
38048,2025-10-02
38050,2026-03-11
38051,2026-03-11
38052,2025-10-02
38057,2025-10-02
38058,2026-03-11
38059,2026-03-11
38061,2025-06-11
38062,2025-10-10
38063,2025-06-16
38065,2025-10-14
38069,2025-06-04
38072,2025-10-24
38073,2025-06-10
38074,2025-10-03
38075,2025-10-24
38076,2025-06-24
38077,2025-09-30
38078,2025-10-02
38080,2025-10-03
38081,2025-10-07
38082,2025-09-30
38083,2025-10-31
38085,2025-09-30
38087,2025-10-24
38088,2025-07-01
38089,2026-03-27
38091,2025-10-31
38093,2026-01-19
38096,2025-10-31
38098,2026-01-19
38103,2025-07-18
38107,2026-03-16
38110,2025-07-21
38115,2025-06-10
38121,2025-10-16
38123,2025-10-22
38124,2026-02-23
38127,2025-08-25
38129,2025-10-24
38131,2026-03-11
38133,2025-10-07
38135,2025-06-16
38136,2025-10-07
38137,2025-10-08
38140,2025-10-02
38141,2025-09-30
38142,2025-06-11
38143,2025-06-16
38144,2025-08-21
38150,2025-11-07
38151,2025-11-07
38152,2026-05-12
38156,2025-06-09
38157,2025-06-11
38158,2025-10-17
38159,2026-05-04
38161,2025-12-26
38162,2025-11-07
38165,2025-10-07
38166,2025-10-31
38167,2025-06-30
38170,2025-08-18
38173,2025-10-31
38175,2025-10-21
38176,2025-10-21
38178,2025-10-09
38179,2025-10-21
38180,2025-10-02
38182,2025-10-16
38183,2025-10-09
38185,2025-10-16
38186,2025-11-07
38187,2026-01-28
38188,2025-10-21
38189,2025-10-21
38200,2025-06-16
38203,2025-11-07
38205,2025-09-26
38206,2025-07-04
38207,2025-08-22
38208,2025-08-01
38210,2025-10-21
38214,2025-10-17
38215,2025-10-07
38216,2025-11-07
38218,2026-04-29
38219,2025-10-14
38220,2025-06-11
38223,2025-12-08
38224,2026-02-09
38225,2025-09-26
38226,2026-04-06
38232,2026-04-07
38233,2025-10-10
38234,2025-10-24
38237,2025-08-18
38239,2025-11-07
38240,2025-10-03
38241,2026-02-02
38242,2026-01-19
38243,2025-10-10
38244,2026-01-19
38245,2026-01-05
38246,2026-03-02
38247,2026-02-09
38249,2025-10-17
38251,2025-12-26
38252,2025-10-10
38254,2025-06-11
38257,2026-01-05
38260,2026-01-19
38261,2026-04-17
38262,2025-11-07
38263,2025-06-11
38264,2025-10-10
38266,2025-06-11
38267,2025-07-07
38271,2025-10-09
38272,2025-09-30
38275,2026-01-19
38277,2026-03-31
38281,2025-10-01
38282,2025-08-18
38284,2025-08-18
38287,2026-06-08
38288,2025-07-08
38290,2025-06-25
38292,2025-08-18
38294,2025-08-18
38296,2025-08-18
38297,2025-10-14
38298,2025-10-14
38310,2025-07-08
38312,2025-10-16
38314,2025-11-28
38316,2025-10-07
38321,2025-10-09
38323,2025-12-17
38324,2025-10-09
38326,2025-10-09
38328,2025-10-14
38331,2025-10-14
38332,2026-03-31
38333,2025-09-30
38334,2025-11-07
38335,2025-09-30
38339,2026-04-27
38340,2025-10-03
38341,2025-10-17
38343,2025-11-07
38345,2026-03-23
38347,2025-10-17
38350,2025-08-18
38351,2025-10-17
38355,2025-11-14
38356,2025-08-19
38364,2025-10-21
38365,2026-05-27
38366,2025-10-17
38367,2025-07-10
38368,2025-11-06
38369,2026-02-23
38370,2026-03-13
38371,2025-10-17
38373,2026-03-09
38374,2026-03-09
38376,2025-06-12
38379,2025-10-21
38380,2026-02-23
38382,2025-10-24
38384,2026-03-16
38388,2025-10-03
38390,2025-10-09
38391,2025-10-21
38392,2026-01-28
38397,2025-10-14
38400,2026-03-31
38401,2025-08-18
38403,2025-12-03
38406,2026-03-12
38407,2026-03-09
38408,2025-11-06
38411,2025-09-08
38413,2026-03-13
38414,2025-06-19
38415,2025-06-12
38416,2025-06-25
38419,2025-07-14
38420,2025-06-12
38421,2025-07-03
38422,2026-01-05
38423,2025-06-12
38424,2025-06-12
38425,2025-07-03
38426,2025-10-17
38429,2025-10-03
38432,2025-06-26
38433,2025-11-14
38435,2025-10-21
38436,2025-10-21
38438,2025-10-21
38440,2025-10-21
38441,2025-10-21
38442,2025-10-10
38444,2025-07-16
38447,2025-12-11
38449,2026-03-13
38450,2025-10-21
38451,2025-10-14
38455,2026-02-23
38456,2026-01-26
38457,2026-01-19
38458,2026-01-26
38459,2026-02-23
38461,2026-01-05
38462,2026-01-19
38463,2026-02-23
38466,2026-01-19
38467,2025-10-17
38469,2025-11-14
38471,2026-02-16
38472,2025-10-21
38473,2025-11-26
38474,2025-10-09
38475,2025-10-17
38477,2025-10-21
38479,2025-10-07
38480,2025-10-23
38482,2025-06-12
38483,2025-09-08
38484,2025-10-17
38485,2025-11-06
38486,2025-06-09
38487,2025-10-17
38489,2025-06-09
38491,2026-03-02
38492,2026-03-13
38494,2025-10-17
38497,2025-11-14
38502,2025-10-07
38503,2025-12-17
38504,2025-09-08
38505,2025-10-23
38506,2025-10-23
38508,2025-07-22
38511,2026-05-13
38516,2025-10-30
38517,2025-11-14
38519,2025-07-10
38521,2026-03-02
38522,2025-10-07
38525,2026-04-07
38527,2025-06-25
38528,2026-05-12
38529,2025-07-23
38531,2025-10-23
38533,2025-10-23
38534,2025-08-25
38535,2025-10-07
38537,2025-11-07
38538,2025-11-28
38539,2025-10-07
38540,2025-08-18
38541,2026-02-09
38544,2025-10-17
38547,2026-05-04
38549,2025-11-07
38551,2025-10-31
38552,2025-10-17
38553,2026-05-05
38558,2025-11-28
38561,2025-10-23
38564,2026-05-05
38566,2025-10-14
38568,2025-10-24
38569,2025-11-28
38570,2025-06-09
38572,2025-11-28
38575,2025-06-24
38576,2025-10-23
38577,2025-11-25
38581,2026-05-12
38586,2025-09-23
38587,2025-09-12
38588,2025-12-08
38596,2025-10-17
38597,2025-10-21
38598,2025-10-23
38601,2025-06-25
38602,2026-02-25
38605,2025-10-23
38607,2026-02-04
38608,2025-11-26
38611,2025-06-06
38612,2025-09-19
38614,2025-10-20
38616,2025-08-22
38618,2025-10-23
38619,2025-10-23
38621,2026-03-02
38625,2026-05-12
38629,2025-11-28
38631,2025-08-22
38632,2025-10-31
38633,2025-07-04
38635,2025-10-17
38636,2025-11-18
38639,2025-10-14
38641,2025-10-14
38643,2025-06-12
38644,2026-05-13
38646,2025-11-26
38647,2025-10-23
38648,2025-10-23
38649,2025-10-07
38650,2026-02-25
38651,2025-12-17
38652,2025-12-03
38653,2026-02-04
38654,2025-11-26
38655,2025-06-10
38656,2025-10-07
38657,2025-08-28
38659,2025-11-28
38663,2025-11-18
38664,2026-03-12
38669,2025-09-29
38672,2025-10-15
38675,2025-11-06
38678,2025-06-25
38681,2025-07-08
38682,2025-06-10
38683,2025-10-21
38684,2025-10-17
38685,2025-10-21
38691,2025-12-31
38692,2025-11-26
38693,2025-07-02
38694,2025-06-10
38696,2025-06-12
38697,2025-11-26
38699,2025-10-21
38701,2026-03-23
38702,2025-06-25
38703,2025-06-10
38705,2025-10-07
38707,2025-10-17
38709,2025-06-10
38712,2025-10-21
38713,2025-10-07
38715,2025-11-06
38716,2025-11-06
38717,2025-08-18
38720,2026-01-05
38722,2025-10-16
38723,2025-08-18
38725,2025-12-08
38728,2026-04-15
38731,2025-10-24
38734,2025-11-18
38735,2025-06-24
38736,2026-01-27
38737,2025-10-07
38738,2025-10-24
38740,2025-07-17
38741,2025-11-07
38742,2026-05-04
38744,2025-07-15
38746,2025-11-26
38750,2025-10-23
38751,2025-10-07
38753,2026-04-29
38756,2026-03-09
38758,2025-10-24
38760,2025-10-07
38762,2025-10-07
38763,2025-10-07
38765,2025-06-05
38768,2025-10-21
38769,2025-10-07
38770,2025-10-07
38773,2025-11-26
38774,2025-10-07
38775,2025-10-10
38776,2026-03-16
38778,2026-03-02
38779,2025-09-22
38780,2025-10-21
38781,2025-12-18
38782,2025-10-07
38783,2026-03-23
38786,2025-11-06
38787,2025-12-29
38788,2025-10-10
38789,2025-11-28
38790,2025-10-24
38792,2026-02-23
38795,2025-11-28
38796,2025-11-07
38797,2025-06-25
38798,2025-10-24
38799,2025-06-10
38801,2025-06-24
38802,2025-06-11
38803,2026-02-16
38804,2025-09-22
38805,2026-04-06
38807,2025-10-03
38809,2025-07-03
38814,2025-09-08
38815,2026-01-26
38816,2025-11-14
38818,2025-12-18
38820,2025-10-21
38821,2025-11-07
38822,2025-11-14
38825,2025-10-24
38826,2025-06-11
38829,2026-03-09
38831,2026-03-02
38832,2025-10-24
38833,2025-07-21
38836,2025-10-07
38837,2026-02-16
38839,2025-10-28
38840,2025-10-21
38841,2025-10-07
38843,2025-10-21
38845,2025-10-24
38846,2025-10-07
38847,2025-10-07
38848,2025-10-28
38852,2025-10-14
38853,2025-06-11
38854,2025-10-21
38855,2025-06-11
38856,2025-11-28
38857,2025-10-17
38859,2026-02-02
38861,2026-03-02
38862,2025-11-14
38863,2026-02-02
38865,2026-05-20
38866,2025-06-12
38869,2025-10-07
38871,2025-06-11
38873,2025-07-09
38875,2025-10-24
38877,2025-10-24
38880,2025-06-25
38881,2025-06-25
38882,2025-07-30
38883,2025-08-21
38884,2025-10-07
38887,2025-06-16
38889,2025-06-04
38890,2025-06-19
38894,2026-05-18
38895,2025-11-14
38896,2025-07-24
38897,2025-08-21
38898,2025-11-14
38900,2025-06-11
38902,2025-11-07
38906,2025-11-07
38907,2026-02-09
38908,2025-10-24
38909,2025-12-26
38910,2025-10-24
38911,2025-07-14
38912,2026-03-02
38913,2026-03-09
38914,2025-11-07
38915,2025-11-07
38918,2026-03-09
38920,2025-10-24
38921,2025-10-24
38925,2025-07-18
38928,2025-10-24
38930,2025-11-21
38932,2025-07-22
38933,2025-06-11
38934,2025-09-01
38935,2025-11-18
38937,2025-10-24
38938,2026-03-02
38939,2026-03-16
38940,2025-10-21
38943,2026-04-13
38945,2026-06-09
38946,2025-10-24
38947,2026-04-06
38949,2025-10-24
38953,2026-02-09
38954,2025-10-17
38958,2025-07-11
38959,2026-02-23
38960,2025-10-07
38963,2025-07-08
38967,2025-10-09
38968,2025-10-21
38969,2025-10-28
38970,2025-10-07
38971,2025-11-07
38973,2025-10-07
38976,2025-10-09
38977,2025-10-23
38978,2025-10-14
38980,2025-10-07
38981,2025-10-23
38985,2025-10-21
38986,2025-10-07
38988,2026-01-28
38989,2026-01-28
38990,2025-10-21
38993,2025-10-28
38994,2026-02-09
38995,2025-10-21
38996,2025-10-21
38997,2025-10-07
38998,2025-10-21
38999,2025-11-07
39001,2025-10-24
39002,2025-06-11
39004,2025-11-05
39005,2025-06-10
39007,2025-10-17
39008,2025-10-07
39010,2025-11-14
39011,2025-07-21
39016,2025-11-07
39018,2025-11-07
39020,2025-11-14
39022,2025-10-24
39023,2025-10-24
39025,2025-10-21
39026,2025-10-07
39029,2025-11-14
39030,2025-09-22
39031,2025-09-22
39032,2025-09-08
39033,2025-11-27
39034,2025-11-27
39035,2025-12-18
39037,2025-10-27
39038,2025-09-22
39039,2025-08-25
39040,2025-11-27
39043,2025-08-28
39044,2025-10-30
39045,2025-10-07
39046,2025-10-21
39047,2025-09-08
39048,2025-10-23
39050,2025-11-07
39051,2025-06-24
39052,2025-11-07
39055,2025-06-24
39056,2026-03-23
39057,2026-05-18
39059,2026-05-18
39060,2026-05-18
39062,2025-10-21
39065,2025-11-14
39066,2025-10-21
39071,2026-02-16
39072,2025-10-30
39073,2025-11-14
39074,2025-11-07
39075,2025-11-14
39076,2026-01-28
39077,2025-10-21
39078,2025-10-14
39084,2025-10-07
39086,2025-10-21
39087,2025-08-21
39089,2025-10-17
39090,2026-02-09
39091,2025-11-07
39092,2026-03-16
39093,2025-10-17
39094,2025-11-07
39095,2026-03-16
39097,2026-03-09
39099,2025-10-17
39100,2025-06-10
39101,2025-08-18
39102,2025-07-31
39103,2025-08-14
39109,2026-03-09
39112,2025-07-07
39114,2025-11-07
39118,2025-10-17
39120,2025-10-17
39123,2025-10-22
39124,2025-10-16
39125,2025-10-22
39128,2025-11-14
39134,2026-02-04
39135,2025-10-09
39136,2026-01-28
39137,2025-10-24
39138,2025-07-10
39139,2026-03-23
39140,2026-02-04
39142,2025-10-07
39144,2025-10-17
39145,2026-03-09
39146,2025-07-02
39147,2026-02-02
39148,2025-08-05
39149,2025-11-14
39150,2025-10-23
39151,2026-03-16
39153,2026-02-04
39154,2026-02-04
39156,2025-07-14
39157,2025-11-07
39158,2025-08-07
39159,2025-11-07
39160,2025-11-07
39162,2025-10-30
39164,2025-10-09
39165,2025-10-23
39166,2025-10-14
39170,2025-10-14
39171,2025-10-23
39172,2025-09-08
39174,2025-10-07
39175,2025-10-07
39178,2025-06-10
39180,2025-10-07
39182,2025-10-17
39183,2026-03-09
39184,2026-01-26
39185,2025-07-01
39186,2026-05-18
39188,2025-11-07
39189,2025-11-14
39191,2026-04-08
39195,2026-06-25
39196,2025-11-07
39197,2025-07-15
39199,2025-10-17
39200,2025-11-14
39202,2025-11-14
39203,2025-11-07
39204,2025-11-07
39206,2025-11-07
39209,2025-10-07
39212,2025-11-07
39214,2025-11-14
39215,2025-09-22
39218,2025-11-14
39219,2025-07-17
39220,2025-10-24
39224,2025-10-14
39226,2025-08-19
39227,2025-11-14
39228,2025-11-14
39229,2025-10-24
39232,2025-07-31
39233,2025-07-15
39235,2025-10-09
39236,2025-11-14
39238,2025-11-14
39239,2025-10-09
39241,2026-02-04
39242,2026-02-04
39243,2025-06-30
39250,2025-11-14
39252,2026-03-23
39253,2025-11-28
39254,2025-12-29
39257,2025-10-24
39258,2026-03-02
39259,2025-11-14
39260,2026-02-04
39265,2026-03-02
39266,2025-11-14
39267,2025-11-14
39269,2025-07-16
39275,2025-11-14
39276,2025-11-14
39278,2025-10-09
39280,2025-10-09
39281,2025-10-24
39284,2025-06-25
39286,2025-07-16
39287,2025-07-08
39288,2025-06-11
39290,2026-02-04
39293,2025-10-30
39294,2025-10-09
39295,2025-10-14
39298,2026-02-04
39300,2025-10-16
39301,2025-10-09
39303,2025-07-02
39306,2025-06-11
39307,2025-10-31
39309,2025-10-16
39311,2025-10-09
39312,2026-02-04
39313,2025-10-28
39314,2025-10-14
39318,2026-05-18
39319,2025-10-16
39320,2025-10-09
39325,2025-10-14
39327,2025-11-14
39329,2025-07-16
39330,2025-12-17
39332,2025-11-28
39334,2026-01-29
39336,2025-10-24
39338,2026-02-16
39342,2025-10-24
39343,2026-03-16
39348,2025-11-14
39349,2026-02-16
39352,2025-11-28
39353,2025-11-14
39359,2025-10-30
39362,2025-09-22
39363,2025-12-18
39364,2025-10-14
39368,2025-10-14
39369,2025-10-14
39372,2025-10-23
39375,2025-09-22
39377,2025-11-27
39379,2025-10-17
39381,2025-11-20
39383,2026-02-09
39385,2025-07-23
39391,2026-04-06
39392,2026-02-27
39394,2026-05-18
39395,2026-03-02
39396,2026-03-09
39397,2025-11-07
39398,2026-05-19
39399,2026-05-18
39400,2025-11-07
39401,2026-03-09
39402,2026-02-16
39404,2026-03-16
39405,2026-02-09
39407,2025-10-03
39409,2025-10-03
39410,2025-10-10
39411,2025-07-01
39412,2025-10-10
39414,2026-02-09
39415,2025-10-03
39416,2025-11-21
39420,2025-10-03
39421,2025-10-17
39423,2025-11-12
39425,2026-03-27
39426,2025-10-17
39427,2025-07-07
39429,2025-10-17
39430,2025-07-22
39432,2026-05-19
39433,2026-02-02
39438,2025-11-14
39439,2025-10-24
39440,2025-11-14
39445,2025-10-31
39447,2026-03-27
39448,2025-06-25
39449,2025-07-17
39451,2026-02-27
39452,2025-11-14
39453,2026-04-15
39454,2025-07-17
39455,2025-11-14
39457,2026-02-27
39459,2025-11-14
39460,2025-06-25
39462,2025-10-31
39464,2025-10-23
39466,2025-12-03
39467,2025-11-05
39471,2025-11-26
39475,2025-11-26
39476,2025-10-28
39479,2025-10-09
39480,2026-01-28
39482,2025-10-14
39483,2025-10-14
39485,2025-10-14
39487,2025-10-14
39488,2025-11-14
39490,2025-10-14
39491,2026-03-31
39492,2025-10-28
39494,2025-10-28
39495,2026-03-02
39496,2026-02-02
39497,2025-10-31
39498,2026-02-02
39499,2026-02-02
39500,2026-03-16
39501,2025-10-28
39502,2026-03-11
39503,2026-05-18
39505,2025-11-12
39506,2025-10-14
39507,2025-11-14
39508,2025-10-28
39510,2025-10-31
39511,2025-11-14
39512,2026-02-27
39514,2025-10-10
39515,2025-10-31
39516,2026-06-25
39518,2026-05-19
39520,2025-11-14
39522,2025-10-31
39525,2025-11-14
39526,2026-05-19
39529,2025-12-03
39531,2026-03-11
39532,2025-10-30
39533,2026-03-31
39534,2025-10-14
39535,2025-10-30
39538,2025-10-17
39539,2025-06-30
39541,2025-10-10
39542,2025-12-29
39543,2026-05-19
39544,2025-08-18
39545,2025-11-14
39546,2025-08-19
39547,2025-10-17
39550,2026-03-23
39552,2025-05-19
39555,2025-07-22
39557,2025-06-26
39559,2025-10-10
39560,2025-07-09
39562,2025-09-01
39563,2025-10-16
39565,2025-07-23
39566,2026-02-23
39568,2026-02-09
39569,2025-08-14
39572,2025-11-14
39575,2025-07-16
39576,2025-11-14
39578,2025-10-28
39581,2025-07-28
39581,2025-06-26
39583,2025-10-31
39584,2025-10-31
39585,2025-07-24
39586,2025-10-31
39587,2025-06-26
39588,2025-11-14
39589,2026-03-09
39590,2025-11-05
39592,2026-01-28
39594,2025-06-26
39595,2025-07-24
39596,2025-07-08
39600,2025-10-14
39603,2025-11-14
39604,2025-10-17
39609,2025-09-22
39611,2025-11-05
39613,2025-11-12
39614,2025-12-03
39615,2025-11-05
39619,2025-12-18
39623,2025-09-22
39624,2025-10-27
39627,2025-11-14
39628,2025-10-17
39630,2025-10-30
39631,2025-11-14
39633,2025-11-21
39634,2026-03-23
39635,2025-11-14
39637,2026-05-19
39639,2025-10-17
39640,2025-11-25
39643,2025-07-28
39644,2025-08-21
39645,2025-07-21
39646,2025-06-30
39648,2025-11-14
39649,2025-11-14
39654,2025-11-14
39656,2025-11-14
39657,2025-09-22
39658,2025-11-04
39659,2025-06-30
39665,2025-10-24
39666,2025-10-24
39667,2025-11-14
39674,2025-11-14
39678,2025-10-24
39679,2025-06-12
39681,2025-07-23
39682,2025-06-30
39683,2025-06-30
39689,2025-10-30
39690,2025-11-14
39695,2025-10-09
39697,2025-11-28
39698,2026-03-16
39705,2025-10-30
39707,2025-10-30
39709,2025-10-14
39710,2025-10-30
39712,2025-10-30
39714,2025-10-23
39716,2026-01-27
39718,2026-01-27
39721,2025-11-26
39722,2026-01-27
39724,2026-01-27
39725,2025-10-09
39728,2025-10-14
39730,2026-01-28
39733,2026-01-27
39734,2025-10-16
39736,2025-11-28
39738,2025-11-28
39740,2026-02-02
39743,2026-03-23
39744,2026-02-02
39745,2026-02-09
39746,2026-02-09
39747,2026-03-02
39748,2025-11-14
39750,2026-04-01
39755,2025-08-05
39759,2025-11-14
39760,2025-10-24
39762,2025-10-24
39763,2025-08-06
39765,2025-10-24
39769,2025-10-17
39770,2025-09-23
39771,2025-09-12
39772,2025-09-26
39775,2025-11-17
39777,2025-10-20
39778,2025-08-22
39780,2025-11-14
39781,2025-10-09
39782,2026-03-16
39783,2025-10-24
39786,2026-03-23
39787,2025-11-28
39790,2026-04-20
39791,2025-10-16
39793,2026-06-11
39794,2025-11-28
39795,2025-06-11
39797,2025-07-07
39798,2025-10-09
39802,2025-11-26
39803,2025-11-14
39804,2025-10-09
39805,2026-01-27
39807,2026-01-27
39809,2025-10-09
39810,2025-11-26
39812,2025-10-24
39816,2025-07-02
39818,2025-07-14
39819,2026-03-23
39820,2026-03-02
39821,2025-11-04
39824,2026-04-13
39831,2025-06-30
39836,2025-11-14
39837,2025-07-07
39838,2025-10-27
39839,2025-07-02
39840,2025-09-22
39841,2026-04-21
39842,2025-12-31
39843,2025-11-26
39844,2025-10-09
39847,2025-07-07
39849,2025-11-14
39850,2025-11-14
39854,2025-11-14
39855,2025-10-24
39856,2025-11-14
39857,2026-04-15
39860,2025-10-16
39861,2025-10-24
39863,2025-11-14
39864,2025-10-24
39865,2025-09-01
39867,2025-08-19
39869,2025-07-28
39870,2025-08-14
39871,2025-10-24
39875,2026-02-23
39881,2025-07-14
39886,2026-01-27
39887,2025-11-26
39888,2025-12-26
39890,2026-03-16
39892,2025-07-28
39893,2026-06-10
39894,2025-07-23
39896,2025-08-19
39897,2025-07-24
39898,2025-06-10
39901,2025-07-16
39902,2025-07-24
39904,2025-07-03
39907,2025-07-08
39908,2025-06-11
39909,2026-01-28
39910,2025-10-28
39911,2025-11-26
39914,2026-03-09
39916,2026-03-23
39918,2025-11-04
39920,2025-08-14
39921,2025-12-26
39922,2025-08-05
39925,2026-04-27
39926,2025-11-27
39927,2025-10-27
39929,2025-06-30
39930,2025-11-14
39933,2025-09-08
39935,2025-09-08
39939,2025-09-22
39940,2025-09-22
39941,2025-07-22
39943,2025-10-27
39945,2025-11-05
39948,2026-03-09
39953,2026-02-16
39954,2025-12-26
39955,2026-03-09
39956,2025-11-14
39957,2025-10-24
39961,2026-04-20
39963,2025-11-26
39964,2025-10-09
39965,2026-01-27
39968,2025-06-30
39970,2026-04-13
39971,2025-11-14
39972,2025-11-18
39973,2025-10-17
39975,2025-08-05
39976,2025-09-08
39977,2025-07-17
39978,2025-11-19
39980,2025-10-17
39981,2025-11-14
39982,2025-10-31
39984,2025-10-17
39985,2025-10-31
39986,2025-07-17
39989,2025-10-09
39991,2025-06-11
39992,2025-08-21
39995,2025-11-14
39996,2025-09-08
39997,2025-11-14
39999,2025-11-14
40000,2025-10-31
40001,2025-11-14
40003,2025-06-11
40004,2026-06-25
40005,2025-11-14
40006,2025-11-18
40009,2025-12-26
40012,2026-02-23
40014,2025-06-11
40015,2025-06-11
40016,2025-11-14
40018,2026-05-13
40021,2025-07-16
40023,2025-11-25
40031,2025-12-26
40032,2026-01-29
40033,2025-11-26
40034,2025-11-26
40035,2025-10-09
40036,2026-01-28
40037,2025-11-26
40038,2025-10-16
40039,2025-06-11
40039,2025-08-04
40041,2025-08-19
40042,2026-01-28
40043,2026-01-28
40046,2025-10-21
40051,2026-01-28
40052,2025-10-21
40053,2025-10-30
40056,2025-10-14
40059,2025-10-21
40060,2025-11-14
40063,2025-10-21
40064,2025-10-31
40069,2025-12-17
40070,2025-10-28
40073,2025-10-28
40076,2025-12-17
40079,2026-03-16
40080,2026-03-23
40081,2026-02-09
40083,2025-09-30
40084,2025-11-14
40086,2026-03-16
40088,2025-11-26
40092,2025-12-26
40097,2025-11-14
40098,2025-06-11
40102,2025-07-02
40103,2025-10-30
40107,2025-07-15
40111,2026-06-01
40112,2026-05-06
40113,2026-05-27
40115,2026-05-05
40116,2025-09-08
40125,2025-10-31
40126,2025-10-17
40130,2025-11-14
40133,2026-03-23
40136,2025-09-08
40138,2025-10-27
40142,2025-09-08
40146,2025-09-22
40150,2025-11-14
40155,2025-10-21
40157,2025-11-05
40160,2025-07-08
40161,2025-11-14
40162,2025-10-31
40164,2025-06-12
40165,2025-10-21
40167,2025-11-18
40170,2025-07-10
40173,2025-10-21
40175,2025-10-09
40176,2025-10-09
40178,2025-10-09
40179,2025-10-21
40181,2025-10-21
40182,2025-10-21
40183,2025-10-21
40185,2026-03-26
40188,2025-10-23
40189,2025-11-04
40191,2025-06-12
40192,2025-06-12
40195,2025-10-23
40197,2025-10-09
40198,2025-07-16
40202,2025-10-09
40203,2025-11-04
40204,2025-07-16
40210,2025-06-12
40212,2025-10-24
40215,2025-11-14
40216,2025-10-17
40217,2026-02-23
40218,2025-11-04
40219,2025-12-17
40221,2025-10-23
40223,2026-05-06
40227,2025-10-24
40234,2025-10-24
40235,2026-02-16
40236,2025-08-07
40237,2026-02-09
40238,2026-03-23
40239,2025-10-09
40240,2026-02-09
40241,2026-03-02
40242,2026-02-09
40243,2025-11-14
40244,2025-10-24
40245,2025-10-23
40247,2025-10-24
40250,2026-02-16
40251,2026-02-02
40254,2025-12-26
40255,2026-02-23
40260,2025-07-03
40261,2025-11-14
40262,2025-11-21
40263,2025-10-24
40264,2025-06-12
40266,2025-08-19
40267,2025-12-26
40269,2025-11-25
40271,2025-10-09
40272,2025-10-24
40273,2025-10-23
40275,2025-11-21
40277,2025-11-14
40279,2025-07-03
40280,2025-10-24
40281,2025-11-14
40282,2025-10-24
40283,2025-11-14
40284,2025-11-14
40285,2025-07-28
40287,2025-07-03
40288,2025-06-12
40289,2025-10-24
40290,2025-05-30
40291,2025-09-19
40292,2025-10-23
40293,2025-06-06
40294,2025-10-03
40295,2026-02-04
40296,2025-11-14
40297,2026-01-26
40299,2025-07-28
40303,2025-10-17
40304,2025-10-28
40305,2025-10-28
40307,2025-10-23
40308,2025-11-04
40311,2025-07-24
40313,2026-05-04
40314,2025-11-14
40318,2025-10-23
40319,2025-10-30
40320,2025-06-27
40322,2025-11-17
40323,2026-03-31
40324,2025-07-04
40326,2025-10-24
40328,2025-11-14
40331,2025-06-12
40332,2026-03-09
40337,2025-11-21
40339,2026-02-23
40341,2025-10-23
40345,2025-08-21
40349,2025-10-23
40351,2025-10-14
40355,2025-10-03
40356,2025-11-14
40357,2025-11-14
40361,2025-07-02
40362,2025-07-24
40365,2026-03-02
40366,2025-11-21
40367,2026-03-16
40371,2025-12-26
40372,2025-11-14
40374,2025-10-24
40375,2025-10-09
40376,2025-10-23
40378,2025-11-14
40379,2025-07-10
40380,2025-10-09
40381,2025-10-09
40382,2025-10-09
40383,2025-10-23
40384,2025-10-09
40386,2025-09-08
40389,2025-06-12
40390,2025-07-22
40392,2025-11-14
40393,2025-10-23
40399,2025-10-16
40404,2025-10-16
40406,2025-10-28
40412,2025-11-14
40414,2025-10-14
40415,2026-03-30
40418,2025-10-28
40424,2025-10-09
40425,2025-10-28
40427,2025-10-28
40430,2025-10-14
40432,2025-10-14
40434,2026-01-26
40435,2025-11-26
40436,2025-10-14
40437,2026-02-02
40439,2026-02-16
40441,2026-03-16
40442,2026-02-09
40444,2025-10-24
40446,2026-02-09
40447,2025-11-14
40448,2025-10-24
40449,2025-11-14
40451,2025-10-16
40452,2025-10-28
40454,2025-10-28
40456,2026-03-02
40457,2025-11-14
40459,2026-02-09
40461,2025-11-14
40462,2025-11-14
40463,2025-10-24
40465,2025-11-14
40466,2026-06-23
40468,2025-10-28
40469,2025-10-28
40471,2025-09-22
40473,2025-07-21
40476,2025-09-08
40478,2025-11-05
40479,2025-12-11
40480,2025-12-18
40481,2025-11-26
40482,2025-09-22
40483,2025-11-25
40484,2025-06-12
40485,2025-10-16
40488,2025-10-17
40491,2025-07-21
40493,2025-08-05
40497,2025-11-14
40499,2025-10-17
40500,2025-11-14
40505,2026-05-11
40513,2025-06-12
40519,2025-10-03
40521,2025-10-17
40522,2025-07-21
40524,2025-10-10
40525,2025-11-14
40526,2025-10-31
40527,2025-10-03
40528,2025-06-12
40534,2025-10-14
40535,2025-11-14
40537,2026-05-12
40540,2025-11-14
40541,2025-11-14
40543,2025-06-12
40544,2026-03-23
40546,2025-07-10
40550,2025-06-30
40552,2025-10-31
40553,2025-06-12
40555,2025-07-30
40556,2025-07-07
40559,2025-10-31
40562,2025-11-14
40564,2025-12-26
40565,2026-03-09
40571,2026-03-25
40573,2025-10-28
40574,2026-03-09
40575,2025-10-17
40576,2025-11-14
40579,2025-07-21
40581,2025-10-31
40582,2025-12-26
40583,2026-01-26
40588,2025-07-02
40589,2025-11-14
40590,2025-11-14
40591,2025-06-26
40592,2025-10-28
40594,2025-07-15
40595,2026-02-23
40597,2025-10-31
40599,2025-11-14
40601,2025-10-14
40603,2025-10-16
40606,2025-08-11
40607,2025-11-14
40608,2026-03-30
40611,2025-10-14
40612,2025-10-14
40614,2025-12-17
40616,2025-10-14
40618,2025-10-14
40619,2025-11-14
40621,2025-06-16
40622,2025-10-14
40624,2025-10-14
40630,2025-10-31
40634,2026-03-09
40638,2026-02-04
40639,2026-02-04
40641,2025-10-30
40642,2025-10-30
40643,2026-01-28
40645,2025-10-16
40649,2025-10-30
40652,2026-01-28
40654,2025-10-14
40655,2025-10-14
40657,2026-02-04
40658,2025-12-17
40663,2025-10-14
40667,2026-03-09
40669,2025-10-16
40674,2025-12-17
40682,2025-10-31
40684,2025-10-31
40686,2025-12-26
40688,2025-11-14
40689,2025-11-04
40700,2025-07-15
40704,2025-06-16
40705,2026-05-13
40707,2025-06-16
40709,2025-06-18
40714,2026-02-09
40716,2025-08-19
40721,2025-11-18
40723,2025-11-14
40727,2025-06-16
40730,2026-03-16
40731,2025-10-31
40733,2025-10-30
40734,2025-10-14
40735,2025-10-14
40738,2025-11-04
40740,2025-10-16
40741,2025-12-23
40744,2026-03-23
40746,2025-10-09
40749,2025-11-14
40753,2026-05-11
40759,2025-11-04
40761,2025-11-14
40762,2025-12-26
40763,2026-03-23
40764,2025-11-14
40772,2026-02-02
40774,2026-02-23
40776,2025-11-14
40777,2025-11-14
40779,2026-03-02
40780,2026-02-06
40786,2025-11-05
40787,2025-10-30
40789,2025-09-08
40790,2025-09-22
40793,2025-11-26
40794,2025-12-11
40796,2025-10-30
40797,2026-03-16
40799,2025-12-26
40801,2025-08-19
40802,2025-06-16
40805,2025-06-25
40806,2026-02-23
40810,2025-12-23
40813,2025-10-30
40815,2025-10-28
40818,2025-10-28
40819,2025-12-23
40821,2025-06-17
40823,2025-07-14
40824,2025-08-21
40826,2025-06-17
40827,2025-06-02
40829,2025-11-14
40831,2025-10-23
40832,2025-06-06
40833,2025-06-23
40834,2025-08-11
40837,2025-11-14
40838,2026-03-09
40844,2026-03-02
40845,2025-05-30
40847,2025-05-30
40848,2025-10-23
40849,2025-10-27
40851,2025-10-23
40852,2025-10-09
40856,2026-02-02
40857,2026-03-23
40858,2025-11-14
40859,2026-03-30
40860,2026-03-23
40863,2026-03-23
40867,2025-11-25
40868,2025-07-31
40871,2025-11-14
40875,2026-02-27
40879,2026-05-11
40880,2026-05-12
40882,2025-07-08
40883,2025-06-17
40884,2025-07-16
40885,2025-05-29
40885,2025-05-29
40886,2026-02-27
40891,2025-11-25
40896,2026-02-27
40901,2025-11-14
40905,2026-03-02
40906,2025-12-26
40909,2026-05-11
40910,2025-11-14
40912,2025-12-26
40913,2026-02-27
40915,2025-06-17
40916,2026-02-27
40918,2025-09-22
40919,2025-11-26
40921,2025-12-03
40924,2025-10-30
40927,2026-05-06
40928,2026-02-27
40929,2025-10-23
40931,2026-02-27
40940,2025-06-25
40942,2025-08-14
40943,2025-11-25
40944,2025-09-08
40945,2025-10-09
40946,2025-10-09
40947,2025-07-08
40950,2025-10-23
40952,2025-06-17
40954,2026-05-06
40955,2025-09-12
40956,2026-06-25
40959,2025-12-26
40962,2025-10-23
40965,2025-10-16
40966,2025-10-23
40968,2025-12-23
40971,2025-07-03
40973,2025-12-26
40976,2025-10-17
40980,2026-05-11
40982,2025-12-26
40984,2025-12-26
40987,2025-10-03
40988,2025-12-26
40991,2025-05-30
40992,2026-03-02
40995,2025-07-24
40997,2025-10-13
41002,2025-10-03
41006,2026-04-27
41007,2025-07-01
41011,2025-08-08
41013,2025-08-04
41015,2025-10-23
41016,2025-06-20
41021,2025-08-22
41024,2025-10-17
41025,2026-02-06
41026,2025-10-16
41033,2025-08-22
41034,2025-12-23
41035,2025-08-08
41037,2025-12-26
41038,2025-12-26
41040,2025-07-22
41041,2025-07-17
41044,2025-12-26
41049,2025-12-26
41050,2025-10-23
41052,2025-10-23
41053,2025-10-16
41056,2025-10-23
41060,2025-10-28
41062,2025-07-10
41066,2025-06-24
41068,2025-11-04
41071,2026-02-06
41072,2025-10-14
41074,2025-10-16
41075,2025-12-24
41083,2025-10-16
41084,2025-10-16
41085,2025-12-17
41087,2025-10-28
41088,2026-02-27
41092,2025-10-28
41096,2025-10-28
41098,2025-12-26
41099,2026-01-27
41100,2026-01-26
41101,2025-12-26
41103,2026-02-16
41109,2025-12-26
41110,2026-05-12
41112,2026-05-05
41113,2025-12-18
41114,2026-02-06
41115,2025-12-26
41116,2025-11-28
41117,2025-12-26
41118,2025-06-24
41119,2025-07-07
41121,2026-05-11
41123,2025-07-07
41125,2025-08-18
41127,2025-11-21
41131,2026-05-04
41132,2026-05-06
41135,2025-11-28
41138,2025-11-13
41140,2025-07-09
41141,2025-06-12
41143,2025-11-21
41144,2025-07-08
41147,2025-12-26
41149,2026-02-16
41150,2026-02-09
41151,2025-07-30
41152,2025-12-19
41153,2026-04-21
41155,2025-12-17
41157,2025-10-28
41161,2026-01-02
41166,2025-09-08
41167,2025-09-08
41168,2025-11-26
41175,2026-02-09
41181,2025-11-25
41182,2025-07-10
41185,2025-10-28
41186,2025-11-21
41187,2025-11-18
41188,2025-07-22
41190,2025-06-24
41191,2025-07-22
41192,2025-07-21
41194,2026-03-16
41195,2025-12-24
41198,2026-05-12
41199,2025-10-30
41200,2025-10-30
41201,2025-07-29
41205,2025-10-30
41206,2025-11-04
41207,2025-10-28
41208,2025-10-28
41211,2025-12-17
41214,2025-10-20
41218,2025-10-28
41219,2025-12-24
41221,2025-06-12
41222,2025-10-30
41225,2025-11-04
41226,2025-11-04
41227,2025-10-30
41228,2026-05-06
41230,2026-01-02
41231,2025-12-02
41232,2025-09-22
41233,2026-03-02
41236,2025-10-28
41237,2025-10-28
41238,2025-10-30
41240,2025-10-28
41242,2026-03-16
41243,2025-10-30
41244,2026-03-16
41246,2025-12-19
41248,2025-11-26
41249,2026-05-04
41253,2026-01-05
41254,2025-11-28
41255,2025-11-21
41259,2025-07-07
41260,2026-01-22
41262,2026-03-16
41263,2026-05-04
41272,2025-11-28
41276,2025-12-05
41277,2026-05-04
41278,2025-12-05
41280,2025-07-07
41281,2025-09-23
41282,2025-11-21
41284,2025-12-05
41287,2025-12-23
41288,2026-05-25
41291,2025-07-15
41292,2025-06-25
41298,2025-11-11
41301,2025-06-12
41304,2026-04-20
41305,2025-07-15
41307,2026-05-06
41312,2025-10-13
41314,2026-03-16
41315,2025-08-19
41317,2025-06-17
41321,2025-12-05
41324,2026-05-12
41327,2026-03-16
41329,2025-06-24
41330,2025-10-24
41331,2025-10-24
41333,2025-11-21
41337,2025-06-25
41343,2026-03-16
41344,2026-03-23
41345,2025-10-24
41346,2026-03-16
41348,2026-03-16
41351,2025-08-14
41352,2025-06-12
41355,2026-04-24
41356,2025-12-05
41359,2025-11-21
41361,2025-11-21
41363,2026-01-22
41364,2026-03-27
41365,2025-07-09
41366,2025-08-19
41368,2025-12-23
41370,2025-06-24
41372,2025-06-12
41373,2025-06-24
41374,2025-12-18
41376,2025-11-27
41378,2025-12-11
41380,2025-11-21
41383,2025-10-20
41385,2025-10-30
41388,2026-04-21
41389,2026-04-23
41391,2025-11-21
41392,2026-01-22
41393,2025-09-29
41396,2025-10-30
41397,2025-12-05
41398,2025-10-24
41399,2026-05-13
41401,2026-04-23
41402,2025-12-05
41404,2025-11-11
41405,2025-10-20
41408,2025-10-27
41410,2025-11-18
41411,2025-11-18
41412,2025-11-18
41413,2025-10-27
41421,2025-11-05
41422,2025-11-05
41423,2025-11-18
41425,2025-11-21
41426,2025-11-21
41429,2025-10-27
41430,2025-11-05
41433,2025-11-18
41434,2026-03-02
41436,2025-11-21
41437,2025-12-19
41440,2025-12-05
41442,2025-12-05
41445,2025-12-02
41446,2025-12-24
41448,2025-10-09
41449,2025-11-05
41450,2025-12-17
41453,2025-10-27
41454,2025-07-28
41456,2025-10-24
41462,2025-11-21
41463,2025-11-11
41466,2026-01-21
41467,2025-10-30
41471,2025-10-03
41472,2025-09-26
41473,2025-11-11
41475,2025-10-30
41476,2025-11-12
41477,2025-11-11
41478,2025-09-01
41486,2025-06-12
41487,2025-09-01
41494,2025-11-21
41496,2025-12-12
41497,2026-05-13
41498,2025-11-28
41500,2025-10-09
41502,2025-12-19
41503,2025-12-12
41504,2025-12-11
41506,2025-06-17
41508,2025-10-20
41515,2025-11-28
41517,2025-12-23
41521,2026-04-21
41522,2026-04-27
41523,2025-10-30
41525,2025-12-12
41526,2026-03-02
41529,2026-05-25
41530,2026-03-30
41533,2026-03-16
41535,2026-03-16
41536,2026-04-06
41537,2025-06-12
41538,2025-07-16
41542,2025-08-19
41544,2026-04-10
41546,2026-06-25
41551,2025-12-05
41555,2026-04-20
41556,2025-10-20
41557,2025-11-21
41558,2026-05-25
41559,2025-12-05
41561,2025-06-25
41563,2025-11-21
41564,2025-12-23
41565,2025-12-05
41566,2026-02-25
41570,2025-11-21
41571,2025-11-28
41573,2026-03-30
41576,2025-12-02
41577,2025-11-28
41578,2025-11-21
41580,2025-11-21
41583,2026-01-29
41584,2025-06-24
41597,2025-12-05
41600,2025-10-27
41603,2025-11-21
41605,2025-12-05
41606,2025-10-24
41614,2025-12-24
41615,2025-10-27
41616,2025-11-18
41618,2025-11-18
41619,2025-11-21
41620,2025-11-21
41621,2026-04-10
41622,2025-12-05
41623,2025-06-17
41624,2025-12-17
41626,2025-12-02
41628,2025-09-29
41633,2025-11-28
41635,2026-06-25
41639,2025-06-16
41641,2025-10-20
41642,2026-04-10
41645,2025-12-05
41646,2026-04-10
41647,2025-12-23
41648,2025-06-16
41651,2025-07-11
41659,2025-10-24
41662,2025-07-24
41666,2026-04-06
41667,2025-12-05
41668,2026-01-20
41672,2025-11-21
41675,2025-09-22
41677,2025-12-26
41679,2025-12-17
41683,2025-11-11
41686,2025-07-16
41687,2025-08-19
41688,2025-12-05
41691,2025-11-28
41693,2026-05-11
41699,2025-12-23
41700,2025-08-28
41701,2025-08-05
41703,2025-10-31
41705,2025-11-21
41707,2025-11-28
41709,2025-11-21
41715,2026-04-21
41717,2025-12-02
41720,2025-12-02
41721,2025-12-23
41722,2025-12-23
41723,2025-06-16
41727,2025-06-24
41729,2026-04-24
41731,2025-12-05
41733,2026-03-30
41737,2025-12-02
41740,2025-12-05
41743,2025-07-21
41744,2026-04-27
41745,2026-04-13
41746,2026-04-10
41749,2026-04-21
41750,2025-11-28
41751,2025-11-28
41753,2025-07-15
41755,2026-02-04
41756,2026-04-21
41757,2025-07-21
41758,2026-03-30
41760,2025-07-23
41765,2025-11-28
41767,2026-04-20
41769,2025-12-05
41771,2026-04-10
41772,2026-04-10
41773,2025-11-28
41777,2026-04-21
41778,2025-07-14
41780,2025-09-30
41786,2025-12-02
41789,2025-11-03
41790,2025-11-26
41791,2025-11-05
41794,2025-10-13
41796,2025-11-11
41800,2025-11-03
41801,2026-02-26
41802,2025-12-05
41809,2025-11-28
41811,2025-11-11
41816,2025-11-26
41817,2025-11-11
41818,2025-10-09
41821,2025-11-12
41822,2025-09-23
41825,2025-11-21
41829,2025-10-17
41831,2025-11-28
41833,2025-11-05
41837,2026-04-20
41838,2026-03-30
41841,2026-04-10
41842,2025-06-10
41846,2025-07-03
41850,2025-12-05
41851,2025-12-02
41853,2026-04-27
41854,2025-12-02
41857,2025-07-23
41858,2025-07-31
41860,2025-10-20
41867,2025-10-20
41868,2025-09-29
41869,2025-10-13
41873,2025-10-20
41876,2025-09-29
41877,2025-12-11
41878,2025-10-13
41880,2025-09-22
41881,2026-04-27
41882,2025-12-11
41885,2025-10-13
41887,2025-12-11
41888,2025-09-22
41889,2025-11-21
41891,2025-06-16
41893,2025-09-01
41897,2026-04-10
41899,2025-11-04
41901,2025-07-24
41903,2025-09-29
41904,2026-04-21
41905,2025-11-21
41908,2025-06-24
41910,2025-07-24
41911,2025-07-02
41913,2025-06-16
41916,2025-11-11
41920,2025-11-12
41921,2025-11-28
41922,2025-07-03
41925,2025-11-28
41926,2026-03-31
41928,2025-07-03
41930,2025-12-05
41935,2025-12-05
41936,2026-05-25
41937,2025-11-04
41939,2025-11-25
41944,2026-06-23
41945,2025-07-28
41946,2026-04-27
41948,2026-04-06
41949,2026-04-23
41950,2026-04-20
41951,2025-06-16
41953,2026-04-21
41954,2025-11-21
41956,2025-11-04
41958,2025-11-04
41961,2025-11-04
41964,2026-06-17
41965,2025-12-02
41967,2025-06-16
41968,2025-07-28
41969,2026-04-21
41970,2026-01-21
41974,2025-07-14
41977,2025-06-16
41978,2025-07-21
41979,2025-08-18
41980,2025-09-29
41983,2025-11-28
41993,2025-12-05
41994,2025-11-28
41999,2025-11-05
42002,2025-10-30
42003,2025-11-05
42004,2025-11-05
42005,2026-04-27
42021,2025-11-28
42022,2025-10-30
42025,2025-07-03
42026,2025-10-30
42028,2026-04-06
42031,2025-11-28
42032,2025-06-16
42033,2025-12-05
42035,2025-12-11
42037,2025-10-13
42038,2025-11-25
42041,2025-11-11
42042,2025-10-30
42045,2026-03-16
42051,2025-07-23
42053,2025-08-20
42054,2025-06-16
42055,2026-01-22
42056,2026-01-22
42058,2026-04-20
42061,2026-04-06
42062,2025-11-28
42064,2025-10-30
42065,2026-04-24
42066,2025-11-25
42067,2025-12-05
42068,2026-04-24
42073,2025-12-05
42081,2025-12-05
42084,2025-10-13
42087,2025-12-11
42088,2026-01-22
42090,2025-12-11
42094,2025-10-06
42097,2026-04-29
42100,2025-12-11
42102,2025-11-12
42103,2025-11-18
42105,2025-11-11
42111,2026-04-06
42114,2026-03-30
42116,2025-11-28
42117,2025-10-06
42122,2025-12-05
42123,2025-11-28
42127,2026-04-21
42128,2025-07-02
42129,2025-06-16
42130,2025-12-30
42131,2025-11-28
42132,2025-11-28
42135,2025-12-02
42136,2025-12-02
42138,2025-12-02
42139,2025-07-02
42140,2026-06-09
42143,2026-03-09
42145,2025-06-23
42146,2025-07-08
42147,2026-04-24
42149,2025-06-16
42151,2025-11-28
42153,2025-12-12
42160,2025-09-02
42162,2025-06-16
42163,2025-07-16
42166,2026-02-09
42167,2026-06-29
42174,2025-07-28
42175,2025-11-11
42176,2026-03-27
42177,2025-11-28
42179,2025-12-30
42180,2025-12-30
42181,2025-12-30
42182,2026-02-24
42183,2025-12-02
42186,2025-06-16
42187,2025-07-30
42191,2025-07-17
42192,2025-07-24
42199,2025-12-12
42200,2025-11-28
42204,2025-12-12
42206,2025-11-28
42208,2025-09-23
42209,2025-12-12
42215,2025-09-22
42216,2025-11-28
42217,2025-07-10
42218,2025-06-24
42220,2025-11-21
42221,2025-12-29
42223,2025-10-10
42224,2025-10-01
42235,2025-10-17
42236,2025-09-30
42243,2025-12-15
42245,2025-07-18
42246,2025-07-04
42247,2025-10-20
42248,2025-10-30
42249,2025-12-19
42251,2026-04-20
42252,2026-04-24
42253,2025-11-21
42255,2025-09-26
42256,2025-06-17
42257,2025-12-12
42258,2025-10-24
42259,2025-12-12
42261,2025-11-11
42262,2025-11-11
42263,2026-03-30
42268,2025-07-16
42272,2025-12-12
42276,2025-11-19
42277,2025-07-14
42278,2025-12-12
42280,2026-04-21
42281,2025-10-10
42282,2025-12-19
42283,2025-07-31
42284,2025-11-28
42287,2025-12-12
42288,2025-12-30
42289,2025-07-22
42291,2025-12-12
42292,2025-10-06
42294,2025-12-12
42295,2025-12-12
42297,2025-07-29
42299,2025-11-04
42300,2025-11-25
42302,2025-11-11
42304,2025-12-12
42305,2025-12-12
42307,2025-11-28
42310,2025-11-25
42312,2025-10-30
42313,2026-03-31
42319,2026-01-22
42321,2025-11-11
42323,2025-07-14
42325,2026-03-31
42327,2025-11-11
42328,2025-10-30
42332,2025-11-11
42334,2025-11-12
42338,2025-11-25
42340,2025-12-31
42341,2025-07-16
42343,2025-11-12
42344,2025-11-12
42347,2025-11-12
42348,2025-06-17
42349,2025-12-19
42350,2026-06-25
42351,2025-11-28
42354,2026-04-13
42355,2025-12-19
42357,2025-09-02
42359,2025-12-05
42360,2025-07-17
42361,2025-07-16
42366,2025-06-17
42369,2025-12-12
42370,2025-07-22
42373,2025-07-14
42374,2025-06-17
42375,2025-06-16
42376,2025-06-17
42378,2025-10-17
42379,2025-12-31
42382,2025-11-28
42384,2025-12-12
42385,2025-10-03
42386,2025-11-28
42387,2026-04-21
42389,2026-04-27
42390,2025-12-02
42395,2025-12-12
42396,2025-12-30
42397,2025-12-02
42401,2026-05-25
42402,2026-04-21
42403,2026-03-30
42405,2025-12-09
42406,2025-07-17
42415,2026-01-22
42417,2025-11-12
42419,2025-07-14
42420,2025-08-21
42422,2025-08-19
42423,2025-10-24
42426,2025-06-17
42427,2026-01-27
42428,2025-11-12
42429,2025-10-06
42433,2025-10-30
42435,2025-06-24
42436,2026-04-20
42437,2025-11-12
42440,2026-04-23
42441,2026-01-22
42442,2026-01-22
42444,2025-12-31
42447,2025-10-13
42450,2025-10-20
42452,2025-11-04
42454,2025-08-19
42459,2025-12-12
42463,2025-07-23
42464,2025-10-09
42465,2025-11-26
42469,2025-11-05
42470,2025-11-26
42473,2025-10-30
42475,2025-11-28
42476,2025-10-17
42477,2025-12-12
42479,2025-12-19
42482,2025-12-12
42483,2025-12-19
42484,2026-05-25
42490,2026-04-06
42491,2025-11-28
42492,2025-12-19
42496,2025-09-30
42499,2025-12-09
42500,2025-12-09
42501,2026-03-30
42502,2026-05-25
42504,2026-04-06
42506,2025-10-06
42507,2026-05-25
42508,2026-03-30
42512,2026-03-30
42514,2025-07-09
42516,2026-04-13
42517,2026-04-13
42519,2025-12-19
42520,2025-11-28
42521,2025-11-28
42523,2025-08-19
42524,2025-10-30
42525,2026-06-15
42526,2026-03-09
42529,2026-04-13
42533,2025-12-31
42536,2025-12-19
42537,2025-12-19
42542,2026-04-06
42543,2025-12-12
42546,2025-08-19
42547,2025-12-12
42549,2025-07-02
42559,2025-12-30
42561,2026-05-25
42562,2025-06-24
42563,2025-06-17
42565,2025-12-09
42566,2026-04-06
42568,2025-06-17
42571,2025-12-12
42573,2025-11-28
42575,2025-11-26
42576,2025-11-05
42580,2025-11-28
42581,2026-05-25
42582,2025-11-21
42585,2025-11-21
42591,2026-04-24
42592,2025-12-12
42597,2025-12-22
42598,2025-12-12
42599,2025-12-12
42600,2025-11-05
42601,2025-11-05
42603,2025-11-05
42607,2025-11-05
42609,2025-11-04
42610,2025-11-04
42611,2025-10-06
42613,2025-11-05
42615,2026-01-15
42617,2025-11-04
42618,2025-11-04
42619,2025-11-04
42621,2025-12-12
42622,2025-11-26
42623,2025-11-28
42626,2025-11-12
42627,2026-01-28
42628,2025-11-04
42629,2025-11-11
42630,2026-02-04
42634,2025-11-11
42636,2025-11-04
42637,2026-04-27
42638,2025-11-11
42640,2025-11-11
42643,2025-11-26
42644,2025-11-18
42645,2025-11-18
42646,2025-11-04
42649,2025-11-04
42650,2025-11-11
42651,2025-11-04
42652,2025-06-24
42653,2025-08-12
42654,2025-06-17
42655,2025-06-25
42657,2025-12-12
42662,2025-12-12
42664,2025-12-12
42665,2025-12-12
42667,2025-11-28
42668,2025-12-12
42669,2026-03-23
42671,2026-05-04
42678,2025-11-21
42679,2025-10-20
42680,2025-12-12
42683,2025-11-28
42686,2025-12-12
42689,2025-09-03
42691,2025-11-18
42694,2025-12-12
42697,2026-06-15
42698,2026-02-04
42700,2026-04-06
42701,2025-12-12
42708,2025-10-09
42709,2025-06-17
42710,2025-07-29
42711,2025-12-12
42715,2025-11-04
42717,2025-11-04
42718,2025-11-04
42729,2026-02-04
42730,2025-07-29
42735,2025-12-09
42737,2025-12-12
42738,2025-12-12
42739,2025-11-18
42740,2025-06-25
42742,2025-08-11
42743,2025-12-12
42746,2025-10-06
42747,2025-10-06
42748,2025-10-13
42751,2025-11-28
42758,2026-04-14
42759,2025-12-12
42763,2025-10-06
42764,2025-09-29
42767,2025-12-30
42769,2025-10-20
42771,2025-11-28
42777,2026-05-25
42780,2025-12-12
42781,2025-12-12
42782,2026-02-04
42784,2025-12-12
42786,2026-04-27
42789,2025-11-05
42790,2025-11-05
42793,2025-11-04
42795,2025-07-29
42797,2025-12-12
42801,2026-05-25
42802,2025-11-28
42803,2026-04-13
42804,2025-11-28
42805,2025-11-28
42806,2026-04-14
42809,2026-04-14
42810,2025-12-12
42812,2025-09-30
42814,2026-04-14
42815,2025-12-12
42816,2026-04-27
42818,2026-04-14
42819,2025-12-12
42820,2025-12-12
42821,2025-12-12
42823,2025-12-12
42825,2025-09-02
42826,2026-04-14
42827,2026-04-14
42828,2025-11-28
42834,2025-11-11
42835,2025-11-04
42836,2025-11-04
42837,2025-11-04
42838,2026-04-20
42839,2025-12-30
42844,2025-11-04
42845,2025-11-18
42848,2025-10-30
42849,2025-11-11
42851,2025-11-04
42852,2025-11-12
42853,2025-11-18
42854,2025-11-11
42856,2025-11-04
42857,2025-11-04
42859,2025-12-26
42864,2025-12-12
42865,2026-04-14
42866,2025-12-09
42867,2026-01-06
42870,2026-01-06
42872,2025-11-28
42873,2026-01-06
42874,2025-11-28
42875,2025-11-11
42876,2025-07-30
42877,2025-12-12
42878,2026-04-14
42879,2025-12-12
42885,2025-06-30
42886,2025-06-02
42889,2025-06-17
42890,2025-12-19
42893,2026-04-14
42895,2025-11-04
42898,2026-04-27
42903,2025-12-12
42904,2025-07-30
42905,2025-07-30
42906,2025-07-30
42910,2025-11-28
42911,2025-12-19
42913,2025-06-17
42914,2025-08-05
42914,2025-07-30
42915,2026-04-14
42919,2025-07-30
42922,2025-12-09
42924,2025-09-02
42927,2025-11-04
42928,2025-07-30
42929,2025-11-04
42932,2025-11-04
42934,2025-11-11
42935,2025-11-04
42937,2025-11-25
42941,2025-11-11
42942,2025-11-18
42943,2026-05-07
42944,2025-12-12
42945,2025-11-05
42946,2026-04-27
42947,2025-11-28
42948,2025-07-30
42949,2025-12-12
42951,2026-04-23
42952,2025-12-31
42953,2025-10-20
42955,2026-01-21
42957,2025-10-06
42958,2026-01-21
42959,2025-10-06
42961,2025-10-06
42964,2026-04-21
42967,2025-08-18
42974,2025-10-31
42975,2025-09-19
42976,2026-03-09
42979,2026-04-20
42983,2025-12-09
42984,2025-07-30
42985,2026-04-20
42986,2025-12-12
42989,2025-11-18
42990,2025-06-17
42993,2026-02-26
42994,2025-11-28
42995,2025-12-12
42996,2025-12-12
42997,2026-05-25
42999,2025-06-16
43000,2025-06-16
43010,2026-06-02
43011,2025-11-18
43012,2025-06-16
43014,2025-06-16
43017,2025-11-18
43019,2025-11-25
43025,2025-07-30
43027,2025-11-21
43028,2025-07-30
43029,2026-04-13
43030,2025-07-28
43032,2026-04-20
43033,2026-03-30
43034,2026-04-06
43036,2026-04-24
43037,2026-01-02
43044,2025-11-13
43045,2025-11-21
43046,2025-11-21
43047,2026-01-06
43048,2025-08-04
43049,2026-01-02
43050,2026-04-24
43051,2026-01-02
43053,2025-11-28
43055,2025-09-11
43057,2025-06-26
43062,2026-01-06
43063,2025-12-31
43065,2025-10-24
43066,2025-08-06
43068,2025-06-16
43070,2026-01-02
43071,2025-09-04
43072,2025-08-04
43074,2026-05-25
43075,2025-11-28
43082,2025-10-28
43083,2026-01-02
43087,2025-09-04
43088,2025-11-28
43089,2026-04-27
43091,2025-08-06
43092,2026-04-24
43093,2025-11-28
43096,2025-11-04
43102,2025-10-14
43105,2025-08-04
43107,2025-08-07
43109,2025-11-11
43112,2025-12-09
43114,2025-10-27
43118,2026-01-06
43119,2025-11-28
43123,2026-03-30
43124,2026-01-02
43125,2025-10-24
43128,2025-11-11
43131,2025-10-14
43133,2025-08-04
43134,2025-12-23
43138,2025-11-05
43139,2025-11-28
43147,2026-05-13
43150,2025-11-28
43151,2025-11-11
43155,2025-10-30
43156,2025-11-04
43163,2025-11-28
43164,2025-11-12
43166,2025-11-11
43169,2025-11-12
43175,2025-11-12
43176,2026-01-14
43179,2025-11-11
43181,2025-12-31
43184,2025-11-19
43185,2025-11-05
43186,2025-11-11
43187,2026-01-02
43188,2025-11-05
43189,2025-11-05
43195,2025-10-31
43197,2025-12-09
43200,2025-11-28
43203,2025-12-09
43205,2025-11-12
43208,2025-11-28
43209,2026-01-02
43213,2025-10-27
43217,2025-10-09
43221,2025-07-15
43222,2025-10-16
43228,2025-07-21
43232,2025-08-06
43236,2025-10-31
43237,2026-01-21
43238,2026-03-30
43239,2025-08-05
43240,2026-01-02
43243,2025-07-17
43243,2025-08-07
43244,2025-07-08
43249,2026-04-27
43250,2026-03-30
43257,2025-11-12
43260,2026-01-21
43262,2025-11-19
43265,2025-07-31
43266,2025-11-28
43269,2026-01-06
43270,2026-01-02
43271,2026-01-02
43272,2026-04-24
43274,2025-11-05
43275,2025-08-07
43276,2025-11-05
43278,2025-11-18
43280,2026-01-02
43281,2025-07-09
43284,2025-10-09
43285,2026-03-30
43287,2025-11-12
43291,2025-08-05
43301,2025-10-31
43302,2025-10-30
43303,2025-08-22
43308,2025-09-08
43310,2025-09-04
43311,2025-08-04
43313,2025-11-28
43315,2026-04-06
43320,2025-11-05
43321,2025-11-05
43322,2025-07-09
43324,2026-01-06
43325,2026-01-06
43327,2026-01-06
43328,2025-07-22
43330,2025-07-15
43331,2025-07-09
43332,2026-01-28
43334,2025-11-18
43335,2025-11-28
43337,2025-11-19
43338,2025-08-04
43341,2025-11-24
43342,2026-06-18
43343,2025-08-06
43345,2025-08-06
43346,2025-10-31
43351,2025-11-12
43354,2025-11-12
43356,2025-11-12
43358,2025-08-21
43360,2025-11-12
43363,2026-04-20
43365,2026-04-13
43366,2026-01-02
43368,2025-11-19
43370,2026-01-06
43375,2025-11-04
43376,2026-01-02
43377,2025-07-22
43379,2026-03-30
43382,2026-01-02
43383,2026-01-02
43387,2026-01-02
43389,2026-04-27
43390,2025-08-05
43393,2026-04-15
43395,2026-04-30
43398,2026-01-22
43400,2026-01-28
43401,2026-04-30
43403,2026-02-25
43404,2025-10-06
43406,2025-10-06
43407,2025-10-06
43408,2026-03-30
43409,2026-01-02
43410,2026-04-13
43411,2026-04-27
43412,2026-03-30
43413,2026-04-20
43414,2026-01-22
43415,2026-04-13
43416,2025-11-12
43419,2025-08-05
43427,2026-04-24
43428,2025-08-05
43431,2025-11-28
43432,2025-11-28
43433,2026-01-02
43434,2026-04-24
43437,2025-08-04
43442,2026-01-02
43444,2026-04-24
43445,2026-01-02
43446,2025-07-10
43447,2025-11-28
43452,2025-11-28
43457,2026-02-17
43458,2025-11-28
43459,2025-10-06
43460,2026-01-02
43461,2026-01-02
43463,2025-08-18
43465,2026-04-24
43467,2026-01-02
43471,2025-07-07
43473,2025-08-07
43474,2025-10-09
43476,2026-04-13
43477,2026-04-27
43478,2026-04-20
43480,2026-01-02
43482,2026-04-13
43483,2025-07-28
43484,2026-01-02
43485,2026-04-06
43500,2025-12-26
43501,2026-01-14
43502,2026-03-30
43503,2025-10-27
43504,2025-07-24
43506,2025-11-04
43507,2025-11-19
43508,2025-11-12
43509,2025-11-04
43511,2025-08-07
43512,2025-07-02
43517,2026-01-06
43521,2025-12-26
43523,2025-10-16
43524,2026-04-27
43526,2026-04-20
43527,2025-12-12
43528,2026-02-17
43529,2025-09-04
43530,2025-11-11
43534,2025-11-04
43535,2025-12-23
43538,2025-11-28
43540,2025-12-12
43542,2025-08-04
43549,2025-11-12
43550,2025-12-26
43553,2025-11-28
43554,2025-12-31
43555,2025-08-05
43556,2025-12-12
43558,2026-04-20
43563,2025-11-19
43564,2025-07-17
43566,2025-12-12
43567,2025-11-18
43569,2025-11-19
43572,2025-12-23
43579,2025-08-04
43583,2026-02-04
43589,2025-07-07
43590,2026-05-25
43591,2025-08-11
43592,2025-11-12
43594,2025-11-28
43596,2025-07-29
43600,2025-08-20
43601,2025-08-26
43602,2025-08-04
43603,2025-08-26
43604,2025-07-23
43606,2026-04-20
43608,2026-04-20
43610,2026-03-30
43614,2026-05-06
43615,2025-08-04
43616,2025-12-09
43617,2026-01-22
43620,2025-11-28
43621,2025-12-09
43624,2026-01-06
43629,2025-12-12
43630,2025-12-26
43634,2025-11-28
43635,2025-11-19
43637,2025-12-12
43638,2026-02-04
43639,2025-09-02
43643,2025-11-04
43644,2025-11-11
43646,2025-11-04
43648,2025-11-19
43651,2026-01-06
43653,2025-11-12
43654,2026-04-06
43655,2025-11-12
43656,2025-11-12
43657,2025-11-12
43659,2025-12-26
43660,2025-10-27
43664,2025-08-26
43665,2026-01-22
43668,2026-01-28
43670,2025-12-12
43672,2025-07-15
43673,2025-12-12
43675,2025-12-12
43678,2025-12-12
43681,2025-11-11
43686,2025-08-04
43688,2026-04-27
43690,2026-05-25
43692,2025-12-26
43693,2025-11-28
43694,2025-11-04
43695,2026-04-13
43696,2025-10-27
43700,2025-07-22
43701,2025-08-04
43710,2025-11-28
43711,2025-08-26
43713,2025-11-28
43714,2025-12-12
43715,2025-08-18
43716,2026-02-04
43717,2025-11-28
43719,2025-12-12
43721,2025-12-09
43723,2025-10-27
43724,2026-03-25
43725,2025-12-26
43726,2025-11-12
43728,2025-11-04
43729,2025-11-11
43730,2025-11-04
43731,2025-11-12
43735,2025-11-04
43736,2025-11-12
43737,2025-08-04
43740,2025-12-12
43741,2025-11-11
43742,2025-11-12
43746,2025-11-12
43750,2025-12-12
43752,2025-11-04
43754,2026-01-02
43755,2025-11-21
43756,2025-11-04
43757,2025-08-26
43761,2025-11-11
43767,2025-12-26
43768,2026-03-30
43770,2025-12-12
43771,2025-12-12
43772,2026-04-23
43775,2025-07-18
43779,2025-11-12
43780,2026-04-06
43782,2025-08-26
43783,2025-09-01
43794,2025-11-28
43795,2025-12-12
43796,2025-12-12
43797,2026-04-21
43798,2025-12-12
43803,2026-01-06
43804,2025-12-26
43805,2025-11-28
43807,2025-10-31
43812,2025-12-26
43815,2026-04-21
43819,2026-04-21
43821,2025-06-09
43822,2025-06-04
43823,2025-06-16
43830,2025-08-04
43831,2025-12-12
43833,2025-07-31
43835,2025-08-05
43838,2026-04-06
43840,2025-11-03
43841,2025-10-06
43843,2025-11-03
43844,2026-01-15
43846,2025-10-06
43848,2025-11-13
43850,2026-01-14
43851,2025-10-06
43852,2026-02-19
43853,2025-10-20
43856,2025-11-28
43858,2025-07-31
43859,2025-12-12
43860,2026-04-06
43862,2026-04-06
43864,2026-04-27
43866,2026-04-20
43867,2025-12-09
43869,2025-12-12
43872,2025-11-12
43875,2026-01-28
43879,2025-11-28
43880,2025-12-26
43883,2026-02-04
43886,2025-11-12
43895,2025-08-19
43896,2025-11-12
43900,2025-11-12
43904,2025-08-18
43908,2026-03-30
43909,2025-12-26
43912,2026-03-23
43913,2025-08-04
43914,2025-12-12
43915,2025-08-04
43916,2026-04-13
43917,2026-04-20
43918,2026-04-21
43920,2025-12-09
43924,2025-07-23
43925,2025-11-12
43927,2026-04-13
43928,2025-12-12
43929,2026-04-27
43930,2026-02-17
43932,2026-04-21
43933,2025-08-26
43934,2025-08-26
43936,2025-09-26
43937,2025-11-18
43939,2025-06-02
43940,2025-11-17
43942,2025-11-05
43944,2025-07-09
43946,2025-12-12
43949,2025-12-12
43958,2026-04-13
43959,2026-01-02
43966,2026-04-21
43967,2025-11-04
43971,2025-12-26
43972,2025-09-19
43974,2026-01-02
43976,2025-09-05
43977,2025-09-02
43980,2025-12-09
43983,2026-01-06
43984,2026-01-02
43986,2025-07-18
43988,2025-12-12
43990,2026-04-20
43992,2025-12-26
43993,2026-05-25
43994,2025-12-16
43998,2026-01-14
44000,2025-07-21
44001,2025-08-21
44005,2025-08-04
44007,2026-04-06
44009,2026-04-20
44010,2025-08-04
44012,2026-04-06
44016,2025-12-26
44018,2026-03-09
44019,2025-09-01
44020,2025-12-26
44021,2025-07-28
44027,2026-02-04
44028,2025-12-12
44029,2025-07-08
44030,2025-09-08
44034,2025-11-12
44035,2025-11-12
44037,2025-11-12
44038,2026-04-21
44039,2026-04-06
44040,2026-04-21
44042,2025-08-04
44044,2026-04-27
44045,2026-03-30
44051,2025-11-21
44053,2026-01-02
44054,2025-11-07
44058,2026-01-02
44063,2025-08-04
44064,2025-12-12
44067,2026-04-21
44068,2025-08-04
44072,2025-11-12
44073,2026-03-30
44079,2025-07-07
44080,2025-07-21
44081,2026-01-14
44082,2026-05-25
44089,2026-01-02
44090,2025-11-05
44093,2025-11-18
44096,2025-11-12
44097,2025-11-12
44101,2026-03-27
44106,2026-04-21
44107,2025-12-12
44108,2026-01-14
44110,2026-04-24
44111,2025-11-05
44112,2025-11-05
44117,2025-10-20
44118,2025-11-03
44121,2026-01-14
44122,2025-10-06
44123,2025-11-03
44125,2025-10-27
44129,2025-08-04
44130,2025-12-12
44131,2025-12-12
44136,2026-06-18
44140,2026-03-30
44141,2025-08-18
44142,2025-09-12
44143,2026-03-27
44148,2025-11-21
44151,2026-04-27
44154,2026-04-21
44155,2025-12-12
44156,2026-04-06
44157,2025-12-05
44158,2025-12-05
44159,2025-07-11
44161,2025-07-24
44166,2025-08-22
44167,2026-01-07
44169,2025-07-11
44170,2026-04-24
44171,2025-07-11
44172,2025-12-12
44173,2026-05-07
44174,2026-02-23
44175,2025-08-04
44176,2025-09-19
44177,2025-11-04
44180,2025-11-12
44181,2025-11-11
44182,2025-11-04
44185,2025-11-12
44186,2025-09-01
44187,2025-11-19
44193,2025-09-03
44202,2025-11-12
44204,2025-07-15
44206,2025-11-05
44207,2025-11-11
44208,2026-04-21
44209,2025-12-05
44212,2025-08-18
44213,2025-08-04
44214,2025-07-01
44215,2026-04-13
44217,2025-12-05
44222,2025-11-18
44226,2025-11-12
44227,2026-01-28
44230,2025-11-12
44231,2025-11-12
44235,2025-11-05
44236,2025-11-12
44240,2025-12-12
44241,2026-06-18
44242,2025-10-31
44243,2025-09-29
44244,2025-09-04
44246,2025-11-28
44247,2025-10-31
44252,2026-06-18
44253,2025-12-12
44255,2026-01-06
44256,2025-11-18
44258,2025-11-19
44260,2025-11-12
44261,2025-11-12
44262,2025-11-12
44263,2025-11-05
44264,2025-11-05
44265,2025-11-05
44270,2025-11-05
44271,2025-11-05
44276,2026-04-23
44277,2025-10-06
44278,2025-10-13
44279,2025-10-06
44283,2025-10-27
44284,2025-12-12
44285,2026-01-06
44287,2026-04-21
44289,2026-04-24
44292,2026-04-20
44294,2025-12-12
44295,2025-12-05
44296,2025-08-04
44297,2025-12-05
44299,2025-12-12
44302,2025-12-05
44304,2026-04-06
44309,2025-11-05
44311,2025-11-19
44312,2025-11-11
44314,2025-12-12
44315,2025-07-02
44316,2025-07-09
44317,2025-08-04
44320,2025-12-12
44321,2025-11-11
44322,2025-07-21
44328,2025-08-04
44332,2025-11-11
44333,2026-04-23
44340,2025-11-18
44343,2025-11-25
44344,2025-11-19
44345,2025-11-26
44347,2026-01-16
44348,2026-04-24
44350,2025-07-10
44351,2025-07-22
44353,2026-04-21
44354,2026-04-21
44358,2025-12-12
44359,2025-08-21
44361,2026-01-06
44362,2026-01-06
44363,2026-04-27
44366,2025-12-12
44367,2026-01-21
44368,2025-09-26
44369,2025-12-05
44374,2025-12-05
44376,2025-12-19
44379,2025-08-04
44381,2026-06-16
44386,2025-11-28
44389,2025-12-05
44390,2025-12-12
44392,2025-11-05
44393,2026-05-25
44394,2025-12-16
44395,2025-11-05
44397,2025-11-19
44398,2026-03-23
44399,2025-12-12
44400,2026-05-04
44402,2025-08-01
44403,2026-02-02
44406,2026-02-17
44409,2025-12-05
44410,2026-06-18
44419,2026-04-24
44420,2025-12-19
44424,2025-11-05
44425,2025-11-18
44426,2025-12-09
44428,2025-11-18
44429,2025-12-19
44431,2025-12-05
44432,2026-04-27
44433,2025-07-10
44434,2026-04-06
44437,2025-11-05
44439,2025-12-23
44441,2026-05-25
44442,2026-01-28
44443,2025-12-09
44449,2026-02-09
44450,2025-07-17
44452,2025-08-04
44453,2025-10-27
44454,2025-10-27
44457,2025-10-06
44464,2026-01-08
44465,2025-10-06
44467,2025-07-31
44468,2025-12-05
44469,2026-01-16
44471,2026-03-30
44472,2026-01-16
44473,2025-12-19
44475,2025-11-18
44477,2025-12-09
44482,2025-08-18
44485,2025-12-23
44487,2026-01-22
44488,2025-11-18
44490,2026-01-22
44491,2025-11-11
44493,2026-04-20
44495,2026-06-18
44498,2026-04-24
44501,2026-04-21
44504,2025-12-19
44506,2025-12-19
44508,2025-12-05
44509,2025-10-06
44512,2026-01-27
44513,2025-12-19
44514,2025-12-05
44516,2025-07-28
44520,2025-07-04
44521,2026-03-09
44528,2025-12-23
44532,2025-07-16
44534,2026-01-29
44535,2025-12-23
44543,2025-07-23
44545,2025-08-18
44546,2025-12-19
44547,2026-04-24
44550,2026-01-16
44552,2026-05-25
44555,2025-12-16
44556,2026-02-10
44557,2025-07-09
44559,2025-08-04
44560,2025-08-21
44563,2025-08-04
44564,2026-01-16
44565,2025-08-05
44568,2026-04-23
44570,2025-12-19
44571,2026-01-16
44574,2025-12-19
44576,2025-08-05
44577,2026-04-24
44579,2025-11-19
44581,2025-12-19
44582,2026-03-05
44586,2025-09-26
44587,2025-09-19
44588,2025-12-19
44596,2025-12-05
44597,2025-12-23
44599,2025-12-19
44600,2026-01-16
44603,2026-01-16
44604,2025-10-13
44605,2025-12-05
44609,2026-01-16
44612,2025-12-23
44615,2025-11-25
44617,2025-11-18
44620,2025-12-23
44621,2025-12-23
44622,2026-01-27
44624,2026-01-27
44625,2025-11-18
44627,2026-01-28
44633,2025-11-18
44636,2026-05-11
44639,2025-12-23
44640,2025-11-19
44643,2025-12-09
44644,2025-11-18
44645,2025-11-19
44648,2025-08-04
44651,2025-11-19
44653,2025-11-19
44655,2025-12-09
44657,2025-12-09
44658,2025-12-09
44659,2025-12-09
44661,2025-11-25
44662,2025-12-23
44665,2025-10-27
44666,2025-12-22
44668,2025-10-20
44673,2025-11-10
44676,2025-11-18
44679,2025-12-19
44681,2025-12-19
44682,2026-03-04
44685,2025-12-23
44687,2025-11-25
44688,2025-08-05
44689,2025-07-21
44691,2026-04-20
44693,2026-05-25
44695,2025-12-19
44696,2026-05-11
44697,2026-04-20
44699,2025-12-05
44701,2026-05-25
44708,2026-04-20
44710,2026-05-25
44711,2026-01-22
44715,2025-11-25
44717,2026-01-16
44719,2025-12-23
44724,2025-12-19
44725,2026-03-30
44726,2025-10-27
44727,2026-04-24
44728,2025-12-19
44729,2026-01-16
44730,2026-01-16
44732,2026-01-16
44733,2026-05-11
44735,2026-05-08
44736,2026-05-04
44739,2025-09-08
44740,2026-01-16
44741,2026-05-11
44742,2026-02-04
44743,2025-08-14
44745,2025-08-14
44746,2025-08-12
44747,2025-08-12
44748,2025-08-12
44750,2025-12-02
44752,2025-12-02
44757,2025-08-05
44758,2025-11-26
44760,2025-12-24
44762,2025-08-12
44764,2025-08-26
44766,2025-12-19
44768,2025-08-05
44770,2026-02-04
44772,2026-01-20
44773,2025-08-05
44774,2025-12-05
44775,2025-12-19
44776,2026-01-16
44778,2026-05-25
44780,2025-09-29
44781,2025-12-02
44782,2025-08-05
44786,2026-01-16
44789,2025-08-12
44798,2026-01-16
44799,2026-01-16
44802,2025-08-20
44803,2025-11-19
44805,2025-12-19
44806,2026-01-16
44807,2026-01-16
44808,2026-04-23
44809,2026-01-28
44811,2026-02-05
44814,2025-10-31
44817,2026-04-24
44818,2026-01-05
44819,2025-12-05
44820,2025-08-26
44823,2025-11-19
44824,2025-11-19
44825,2026-04-24
44827,2025-08-05
44828,2025-11-19
44830,2025-12-02
44831,2025-11-18
44833,2025-11-19
44837,2026-05-04
44838,2026-03-23
44839,2025-10-31
44841,2025-12-19
44847,2026-01-28
44849,2026-04-21
44851,2026-01-09
44852,2026-01-23
44853,2026-01-09
44854,2026-04-24
44857,2025-12-02
44860,2025-12-19
44861,2025-08-12
44864,2025-12-15
44865,2025-12-29
44866,2025-08-12
44867,2025-08-05
44868,2026-06-02
44869,2025-12-26
44870,2025-07-07
44871,2025-08-13
44872,2025-08-05
44873,2025-08-05
44874,2025-08-12
44875,2025-08-05
44876,2025-07-30
44877,2025-12-05
44878,2025-12-05
44880,2025-12-23
44882,2025-11-07
44883,2026-02-10
44884,2026-01-20
44886,2025-11-19
44888,2025-08-12
44889,2026-04-21
44891,2026-01-30
44892,2026-01-23
44896,2025-08-20
44897,2026-01-28
44899,2025-09-30
44900,2025-12-19
44901,2025-08-26
44905,2026-01-09
44906,2025-12-19
44908,2025-12-05
44911,2025-08-05
44912,2026-01-09
44914,2026-05-04
44923,2025-08-05
44924,2026-01-09
44925,2025-12-19
44927,2025-08-05
44929,2025-08-26
44931,2025-08-05
44933,2025-08-12
44935,2025-11-19
44937,2025-08-12
44939,2025-07-15
44940,2026-04-24
44941,2025-08-12
44942,2025-11-25
44945,2026-01-23
44946,2025-12-26
44948,2025-08-12
44949,2025-08-12
44951,2025-11-03
44952,2025-12-19
44960,2025-12-19
44962,2025-10-30
44964,2026-04-24
44969,2026-01-23
44974,2026-03-04
44975,2026-04-24
44976,2026-02-05
44977,2025-11-25
44979,2025-11-25
44987,2025-12-02
44990,2025-11-10
44993,2025-12-02
44995,2026-04-21
44996,2025-12-02
44997,2025-12-23
45002,2025-12-02
45004,2025-10-14
45006,2025-08-06
45008,2025-07-14
45012,2025-11-28
45013,2025-12-05
45016,2025-11-25
45017,2025-11-25
45021,2025-11-25
45024,2026-01-20
45030,2026-01-09
45034,2026-05-15
45035,2025-10-14
45036,2026-01-20
45038,2026-01-09
45039,2025-12-19
45040,2026-05-04
45041,2025-08-06
45042,2026-04-24
45046,2025-10-31
45048,2026-04-24
45051,2026-01-23
45052,2026-01-09
45057,2026-01-09
45058,2026-01-29
45059,2025-12-22
45061,2025-08-19
45062,2025-12-19
45064,2025-08-19
45065,2025-12-05
45066,2025-10-13
45067,2025-10-27
45068,2025-10-13
45070,2025-11-10
45071,2026-01-19
45072,2025-12-22
45074,2025-11-10
45075,2026-01-23
45076,2026-04-13
45077,2025-07-10
45078,2025-12-19
45081,2025-11-26
45083,2025-12-19
45090,2025-12-26
45094,2025-11-10
45095,2025-07-01
45096,2025-09-26
45099,2025-09-19
45101,2025-09-29
45102,2025-10-31
45103,2025-06-09
45108,2025-08-26
45113,2025-09-30
45114,2026-01-20
45115,2025-08-06
45116,2026-01-09
45117,2026-01-09
45120,2026-05-11
45124,2026-01-27
45125,2025-12-02
45127,2025-12-02
45128,2025-11-25
45130,2026-04-27
45132,2026-05-18
45133,2026-04-20
45134,2026-05-11
45135,2025-10-31
45136,2026-04-27
45140,2026-06-03
45141,2025-08-05
45142,2025-08-20
45145,2025-08-06
45146,2025-12-05
45148,2026-01-09
45149,2026-05-15
45150,2026-01-09
45152,2025-12-19
45153,2026-01-09
45156,2026-01-09
45161,2025-11-25
45163,2026-01-23
45166,2025-08-19
45167,2026-01-23
45169,2026-01-09
45170,2025-08-19
45171,2025-11-25
45173,2025-12-02
45174,2025-12-02
45175,2025-12-02
45176,2025-12-02
45177,2025-11-25
45178,2026-04-06
45179,2025-08-26
45181,2025-12-02
45182,2026-05-04
45183,2025-08-19
45184,2026-05-11
45185,2025-12-19
45187,2025-12-19
45188,2025-12-19
45189,2026-01-27
45190,2025-12-19
45191,2025-12-02
45194,2025-08-06
45195,2025-08-06
45196,2026-02-05
45198,2026-06-18
45201,2026-05-11
45203,2026-01-23
45207,2025-08-12
45209,2025-07-09
45212,2025-12-02
45218,2026-01-09
45222,2025-12-05
45223,2025-12-19
45224,2026-01-27
45225,2025-12-02
45226,2025-08-05
45228,2026-02-04
45230,2025-12-02
45232,2025-12-19
45234,2026-01-09
45235,2026-05-18
45236,2026-04-17
45237,2025-12-26
45238,2025-12-19
45241,2025-12-26
45243,2026-04-24
45244,2025-08-11
45249,2025-11-19
45259,2025-12-19
45260,2026-05-11
45261,2025-10-07
45263,2026-04-13
45265,2025-12-19
45267,2025-08-19
45270,2025-11-19
45275,2025-12-22
45276,2026-06-02
45277,2026-01-30
45278,2025-12-19
45279,2025-12-02
45281,2025-08-19
45283,2025-12-02
45284,2026-01-23
45286,2025-11-11
45288,2026-01-27
45289,2025-12-02
45291,2025-11-25
45292,2026-04-21
45293,2025-11-19
45294,2026-01-27
45295,2026-01-27
45296,2026-01-09
45297,2025-12-02
45299,2025-10-13
45301,2025-12-26
45302,2025-08-19
45305,2026-05-11
45306,2025-12-03
45307,2025-12-03
45308,2026-01-27
45309,2026-01-09
45312,2025-12-03
45313,2025-12-03
45315,2025-11-19
45318,2025-12-03
45320,2025-12-03
45323,2025-11-28
45327,2025-08-11
45328,2025-12-19
45329,2025-10-06
45333,2026-01-09
45334,2025-08-19
45336,2026-01-09
45337,2025-12-19
45338,2025-12-19
45339,2026-01-20
45341,2025-12-19
45342,2025-12-19
45343,2025-08-19
45347,2025-12-19
45349,2025-08-11
45358,2025-12-19
45359,2025-11-25
45361,2026-05-04
45362,2026-04-21
45364,2026-04-06
45369,2025-12-03
45370,2025-11-26
45372,2025-12-19
45375,2026-04-21
45376,2025-09-08
45377,2026-04-27
45378,2025-12-19
45379,2026-01-20
45382,2025-08-26
45384,2025-08-19
45385,2025-11-19
45391,2025-11-25
45392,2025-11-25
45395,2025-08-05
45397,2025-11-25
45399,2025-11-19
45401,2025-11-26
45407,2026-03-19
45408,2026-03-25
45410,2025-12-19
45412,2025-12-22
45414,2025-11-10
45415,2025-12-02
45420,2025-12-02
45422,2025-12-02
45425,2026-01-09
45428,2025-07-21
45432,2025-08-05
45433,2025-12-26
45434,2026-04-06
45435,2026-03-30
45437,2026-05-11
45440,2026-01-09
45442,2026-05-11
45444,2026-01-23
45445,2026-05-11
45446,2026-01-09
45447,2026-05-04
45448,2026-04-27
45451,2025-12-26
45456,2026-04-20
45462,2025-12-26
45465,2026-01-09
45466,2026-01-02
45467,2025-12-05
45470,2026-04-24
45474,2026-04-24
45476,2025-12-02
45477,2025-12-02
45479,2026-01-07
45480,2026-04-24
45483,2025-09-30
45484,2025-11-10
45486,2026-01-30
45487,2025-08-25
45488,2026-01-09
45490,2025-12-02
45491,2026-04-01
45495,2025-11-03
45496,2025-11-17
45497,2026-01-09
45500,2026-01-09
45503,2026-01-09
45504,2025-11-10
45507,2026-01-09
45510,2026-01-20
45511,2026-01-09
45517,2026-01-23
45518,2025-11-26
45520,2025-12-03
45522,2025-08-13
45525,2025-10-31
45529,2026-04-10
45530,2026-01-20
45531,2026-01-09
45534,2026-01-30
45535,2025-11-03
45540,2026-01-23
45541,2026-01-30
45542,2026-04-10
45549,2025-12-03
45550,2025-11-25
45552,2025-12-03
45553,2025-12-03
45554,2025-12-03
45555,2025-11-25
45556,2025-11-25
45557,2025-11-25
45560,2025-12-03
45561,2025-12-03
45562,2025-12-03
45567,2025-11-25
45568,2025-12-03
45569,2025-08-13
45572,2025-12-03
45573,2025-12-03
45576,2025-12-03
45579,2025-12-03
45583,2025-08-06
45584,2026-01-28
45585,2025-08-13
45586,2025-08-06
45587,2025-11-25
45589,2025-12-09
45593,2025-11-25
45594,2025-12-09
45596,2026-01-30
45597,2025-12-09
45599,2025-11-10
45600,2025-12-09
45602,2025-10-31
45603,2026-05-04
45605,2025-12-05
45608,2025-11-19
45609,2025-12-09
45610,2025-12-16
45611,2025-12-16
45614,2025-11-19
45621,2025-12-02
45622,2025-11-26
45624,2026-04-10
45625,2025-08-13
45626,2025-08-13
45627,2025-08-13
45628,2025-08-13
45629,2025-08-13
45630,2025-08-13
45632,2025-11-26
45635,2025-12-02
45636,2025-08-05
45639,2025-07-31
45640,2026-04-01
45642,2025-08-13
45645,2026-01-23
45646,2025-08-13
45650,2026-04-10
45651,2026-01-30
45654,2026-01-30
45655,2026-04-10
45658,2025-09-03
45659,2025-08-13
45661,2025-08-06
45664,2026-05-25
45666,2026-01-09
45667,2026-01-09
45668,2026-05-04
45669,2026-04-21
45672,2026-05-11
45673,2026-04-10
45677,2026-02-06
45680,2025-11-26
45682,2025-08-05
45686,2026-02-06
45687,2025-11-19
45688,2026-01-20
45689,2025-12-02
45690,2025-12-02
45692,2025-08-13
45693,2025-08-05
45694,2025-08-13
45696,2026-04-24
45697,2025-12-26
45698,2025-08-13
45699,2026-01-09
45700,2025-08-26
45701,2026-02-06
45702,2026-01-09
45704,2025-11-26
45706,2026-01-09
45708,2025-11-26
45709,2026-04-21
45713,2025-09-01
45714,2025-08-22
45716,2026-02-06
45717,2026-01-30
45718,2026-04-10
45719,2025-09-03
45720,2025-12-26
45722,2025-09-03
45724,2025-08-13
45725,2025-11-19
45727,2025-11-19
45729,2025-11-19
45730,2025-12-02
45732,2025-09-03
45733,2026-05-11
45734,2025-12-23
45735,2025-12-02
45736,2025-11-19
45739,2025-12-02
45744,2025-12-23
45746,2025-11-26
45747,2025-12-23
45751,2025-12-03
45753,2025-08-06
45754,2026-01-09
45756,2025-11-25
45758,2025-12-03
45759,2025-12-22
45760,2025-12-03
45761,2025-12-23
45764,2025-12-03
45766,2026-05-11
45767,2026-03-12
45768,2026-04-21
45773,2026-01-09
45774,2026-04-10
45777,2025-11-25
45782,2026-05-04
45783,2026-01-09
45787,2026-04-10
45788,2025-12-23
45789,2026-04-10
45794,2026-01-09
45795,2025-09-03
45800,2025-11-25
45802,2026-01-09
45807,2026-04-21
45808,2025-12-09
45811,2025-07-10
45812,2026-01-09
45814,2025-11-10
45815,2025-11-10
45816,2025-11-03
45817,2025-11-03
45819,2025-11-03
45820,2025-11-10
45822,2026-03-12
45825,2026-02-26
45826,2026-04-21
45827,2025-11-25
45828,2025-11-17
45830,2025-11-28
45831,2025-11-28
45832,2025-08-13
45837,2026-04-24
45838,2026-01-20
45842,2026-04-21
45843,2026-04-21
45846,2025-09-30
45848,2025-08-13
45849,2026-01-09
45851,2026-01-09
45853,2025-08-06
45854,2025-09-02
45856,2025-11-03
45857,2025-12-09
45860,2026-04-21
45863,2025-08-13
45867,2025-11-26
45868,2025-11-03
45869,2026-01-28
45872,2026-04-21
45874,2026-01-09
45877,2025-08-13
45880,2025-08-07
45881,2025-08-13
45882,2025-08-13
45883,2025-08-13
45887,2025-12-19
45888,2025-12-19
45889,2025-12-09
45890,2025-12-23
45891,2025-11-17
45892,2025-08-13
45894,2026-03-18
45896,2026-01-09
45901,2025-11-17
45903,2025-10-17
45909,2025-08-07
45910,2025-08-07
45913,2026-01-20
45914,2026-01-09
45916,2026-01-28
45917,2026-01-09
45918,2025-11-03
45919,2025-08-11
45921,2026-05-25
45922,2026-04-21
45924,2025-11-27
45928,2026-05-04
45929,2026-04-21
45930,2026-04-21
45931,2026-04-27
45932,2026-04-13
45934,2026-01-09
45935,2026-04-21
45936,2025-08-13
45941,2026-04-13
45942,2026-01-08
45943,2026-04-13
45946,2025-08-11
45949,2026-05-04
45950,2026-05-04
45951,2026-04-06
45952,2026-04-13
45953,2025-10-27
45954,2025-06-16
45960,2026-02-04
45963,2025-12-19
45967,2026-04-20
45968,2026-01-09
45970,2026-05-04
45973,2025-08-11
45977,2026-04-24
45978,2025-08-18
45979,2025-10-13
45981,2026-04-21
45982,2025-08-13
45983,2025-12-19
45984,2025-12-19
45985,2026-01-09
45987,2025-09-03
45988,2026-04-13
45989,2026-04-21
45990,2025-08-11
45993,2026-01-09
45994,2025-12-19
45999,2025-11-03
46000,2025-12-02
46005,2025-11-03
46007,2026-01-09
46010,2025-11-03
46011,2025-12-02
46012,2025-11-17
46015,2025-11-03
46018,2026-02-04
46019,2026-02-04
46020,2026-01-09
46022,2026-03-30
46025,2026-02-04
46026,2026-01-27
46030,2025-11-03
46033,2026-05-15
46034,2025-12-19
46035,2025-08-13
46037,2026-05-04
46039,2026-04-21
46042,2025-08-12
46043,2026-01-20
46044,2026-02-04
46048,2026-01-09
46051,2025-12-19
46053,2025-12-19
46055,2025-12-19
46056,2026-01-09
46057,2026-01-09
46060,2026-01-09
46061,2026-04-21
46062,2026-06-01
46065,2026-04-21
46066,2025-11-03
46068,2026-01-28
46069,2025-10-13
46070,2026-01-20
46075,2026-05-04
46077,2026-02-04
46080,2025-11-17
46082,2025-11-17
46083,2025-11-03
46084,2026-04-13
46086,2026-04-24
46088,2025-09-30
46089,2025-10-16
46090,2026-06-17
46096,2026-01-20
46097,2026-05-25
46098,2026-02-04
46101,2025-08-11
46104,2026-04-20
46105,2025-09-01
46106,2025-09-30
46107,2026-01-28
46110,2025-11-03
46111,2025-08-11
46114,2026-01-28
46115,2025-08-11
46116,2025-08-12
46120,2026-02-05
46121,2025-12-26
46122,2026-01-09
46124,2026-01-09
46125,2025-11-17
46126,2025-08-12
46129,2026-02-03
46130,2025-12-02
46132,2025-12-19
46134,2025-08-12
46135,2025-09-01
46136,2025-12-26
46137,2025-06-02
46138,2025-06-09
46142,2026-02-24
46143,2025-08-12
46145,2025-08-12
46150,2025-12-02
46153,2025-12-02
46157,2025-12-03
46158,2025-11-17
46161,2025-08-19
46163,2026-04-21
46164,2025-12-19
46165,2026-01-09
46171,2026-02-16
46179,2025-12-22
46181,2026-01-27
46183,2025-11-17
46184,2025-11-17
46185,2025-10-27
46187,2025-10-06
46188,2026-02-09
46189,2025-08-19
46191,2026-05-25
46193,2025-09-01
46194,2026-01-09
46197,2025-12-03
46198,2025-11-03
46202,2025-12-03
46204,2025-12-03
46205,2025-12-09
46207,2026-01-09
46208,2025-07-04
46209,2025-12-09
46211,2026-01-27
46213,2026-02-05
46214,2025-11-10
46215,2026-04-21
46217,2026-01-09
46218,2026-05-04
46219,2026-01-09
46222,2025-12-19
46223,2025-07-11
46226,2025-12-19
46228,2025-12-19
46229,2025-12-09
46230,2026-01-27
46232,2026-01-09
46235,2026-02-05
46237,2026-01-23
46240,2025-09-03
46241,2025-08-12
46242,2025-12-26
46243,2026-01-09
46245,2026-01-09
46246,2026-04-21
46247,2025-11-28
46248,2025-07-18
46250,2026-02-03
46251,2026-01-20
46253,2026-01-20
46255,2025-12-26
46258,2025-12-19
46260,2026-04-27
46261,2025-12-19
46264,2025-11-10
46266,2025-11-10
46267,2025-12-03
46268,2025-08-22
46269,2026-01-09
46271,2026-01-23
46272,2025-08-19
46273,2025-08-08
46274,2026-01-09
46275,2025-12-19
46276,2026-01-09
46277,2025-08-12
46278,2026-04-13
46279,2025-10-31
46280,2025-12-03
46282,2026-04-24
46284,2025-07-18
46285,2026-01-23
46286,2025-09-12
46287,2025-09-08
46288,2025-08-22
46294,2025-07-04
46296,2025-11-28
46298,2025-10-31
46299,2025-09-19
46303,2026-03-16
46304,2025-04-25
46305,2025-09-29
46306,2025-10-20
46308,2026-04-27
46311,2025-08-12
46313,2025-09-04
46314,2025-06-30
46320,2025-12-26
46322,2026-04-21
46323,2025-12-19
46324,2026-01-09
46325,2025-08-19
46329,2026-01-09
46331,2025-08-19
46332,2025-08-19
46334,2025-12-19
46339,2026-01-09
46340,2026-01-09
46342,2025-12-19
46343,2026-05-15
46344,2026-01-09
46347,2025-08-19
46350,2026-02-09
46351,2025-12-19
46354,2025-10-31
46355,2025-12-26
46357,2025-08-07
46361,2026-03-04
46362,2025-11-24
46363,2026-03-26
46365,2026-03-11
46366,2025-11-24
46370,2025-11-03
46372,2026-05-11
46373,2026-01-09
46374,2026-04-24
46375,2025-08-12
46376,2025-08-12
46378,2026-01-09
46380,2025-12-05
46381,2026-01-09
46383,2025-09-02
46384,2025-12-29
46385,2025-12-19
46386,2026-01-09
46387,2026-03-18
46388,2025-08-13
46390,2025-08-13
46391,2025-08-13
46392,2025-08-13
46394,2025-09-12
46396,2025-08-20
46397,2025-08-13
46401,2026-01-23
46402,2026-01-09
46403,2026-04-21
46413,2026-01-09
46415,2026-01-23
46421,2025-12-19
46423,2025-12-26
46424,2026-01-23
46426,2025-11-17
46427,2025-11-17
46429,2025-12-03
46431,2025-11-10
46432,2026-02-26
46434,2026-05-11
46435,2026-01-02
46437,2026-04-14
46439,2026-04-08
46443,2025-11-07
46446,2025-09-01
46448,2025-12-03
46450,2025-11-17
46452,2026-01-20
46453,2026-02-03
46454,2025-08-13
46455,2025-12-03
46456,2025-11-17
46457,2026-01-02
46461,2025-11-10
46463,2025-11-10
46464,2025-11-10
46465,2026-01-09
46466,2025-11-10
46467,2025-11-24
46470,2025-12-03
46473,2025-11-10
46479,2026-04-24
46480,2026-01-02
46481,2025-08-20
46484,2025-12-03
46485,2026-01-20
46488,2026-04-14
46489,2026-01-09
46490,2026-01-02
46492,2026-02-09
46493,2025-11-24
46495,2025-09-01
46497,2025-06-10
46501,2026-01-23
46505,2025-12-03
46506,2025-12-03
46507,2025-11-03
46510,2026-05-04
46511,2026-05-04
46512,2026-05-25
46513,2025-08-05
46514,2025-08-13
46517,2026-01-30
46520,2026-01-09
46522,2026-05-11
46528,2026-03-18
46530,2026-04-14
46531,2026-04-23
46534,2026-05-25
46535,2026-01-02
46537,2026-01-02
46539,2025-11-24
46541,2025-11-24
46542,2025-11-24
46546,2025-09-30
46549,2025-08-13
46550,2026-04-14
46551,2026-01-09
46554,2026-01-09
46556,2025-08-13
46557,2026-01-23
46558,2026-01-09
46559,2026-01-23
46561,2026-01-09
46562,2025-08-13
46563,2025-08-13
46564,2026-01-23
46567,2026-03-11
46574,2025-08-13
46576,2026-01-23
46577,2026-01-02
46579,2026-01-23
46580,2025-11-24
46582,2026-01-09
46583,2026-01-09
46584,2026-05-25
46586,2026-05-21
46591,2025-08-18
46592,2026-04-20
46594,2026-02-25
46597,2025-10-06
46599,2026-05-25
46601,2026-01-30
46603,2026-01-02
46604,2026-01-09
46605,2025-10-31
46606,2026-01-09
46607,2026-02-09
46608,2026-04-21
46609,2025-08-18
46610,2026-03-30
46611,2025-08-05
46612,2026-01-02
46614,2025-10-14
46615,2026-04-14
46616,2026-04-14
46618,2026-01-23
46619,2025-09-03
46620,2026-04-24
46621,2026-01-09
46622,2026-01-23
46623,2025-09-02
46624,2025-07-04
46625,2026-04-14
46626,2025-07-14
46629,2026-01-30
46630,2026-01-02
46631,2025-08-18
46633,2025-11-24
46634,2025-08-18
46636,2026-04-27
46638,2026-01-09
46639,2025-08-18
46642,2026-01-09
46643,2026-06-10
46646,2025-08-05
46648,2025-11-24
46649,2025-09-02
46651,2026-01-23
46654,2025-12-03
46656,2026-04-24
46657,2026-05-18
46659,2026-01-09
46660,2026-01-09
46663,2026-01-23
46664,2026-05-11
46667,2025-12-03
46670,2025-11-11
46671,2026-02-09
46672,2026-02-09
46673,2026-01-23
46674,2026-05-11
46675,2026-01-02
46677,2025-11-17
46679,2025-11-24
46680,2025-08-18
46682,2026-01-23
46683,2026-01-09
46684,2025-08-05
46685,2025-11-24
46686,2026-04-14
46688,2026-04-14
46689,2026-02-05
46690,2025-08-05
46691,2025-09-03
46692,2026-05-11
46695,2026-05-25
46697,2026-04-27
46698,2026-01-08
46699,2026-03-30
46702,2026-05-18
46703,2026-04-21
46704,2026-01-23
46707,2026-01-09
46708,2025-12-03
46709,2026-01-09
46710,2026-01-09
46711,2026-01-09
46712,2025-08-26
46713,2025-09-02
46714,2025-09-30
46715,2026-04-27
46716,2026-01-09
46717,2026-01-09
46719,2026-04-21
46720,2026-01-09
46723,2026-05-08
46725,2026-04-24
46730,2026-01-30
46731,2026-01-09
46733,2025-09-19
46734,2026-04-13
46735,2026-03-04
46741,2025-12-03
46745,2025-08-06
46746,2026-04-06
46748,2025-07-11
46749,2025-08-06
46750,2026-01-09
46751,2026-01-09
46753,2026-01-09
46754,2025-08-06
46755,2026-05-15
46757,2026-05-11
46758,2026-04-06
46759,2025-08-26
46760,2026-01-09
46763,2026-01-09
46764,2025-08-06
46767,2026-01-09
46768,2025-11-17
46769,2025-12-03
46773,2025-12-03
46775,2026-01-09
46776,2026-01-02
46777,2026-01-16
46779,2026-01-02
46780,2025-07-04
46782,2026-01-02
46785,2025-12-17
46786,2026-01-16
46787,2025-11-26
46788,2026-01-23
46790,2026-01-23
46791,2025-08-18
46794,2026-04-24
46795,2025-08-26
46796,2026-01-02
46797,2026-01-16
46802,2026-01-30
46803,2026-01-02
46805,2026-05-11
46807,2025-11-17
46809,2025-12-17
46810,2026-04-13
46811,2025-12-03
46812,2026-01-16
46814,2026-02-05
46817,2026-01-02
46818,2026-01-02
46821,2026-03-05
46822,2026-05-04
46825,2026-04-27
46827,2025-12-03
46828,2025-11-12
46831,2025-12-03
46836,2025-08-18
46843,2025-08-06
46844,2025-08-06
46845,2025-08-18
46847,2026-04-06
46849,2026-04-06
46850,2026-05-11
46854,2026-05-04
46855,2026-05-15
46857,2026-05-04
46859,2025-08-18
46861,2025-08-26
46864,2026-06-17
46865,2026-04-06
46866,2025-08-06
46867,2026-02-24
46868,2026-02-17
46871,2025-08-06
46872,2025-07-11
46874,2025-09-02
46875,2025-08-18
46876,2026-04-24
46877,2026-01-02
46878,2026-02-25
46879,2025-07-04
46883,2025-11-17
46885,2025-11-17
46886,2025-08-06
46890,2025-12-17
46891,2025-12-17
46895,2025-11-17
46896,2025-12-17
46897,2025-12-03
46898,2025-12-17
46899,2025-12-03
46900,2025-12-17
46902,2025-12-17
46903,2026-01-16
46904,2026-02-10
46909,2025-12-17
46913,2026-01-02
46915,2026-05-15
46916,2026-01-16
46918,2026-01-02
46919,2026-01-16
46920,2026-05-11
46921,2025-08-06
46925,2025-09-02
46926,2026-01-16
46927,2026-04-24
46929,2026-01-02
46931,2025-08-26
46932,2025-11-26
46933,2026-01-02
46934,2026-05-25
46935,2026-01-16
46936,2026-03-30
46937,2026-05-15
46938,2026-01-07
46939,2025-12-03
46940,2025-11-17
46941,2026-01-02
46943,2026-01-30
46944,2026-05-15
46949,2025-11-24
46952,2025-12-03
46956,2025-12-05
46959,2025-08-06
46961,2026-01-23
46962,2026-01-02
46963,2026-01-02
46965,2025-08-18
46967,2026-01-23
46968,2026-02-03
46969,2025-08-07
46970,2025-08-07
46971,2025-11-24
46972,2025-08-07
46974,2026-01-23
46976,2026-01-23
46979,2025-12-16
46980,2026-01-23
46981,2025-11-17
46982,2026-01-23
46985,2026-04-24
46989,2026-01-30
46991,2026-01-16
46993,2026-01-30
46995,2026-01-16
46996,2025-08-07
46998,2026-01-02
46999,2026-04-24
47000,2026-04-24
47001,2026-01-02
47002,2026-05-15
47004,2026-01-02
47005,2026-03-30
47006,2026-03-30
47007,2026-04-10
47008,2026-01-16
47010,2026-01-30
47011,2026-01-16
47013,2026-01-16
47014,2026-04-17
47015,2025-08-07
47018,2026-01-02
47019,2025-09-02
47020,2026-04-10
47021,2026-01-30
47022,2026-01-16
47024,2026-04-20
47025,2025-08-11
47026,2025-11-03
47033,2026-04-10
47036,2025-11-03
47038,2025-11-17
47039,2025-11-17
47041,2026-03-25
47043,2026-04-23
47045,2025-12-03
47048,2025-08-18
47050,2026-01-16
47056,2025-12-03
47058,2026-01-02
47059,2026-01-02
47062,2026-04-10
47063,2026-01-30
47064,2026-01-02
47069,2025-12-03
47070,2026-03-30
47071,2026-01-02
47073,2026-01-02
47074,2026-01-16
47075,2026-01-16
47076,2026-05-04
47077,2026-01-16
47079,2026-05-04
47083,2026-01-16
47086,2025-12-03
47089,2025-12-03
47090,2026-01-16
47092,2025-12-03
47093,2025-12-03
47094,2025-12-03
47096,2026-04-14
47101,2025-12-16
47104,2025-11-25
47106,2025-11-25
47107,2025-12-16
47110,2026-01-16
47111,2025-08-11
47113,2026-04-24
47117,2026-04-14
47118,2026-05-04
47119,2025-11-25
47123,2025-12-16
47124,2025-12-17
47127,2026-04-24
47129,2026-01-16
47131,2025-12-17
47133,2026-04-27
47134,2025-08-25
47137,2025-09-30
47138,2026-05-15
47140,2025-11-25
47142,2025-12-16
47149,2026-01-16
47150,2025-09-03
47151,2025-09-16
47154,2025-10-29
47156,2026-01-02
47157,2025-08-11
47159,2025-12-17
47161,2025-11-26
47165,2026-03-05
47166,2025-12-16
47169,2026-05-08
47176,2026-01-16
47177,2026-04-10
47180,2025-11-25
47182,2025-12-16
47183,2025-12-16
47186,2025-12-03
47187,2025-11-25
47195,2026-01-30
47197,2025-12-03
47200,2025-12-03
47203,2026-03-25
47205,2026-01-30
47211,2026-02-06
47212,2026-01-16
47216,2026-01-30
47217,2026-01-16
47222,2026-01-02
47223,2025-11-03
47225,2026-05-04
47226,2026-04-06
47230,2025-11-17
47232,2026-01-16
47237,2026-01-16
47239,2026-01-30
47240,2026-02-13
47242,2026-01-16
47243,2026-02-06
47245,2026-04-21
47254,2026-04-24
47255,2026-01-16
47257,2025-08-11
47259,2025-11-25
47260,2026-01-02
47263,2025-08-11
47264,2025-08-18
47265,2025-08-18
47267,2025-08-11
47269,2026-02-06
47276,2026-04-10
47277,2025-09-30
47278,2026-04-10
47281,2026-05-15
47282,2026-02-06
47283,2025-09-02
47286,2025-08-25
47287,2026-01-02
47290,2025-08-25
47291,2025-10-23
47292,2025-08-25
47293,2026-01-30
47294,2025-09-03
47295,2025-08-18
47297,2025-11-03
47298,2025-09-24
47299,2026-05-04
47300,2026-02-13
47301,2026-01-16
47303,2026-01-02
47304,2025-10-03
47305,2026-01-30
47308,2025-08-18
47314,2025-12-10
47315,2025-12-09
47317,2025-12-09
47318,2025-12-09
47324,2026-01-02
47325,2025-08-11
47326,2025-12-09
47329,2026-04-24
47333,2026-01-02
47336,2026-04-20
47337,2025-11-25
47343,2025-11-03
47344,2025-12-09
47347,2026-06-17
47348,2025-08-21
47350,2026-03-05
47352,2026-03-18
47353,2025-08-27
47355,2025-08-18
47360,2026-01-16
47362,2025-08-11
47364,2025-08-11
47365,2026-01-02
47366,2025-08-11
47367,2026-04-01
47372,2025-09-02
47375,2025-08-11
47377,2025-08-11
47378,2025-09-02
47380,2026-01-16
47381,2025-08-12
47382,2026-01-16
47383,2025-08-12
47387,2025-08-18
47392,2025-12-09
47394,2025-08-20
47395,2025-08-25
47396,2025-08-20
47397,2025-08-12
47398,2026-02-20
47399,2026-05-04
47402,2025-10-22
47403,2026-04-24
47404,2026-01-16
47407,2026-04-17
47408,2026-01-30
47410,2026-05-04
47414,2025-08-20
47415,2025-08-20
47419,2025-12-22
47422,2025-12-05
47423,2025-08-22
47424,2025-07-16
47427,2026-01-30
47428,2026-01-30
47429,2026-02-20
47435,2025-11-17
47438,2025-11-17
47445,2025-09-03
47446,2026-02-27
47447,2026-02-20
47449,2025-11-06
47450,2025-09-12
47454,2025-12-12
47455,2025-10-31
47459,2026-03-02
47461,2025-12-12
47462,2025-08-22
47464,2025-12-12
47466,2025-10-29
47468,2025-09-03
47469,2026-01-30
47470,2025-09-02
47471,2025-12-08
47472,2026-02-10
47474,2026-01-30
47479,2026-02-27
47481,2025-09-03
47484,2026-01-30
47485,2025-08-27
47488,2026-04-24
47492,2025-09-03
47493,2026-02-10
47496,2026-01-30
47499,2025-09-08
47500,2026-03-04
47501,2025-12-09
47502,2026-04-08
47503,2025-09-03
47504,2026-05-15
47505,2025-11-17
47506,2026-02-27
47507,2025-08-27
47509,2025-10-22
47510,2025-08-27
47514,2026-05-15
47520,2026-05-15
47524,2026-01-30
47525,2026-01-30
47527,2026-02-13
47528,2026-01-30
47530,2025-11-17
47531,2026-02-17
47535,2026-06-03
47540,2025-12-24
47545,2025-12-09
47547,2025-12-24
47555,2026-04-01
47556,2025-12-24
47557,2025-12-10
47561,2025-12-10
47562,2025-12-10
47563,2025-12-10
47566,2025-12-24
47569,2025-12-10
47570,2025-12-10
47578,2026-06-04
47580,2025-12-10
47587,2025-08-04
47589,2025-09-10
47592,2026-01-30
47593,2026-01-30
47594,2025-12-17
47598,2026-05-19
47600,2026-02-20
47604,2026-06-18
47609,2025-12-24
47612,2026-02-06
47613,2025-11-28
47614,2025-09-02
47618,2026-03-30
47619,2025-10-31
47623,2026-01-16
47627,2026-05-15
47628,2025-12-23
47629,2025-12-31
47631,2026-01-16
47633,2025-12-31
47634,2025-11-17
47636,2025-12-31
47640,2025-08-12
47641,2025-11-17
47643,2026-01-30
47645,2026-02-27
47646,2026-05-04
47647,2026-04-27
47648,2025-07-18
47649,2026-05-04
47651,2025-08-05
47653,2025-11-24
47654,2025-08-27
47655,2025-09-08
47656,2025-09-08
47658,2026-05-11
47660,2026-04-24
47661,2026-02-09
47662,2026-03-05
47663,2025-12-22
47664,2025-12-08
47665,2025-11-24
47666,2025-09-08
47667,2026-02-12
47669,2025-12-24
47670,2026-03-04
47673,2025-08-27
47677,2026-01-30
47678,2025-09-19
47679,2025-06-11
47681,2025-09-19
47682,2025-06-11
47683,2025-12-05
47686,2025-10-03
47692,2025-08-20
47693,2026-04-17
47695,2026-01-30
47698,2025-12-10
47699,2025-12-10
47700,2025-12-24
47703,2025-11-24
47707,2025-11-24
47709,2025-11-03
47711,2025-12-08
47712,2026-04-08
47713,2026-02-13
47718,2026-01-30
47720,2025-12-10
47722,2025-12-24
47723,2025-11-18
47724,2025-08-27
47725,2025-09-04
47727,2025-08-27
47728,2025-11-24
47732,2025-09-04
47733,2025-09-04
47736,2025-12-31
47738,2025-08-20
47739,2026-01-30
47740,2026-04-15
47741,2026-04-08
47743,2025-12-31
47746,2026-02-20
47747,2025-12-24
47748,2025-12-24
47749,2025-12-10
47750,2026-02-13
47751,2025-12-10
47755,2025-12-31
47756,2025-09-04
47758,2025-12-10
47759,2025-12-24
47760,2025-12-10
47764,2026-02-10
47769,2026-02-06
47771,2026-03-06
47775,2025-08-20
47777,2026-02-06
47778,2026-02-06
47783,2025-09-04
47787,2026-04-17
47788,2026-02-20
47789,2026-04-24
47794,2025-12-24
47796,2025-12-24
47797,2026-02-06
47798,2025-12-24
47801,2025-12-10
47802,2025-12-10
47803,2025-09-04
47804,2025-12-24
47810,2025-09-04
47812,2026-01-16
47815,2025-09-04
47818,2025-08-20
47819,2025-09-04
47820,2026-02-27
47824,2026-01-27
47828,2026-04-28
47829,2026-04-01
47834,2025-12-31
47838,2025-12-24
47841,2025-08-20
47842,2025-12-24
47845,2025-12-24
47847,2026-02-13
47848,2025-08-20
47850,2026-04-24
47851,2025-10-31
47852,2025-09-29
47853,2026-05-08
47861,2025-09-03
47862,2025-08-20
47864,2025-09-03
47865,2025-12-24
47866,2025-09-03
47868,2025-08-20
47871,2025-08-20
47874,2026-04-17
47878,2026-01-30
47879,2026-04-24
47885,2026-05-25
47887,2025-11-17
47890,2026-01-16
47892,2026-02-10
47893,2026-04-13
47895,2026-02-10
47896,2025-12-24
47897,2026-01-02
47900,2026-01-23
47905,2025-08-20
47906,2025-09-03
47907,2025-08-12
47909,2026-02-06
47911,2026-05-08
47912,2026-01-27
47917,2025-12-24
47919,2026-02-10
47921,2025-06-02
47926,2025-12-09
47928,2025-12-09
47931,2026-02-10
47932,2026-02-10
47934,2026-02-10
47935,2026-02-13
47936,2026-01-23
47938,2026-02-10
47941,2025-12-09
47942,2025-12-09
47943,2026-02-10
47947,2026-01-23
47948,2026-02-13
47949,2026-02-10
47950,2026-02-27
47951,2026-04-16
47954,2025-12-09
47959,2026-02-13
47960,2026-02-10
47963,2025-11-24
47965,2026-05-08
47968,2026-02-18
47969,2026-02-03
47970,2026-01-23
47972,2026-04-17
47976,2025-11-03
47978,2025-09-03
47980,2025-10-31
47981,2025-08-25
47982,2026-02-06
47983,2025-11-24
47984,2026-02-20
47985,2025-12-22
47986,2025-12-22
47987,2026-05-08
47991,2026-02-20
47993,2025-08-20
47995,2025-09-03
47996,2025-09-03
47997,2025-08-20
47998,2025-09-03
48003,2025-12-09
48004,2025-12-09
48006,2026-03-18
48007,2026-02-25
48008,2026-02-18
48011,2026-02-24
48012,2025-12-09
48016,2025-12-09
48017,2026-04-17
48019,2025-12-09
48020,2026-02-18
48021,2025-12-09
48022,2026-02-20
48025,2025-09-03
48029,2025-12-08
48033,2025-10-22
48037,2025-12-09
48039,2026-03-11
48040,2025-12-09
48041,2025-12-09
48044,2026-04-17
48045,2026-02-13
48047,2026-04-24
48049,2026-01-23
48050,2026-04-21
48052,2025-08-20
48054,2025-09-03
48056,2025-08-20
48059,2025-08-25
48060,2026-05-08
48064,2026-02-27
48065,2025-09-03
48069,2026-02-27
48070,2025-09-03
48072,2025-10-22
48073,2025-12-09
48074,2026-01-23
48078,2025-12-09
48079,2026-03-11
48081,2026-03-03
48086,2025-09-23
48088,2025-09-24
48089,2025-10-22
48091,2025-10-22
48092,2025-08-25
48093,2025-12-10
48094,2025-09-24
48095,2026-03-11
48101,2026-03-11
48102,2025-09-24
48105,2025-12-10
48106,2026-06-15
48107,2025-12-08
48108,2026-03-03
48109,2026-03-03
48110,2026-02-13
48111,2026-02-06
48114,2025-08-25
48115,2025-09-24
48116,2026-01-02
48118,2026-02-06
48121,2025-12-10
48125,2025-08-20
48126,2025-11-28
48129,2025-08-20
48130,2025-09-19
48131,2026-05-13
48133,2025-09-03
48134,2025-12-08
48137,2026-03-04
48142,2026-01-27
48145,2026-04-17
48146,2025-12-08
48148,2026-01-19
48150,2025-12-08
48151,2025-12-08
48154,2025-12-10
48156,2026-02-27
48158,2026-01-23
48159,2026-01-30
48163,2025-09-02
48164,2025-11-18
48165,2025-12-10
48167,2026-02-27
48170,2026-04-23
48171,2026-02-10
48172,2025-12-16
48173,2025-12-10
48174,2025-12-24
48175,2025-12-10
48176,2025-12-16
48177,2025-12-16
48181,2026-01-23
48184,2026-02-13
48186,2026-02-06
48188,2026-04-24
48189,2026-03-06
48190,2026-02-27
48193,2026-02-20
48197,2026-02-10
48199,2025-09-24
48201,2026-02-13
48203,2025-12-24
48204,2025-11-03
48207,2025-12-16
48209,2025-12-16
48210,2025-12-16
48211,2025-12-16
48212,2025-12-16
48214,2025-12-16
48218,2025-12-16
48219,2025-12-10
48221,2026-03-02
48222,2025-12-10
48224,2025-12-05
48225,2025-12-16
48227,2025-12-19
48231,2025-10-27
48234,2026-02-17
48236,2025-12-24
48239,2025-08-25
48240,2025-10-28
48244,2026-02-13
48246,2026-02-13
48248,2025-12-10
48249,2025-12-16
48250,2025-12-10
48251,2026-02-06
48257,2026-02-13
48260,2026-01-23
48261,2026-06-23
48262,2026-04-17
48265,2025-08-25
48266,2025-08-25
48269,2026-01-23
48272,2025-12-16
48273,2026-01-23
48274,2025-12-17
48275,2026-02-20
48276,2025-10-29
48277,2025-10-29
48278,2025-09-03
48279,2025-09-02
48284,2025-09-02
48285,2025-08-25
48287,2025-09-02
48288,2025-10-31
48290,2026-01-23
48291,2026-01-30
48293,2025-09-02
48294,2025-12-10
48296,2025-11-18
48297,2025-12-10
48299,2025-08-25
48301,2025-12-10
48304,2025-12-17
48305,2025-12-10
48307,2025-09-02
48312,2026-02-20
48316,2026-02-24
48323,2026-02-27
48325,2025-08-25
48326,2025-12-10
48327,2025-12-10
48328,2025-12-08
48329,2025-12-17
48332,2025-12-17
48333,2025-12-17
48334,2025-12-17
48335,2025-12-17
48336,2025-12-10
48337,2025-09-02
48338,2025-12-10
48340,2025-08-25
48341,2026-01-23
48347,2025-09-03
48349,2026-04-17
48354,2026-01-19
48355,2025-12-08
48356,2025-12-08
48357,2025-12-31
48358,2025-11-17
48365,2025-08-25
48367,2026-05-08
48368,2026-04-17
48371,2025-09-03
48372,2026-06-11
48373,2025-08-25
48374,2025-12-17
48375,2026-01-23
48378,2025-08-25
48379,2025-11-17
48380,2025-09-02
48381,2026-03-19
48387,2026-04-24
48388,2026-01-23
48391,2026-04-17
48393,2026-02-13
48394,2026-01-30
48397,2025-09-03
48400,2026-02-13
48401,2025-08-25
48402,2025-08-25
48404,2026-02-13
48405,2026-01-23
48406,2026-01-23
48411,2026-05-15
48412,2026-04-28
48414,2025-09-03
48415,2025-09-03
48425,2025-12-10
48428,2025-12-10
48429,2026-01-30
48430,2025-12-17
48431,2026-01-23
48432,2026-01-23
48434,2026-02-27
48435,2026-02-16
48437,2025-08-25
48439,2025-08-26
48441,2025-09-03
48443,2025-08-25
48444,2026-02-27
48445,2026-01-27
48447,2025-09-03
48448,2025-08-25
48449,2026-01-23
48453,2026-02-06
48456,2026-02-27
48460,2026-01-23
48462,2026-01-23
48463,2025-09-03
48464,2025-08-25
48465,2025-12-10
48467,2025-12-17
48468,2025-12-17
48470,2025-12-10
48471,2025-12-17
48473,2026-04-09
48474,2025-12-08
48475,2025-12-17
48476,2025-12-17
48477,2025-12-10
48479,2025-12-10
48481,2025-12-23
48485,2025-12-10
48486,2025-12-24
48488,2025-12-08
48489,2025-12-23
48490,2025-12-10
48494,2025-09-08
48495,2025-12-23
48497,2025-12-10
48499,2025-12-10
48501,2025-12-24
48507,2025-09-02
48508,2026-05-04
48509,2026-02-04
48513,2026-05-15
48520,2026-04-27
48521,2026-05-04
48522,2026-05-11
48524,2026-04-06
48526,2025-11-03
48527,2025-12-08
48528,2025-09-08
48529,2026-04-17
48531,2025-10-28
48532,2025-10-29
48534,2026-01-30
48536,2025-12-23
48538,2025-12-10
48541,2025-12-23
48544,2025-12-10
48545,2025-12-10
48547,2026-02-06
48555,2026-04-27
48557,2025-10-17
48558,2025-12-05
48562,2026-05-11
48563,2026-03-30
48564,2026-05-04
48565,2026-01-16
48566,2026-05-04
48570,2025-12-10
48571,2025-12-08
48572,2025-12-23
48573,2025-12-10
48577,2025-12-12
48578,2026-02-06
48581,2025-12-08
48582,2026-01-30
48584,2026-04-17
48585,2026-01-30
48586,2026-03-03
48587,2025-09-10
48588,2025-08-25
48589,2025-11-17
48591,2025-08-25
48594,2025-12-08
48595,2025-08-25
48596,2026-02-06
48598,2026-05-15
48599,2026-04-17
48600,2025-12-08
48601,2025-12-08
48604,2026-02-20
48605,2025-12-08
48607,2025-12-08
48609,2025-12-08
48613,2026-02-13
48616,2025-08-25
48620,2025-09-09
48622,2025-12-08
48624,2026-02-20
48625,2025-12-08
48626,2025-12-15
48630,2025-12-15
48631,2025-12-15
48632,2025-12-15
48635,2025-12-08
48636,2026-04-16
48637,2026-04-29
48638,2025-12-22
48639,2025-12-15
48641,2026-05-15
48642,2025-12-26
48643,2026-01-09
48644,2025-11-25
48646,2025-08-25
48647,2026-02-13
48651,2026-02-27
48653,2026-04-17
48654,2025-09-09
48661,2025-09-09
48662,2026-02-17
48664,2026-02-06
48667,2025-12-15
48668,2025-08-25
48669,2025-09-09
48670,2026-04-17
48672,2025-08-26
48675,2025-12-15
48677,2025-11-17
48678,2025-09-09
48680,2026-02-06
48684,2026-05-15
48686,2026-02-20
48695,2026-01-23
48696,2026-02-13
48699,2025-09-09
48700,2026-02-06
48701,2026-01-23
48702,2026-04-24
48703,2026-03-24
48704,2026-06-17
48705,2026-02-27
48706,2026-04-17
48707,2026-04-21
48709,2026-01-23
48710,2025-08-26
48711,2026-01-23
48712,2026-04-17
48714,2025-10-22
48715,2026-01-23
48716,2026-02-20
48718,2025-09-10
48720,2026-02-06
48721,2026-01-23
48725,2025-12-15
48726,2026-04-09
48727,2026-01-23
48729,2025-09-08
48732,2025-09-08
48733,2025-08-26
48737,2026-02-13
48740,2026-01-23
48744,2026-04-24
48745,2025-09-08
48746,2026-01-23
48747,2025-11-05
48752,2025-08-26
48753,2026-04-24
48755,2026-04-24
48758,2026-02-10
48759,2025-12-15
48765,2025-12-15
48766,2026-06-09
48768,2026-02-20
48771,2025-12-15
48772,2026-01-05
48774,2026-01-23
48777,2026-01-05
48778,2026-01-05
48779,2026-01-12
48781,2026-04-13
48782,2026-05-18
48783,2025-10-22
48784,2026-01-19
48785,2025-12-29
48789,2025-12-29
48791,2026-04-15
48792,2025-09-01
48793,2026-01-19
48794,2025-12-29
48795,2026-05-15
48797,2025-10-22
48798,2026-02-24
48800,2026-01-23
48802,2025-11-03
48803,2025-11-17
48805,2025-12-29
48807,2026-01-05
48812,2025-12-24
48814,2025-09-08
48815,2026-01-19
48816,2026-01-30
48817,2026-01-26
48819,2026-03-26
48822,2025-09-08
48823,2025-12-15
48829,2026-03-30
48840,2026-04-24
48842,2026-02-06
48844,2026-01-23
48846,2026-02-27
48852,2026-01-23
48853,2026-01-19
48854,2026-01-23
48856,2026-04-13
48857,2026-02-06
48858,2026-02-13
48860,2025-12-24
48861,2026-01-05
48862,2025-09-09
48864,2025-11-11
48866,2025-09-08
48869,2026-02-13
48871,2026-02-13
48875,2026-01-05
48879,2026-02-10
48880,2025-12-15
48881,2025-12-15
48882,2026-03-26
48884,2025-12-08
48886,2026-04-29
48887,2026-04-22
48889,2026-04-16
48890,2026-01-05
48893,2026-03-26
48894,2026-03-26
48896,2026-05-18
48897,2025-12-24
48899,2025-09-10
48902,2026-02-13
48905,2025-12-24
48906,2025-08-19
48911,2026-02-06
48914,2026-04-23
48915,2025-09-08
48916,2026-03-26
48918,2025-12-31
48922,2026-04-17
48924,2025-09-02
48925,2025-08-26
48926,2026-06-09
48927,2026-05-15
48929,2025-11-12
48930,2026-02-27
48932,2026-04-24
48934,2026-04-24
48935,2026-02-27
48936,2025-09-08
48939,2026-03-10
48943,2026-02-13
48944,2025-12-15
48947,2025-08-26
48948,2026-02-13
48950,2026-01-23
48951,2025-08-26
48952,2026-01-30
48954,2026-01-30
48957,2025-08-26
48960,2025-08-26
48961,2025-08-26
48962,2026-01-23
48964,2025-12-24
48965,2026-01-05
48968,2026-01-05
48979,2026-01-30
48980,2025-08-26
48982,2025-08-26
48983,2026-01-23
48988,2025-08-26
48989,2026-01-23
48990,2025-09-08
48993,2026-02-20
48994,2026-05-11
48996,2025-08-26
48998,2025-09-08
49000,2026-01-23
49003,2025-10-31
49005,2026-01-19
49006,2026-03-30
49007,2025-12-31
49008,2026-05-04
49016,2026-01-23
49017,2025-09-08
49018,2025-12-08
49019,2026-04-08
49023,2026-04-22
49024,2025-12-15
49025,2025-12-08
49026,2025-12-15
49028,2026-04-23
49029,2026-04-22
49034,2026-04-17
49038,2026-02-27
49041,2025-09-08
49042,2026-01-23
49045,2025-09-08
49046,2026-02-20
49049,2026-03-24
49055,2026-02-03
49056,2026-01-23
49059,2026-01-05
49060,2025-08-26
49063,2025-12-24
49064,2026-02-06
49067,2026-04-16
49068,2026-05-14
49071,2025-08-26
49075,2026-01-23
49076,2026-03-10
49077,2025-11-03
49078,2026-02-27
49079,2026-02-27
49081,2026-02-06
49083,2026-01-30
49085,2025-12-24
49086,2025-12-24
49087,2025-12-24
49088,2025-12-24
49090,2025-12-29
49093,2025-12-24
49094,2025-12-24
49097,2025-12-22
49101,2025-12-22
49104,2025-12-22
49106,2025-12-24
49109,2026-01-30
49111,2026-01-23
49112,2026-01-23
49116,2026-01-23
49119,2026-03-17
49124,2026-02-27
49128,2026-03-06
49131,2026-02-20
49132,2026-01-23
49138,2025-09-24
49140,2026-01-30
49146,2025-09-24
49148,2026-02-20
49149,2026-02-17
49152,2026-06-15
49153,2026-01-23
49155,2025-12-22
49156,2025-12-22
49157,2025-09-02
49159,2026-02-23
49162,2025-09-24
49165,2025-09-24
49168,2026-04-01
49169,2025-11-11
49170,2025-12-22
49172,2026-02-23
49173,2025-12-22
49176,2026-02-13
49180,2026-04-23
49181,2025-12-23
49184,2026-04-24
49186,2025-12-23
49187,2025-12-23
49188,2025-12-23
49192,2025-12-23
49193,2026-01-30
49195,2025-12-23
49199,2025-12-22
49201,2026-03-30
49202,2025-12-22
49205,2025-12-29
49207,2026-01-23
49210,2025-12-23
49211,2025-12-24
49212,2026-06-03
49213,2025-12-24
49214,2025-12-29
49216,2026-03-30
49222,2025-12-24
49224,2025-12-24
49226,2025-12-29
49228,2025-12-24
49231,2025-12-29
49232,2026-03-30
49233,2025-12-24
49234,2025-12-29
49235,2025-12-30
49237,2025-12-24
49238,2025-12-30
49239,2026-01-27
49240,2025-12-30
49246,2026-01-20
49247,2026-01-20
49252,2025-12-22
49257,2025-12-22
49258,2025-12-23
49259,2025-12-30
49262,2025-12-30
49274,2026-04-16
49278,2026-01-23
49280,2025-09-02
49282,2025-09-24
49284,2025-09-08
49285,2026-06-09
49287,2026-02-17
49288,2026-02-13
49289,2025-12-23
49290,2026-04-17
49295,2026-04-17
49296,2026-01-29
49297,2025-12-23
49298,2025-12-30
49299,2026-01-20
49303,2025-12-23
49304,2026-01-20
49311,2025-08-25
49316,2025-12-22
49320,2025-12-24
49321,2026-04-15
49323,2026-04-08
49324,2026-05-13
49327,2025-12-22
49329,2025-12-22
49330,2026-01-23
49331,2026-01-23
49332,2026-04-17
49333,2026-04-17
49334,2026-01-23
49343,2026-06-08
49346,2026-06-08
49349,2025-08-25
49351,2026-03-03
49352,2026-02-24
49353,2026-04-22
49355,2025-08-25
49362,2025-08-25
49363,2025-12-30
49365,2025-12-24
49366,2026-05-08
49368,2025-09-02
49370,2025-08-28
49371,2025-08-25
49372,2025-08-25
49373,2026-02-13
49375,2026-04-17
49377,2026-02-20
49379,2025-08-25
49380,2025-08-25
49381,2026-02-06
49386,2025-08-25
49387,2025-12-24
49388,2025-11-25
49389,2025-12-30
49395,2026-04-17
49401,2026-04-17
49403,2025-08-25
49404,2026-04-24
49407,2026-02-06
49411,2026-02-20
49412,2025-12-31
49413,2026-01-30
49416,2025-09-08
49417,2026-01-30
49420,2026-02-27
49421,2026-05-13
49422,2026-02-27
49427,2026-02-03
49428,2026-01-20
49431,2026-05-15
49432,2026-04-17
49434,2026-01-30
49437,2026-02-06
49439,2025-09-08
49445,2026-04-13
49447,2025-10-30
49448,2025-09-08
49452,2025-09-08
49453,2025-08-26
49455,2025-10-27
49456,2026-01-20
49458,2026-01-30
49460,2025-09-08
49461,2026-01-30
49462,2026-01-30
49464,2025-10-27
49465,2026-02-10
49467,2025-08-26
49468,2026-01-20
49469,2026-05-25
49473,2025-12-30
49474,2025-12-30
49475,2026-02-06
49476,2026-03-03
49477,2026-04-17
49479,2026-02-27
49480,2025-11-11
49486,2026-02-20
49488,2026-02-27
49489,2026-03-17
49490,2026-02-06
49491,2026-04-24
49492,2025-08-26
49498,2026-04-17
49500,2026-03-26
49502,2025-07-31
49504,2026-04-28
49505,2025-06-23
49510,2025-09-19
49511,2025-09-12
49512,2025-09-26
49514,2025-09-26
49516,2025-09-19
49517,2025-12-05
49518,2026-01-16
49519,2025-09-08
49522,2025-09-08
49523,2025-11-07
49526,2026-03-03
49528,2026-02-04
49530,2026-04-13
49531,2026-04-27
49532,2026-04-24
49534,2026-02-13
49535,2025-12-30
49538,2026-04-01
49540,2026-03-10
49541,2026-01-20
49542,2026-04-24
49543,2026-05-08
49547,2026-03-06
49548,2026-01-30
49549,2025-09-08
49551,2026-03-24
49553,2025-09-05
49554,2026-01-23
49555,2026-01-29
49556,2025-12-16
49557,2025-12-16
49558,2025-12-16
49562,2026-01-23
49564,2026-04-14
49566,2025-12-16
49567,2026-01-20
49570,2025-12-16
49571,2026-02-10
49574,2025-12-30
49576,2026-04-22
49578,2026-02-04
49581,2025-10-31
49584,2025-08-08
49587,2026-01-20
49588,2025-12-30
49592,2026-02-20
49593,2026-03-17
49600,2025-12-16
49602,2025-12-16
49603,2025-12-30
49604,2026-02-03
49606,2025-12-16
49607,2026-01-21
49608,2025-12-16
49611,2025-12-30
49612,2025-12-16
49613,2025-12-30
49615,2026-02-03
49616,2025-12-30
49617,2025-12-30
49618,2025-12-16
49619,2026-01-21
49622,2025-10-31
49625,2025-09-12
49627,2025-12-15
49629,2026-01-23
49631,2025-08-08
49632,2025-12-12
49635,2025-12-30
49636,2025-12-30
49637,2026-01-23
49638,2026-02-13
49640,2026-01-23
49642,2026-01-23
49644,2026-04-07
49645,2026-01-30
49646,2025-12-16
49649,2025-09-08
49651,2025-09-01
49653,2026-01-30
49654,2026-04-17
49655,2026-01-30
49656,2025-12-16
49658,2025-12-16
49659,2025-12-30
49661,2025-12-17
49662,2025-09-12
49663,2025-09-08
49664,2025-06-23
49667,2025-12-30
49668,2025-12-17
49671,2025-12-30
49675,2025-12-22
49676,2026-04-17
49677,2025-12-22
49678,2025-12-22
49680,2025-12-22
49681,2026-02-09
49685,2026-02-09
49687,2025-12-15
49688,2026-04-01
49692,2026-04-01
49693,2026-04-01
49694,2025-10-27
49695,2026-02-27
49696,2026-02-13
49701,2025-12-16
49702,2026-06-04
49703,2025-12-16
49704,2025-12-30
49705,2026-03-06
49706,2026-01-21
49707,2025-09-08
49710,2025-10-27
49711,2025-09-08
49712,2026-04-17
49714,2026-04-07
49716,2026-01-21
49717,2025-12-30
49719,2026-02-06
49723,2025-09-08
49724,2026-01-30
49725,2026-01-30
49726,2026-02-27
49727,2026-01-30
49729,2026-01-30
49731,2026-01-30
49733,2025-11-03
49734,2026-01-30
49737,2026-03-06
49740,2026-02-04
49742,2026-04-14
49743,2026-04-17
49744,2026-02-13
49745,2026-02-06
49751,2026-01-30
49754,2026-01-30
49755,2026-04-07
49756,2026-02-04
49757,2025-09-01
49759,2025-12-30
49760,2025-12-30
49763,2025-12-30
49766,2025-10-02
49767,2026-02-06
49768,2026-01-30
49771,2026-02-27
49774,2026-01-30
49776,2026-02-03
49778,2026-02-13
49779,2025-11-07
49780,2026-04-21
49785,2025-07-29
49786,2025-11-07
49787,2026-01-09
49790,2025-10-31
49792,2025-08-04
49793,2026-01-07
49794,2026-02-27
49796,2026-02-27
49797,2025-09-08
49800,2025-09-08
49802,2026-05-22
49805,2025-09-01
49806,2026-02-27
49808,2025-12-16
49809,2026-01-20
49810,2026-01-20
49812,2026-01-20
49814,2025-12-16
49815,2026-01-23
49816,2026-02-27
49817,2026-02-06
49819,2026-02-06
49822,2026-04-16
49823,2025-12-22
49824,2026-04-22
49825,2026-05-13
49826,2025-12-16
49828,2026-02-06
49829,2026-02-27
49830,2026-01-23
49831,2026-01-30
49832,2026-02-06
49833,2026-01-23
49838,2025-12-16
49839,2025-12-30
49841,2025-12-16
49842,2025-12-30
49843,2026-01-27
49844,2026-02-09
49845,2025-12-16
49851,2026-02-03
49853,2026-04-22
49855,2025-09-02
49856,2026-01-23
49858,2025-09-01
49859,2025-10-27
49860,2026-02-09
49861,2025-05-30
49865,2025-09-08
49868,2026-01-23
49869,2026-01-23
49871,2026-01-30
49872,2026-01-23
49873,2026-02-20
49876,2025-09-08
49877,2026-03-27
49878,2026-01-07
49880,2026-02-06
49883,2025-12-22
49884,2026-03-06
49885,2026-03-20
49886,2026-01-30
49887,2025-09-17
49888,2026-03-13
49889,2026-01-30
49890,2026-02-27
49891,2026-03-06
49892,2025-09-17
49893,2025-09-17
49895,2026-01-07
49897,2026-01-13
49899,2026-01-07
49901,2026-02-13
49902,2026-04-22
49903,2025-12-22
49904,2025-12-22
49905,2025-11-05
49906,2026-01-08
49907,2026-03-04
49908,2025-12-22
49909,2026-02-06
49910,2025-09-08
49911,2025-09-08
49912,2025-09-08
49914,2026-04-17
49916,2025-12-15
49917,2026-02-27
49921,2025-10-27
49922,2025-09-08
49923,2026-04-17
49924,2026-01-13
49925,2025-12-30
49926,2025-12-30
49927,2025-12-30
49929,2025-12-30
49930,2026-02-03
49936,2026-03-27
49937,2026-03-20
49938,2026-03-13
49939,2026-02-27
49940,2026-02-06
49944,2026-03-13
49947,2026-02-27
49949,2026-03-13
49954,2026-03-13
49956,2025-12-30
49957,2025-12-16
49958,2025-08-28
49959,2026-01-26
49963,2026-02-13
49964,2025-08-28
49966,2026-01-07
49974,2025-11-17
49979,2025-08-28
49982,2025-09-09
49983,2025-09-17
49986,2026-02-20
49987,2026-03-13
49996,2026-02-06
49998,2026-02-27
50000,2025-12-16
50002,2026-02-10
50003,2026-01-13
50004,2025-11-11
50005,2025-12-22
50012,2025-12-16
50015,2026-01-07
50017,2026-01-13
50020,2026-01-13
50021,2026-01-13
50023,2026-01-26
50028,2026-01-13
50032,2026-01-13
50036,2025-12-08
50037,2026-01-30
50040,2025-09-09
50041,2025-09-09
50044,2026-01-05
50046,2026-04-17
50049,2025-09-09
50050,2026-03-27
50052,2026-03-27
50053,2025-10-01
50055,2025-12-30
50056,2026-01-21
50058,2026-02-06
50060,2026-02-04
50062,2025-12-30
50063,2026-03-17
50064,2026-01-21
50067,2026-03-10
50068,2025-12-16
50069,2026-04-17
50073,2026-02-13
50078,2026-01-07
50081,2025-09-17
50084,2025-09-17
50085,2026-01-13
50087,2026-01-13
50091,2025-09-17
50093,2025-12-16
50095,2025-08-28
50096,2026-01-07
50098,2025-09-09
50104,2026-01-13
50106,2026-01-13
50109,2025-12-30
50110,2026-04-13
50112,2026-03-17
50115,2025-09-09
50116,2025-10-27
50120,2026-01-13
50121,2026-01-07
50122,2026-01-13
50123,2026-01-21
50124,2025-12-30
50125,2026-01-13
50126,2026-01-13
50129,2025-10-14
50133,2026-01-07
50134,2026-01-14
50137,2026-01-14
50139,2026-01-20
50141,2026-02-13
50143,2026-01-20
50146,2026-01-20
50149,2025-09-09
50150,2026-03-06
50154,2026-03-06
50155,2026-03-20
50156,2026-03-31
50157,2026-03-13
50158,2026-02-04
50161,2025-09-09
50162,2025-09-09
50168,2026-01-16
50171,2025-12-26
50173,2025-07-17
50176,2025-09-04
50177,2026-02-10
50180,2025-10-27
50185,2025-09-09
50188,2025-09-09
50190,2025-09-09
50193,2025-11-07
50194,2026-01-16
50195,2026-03-20
50198,2026-02-13
50201,2025-10-27
50203,2026-02-13
50207,2026-02-13
50209,2025-09-17
50210,2025-09-17
50212,2025-07-11
50214,2025-10-28
50215,2025-09-09
50216,2026-02-10
50217,2025-12-30
50218,2025-12-16
50219,2026-04-22
50220,2025-08-28
50222,2026-03-03
50224,2026-02-09
50227,2026-02-27
50230,2026-02-13
50233,2025-09-11
50234,2025-08-05
50235,2026-05-06
50236,2025-09-04
50237,2025-12-30
50239,2025-12-16
50240,2025-12-16
50241,2025-12-16
50244,2025-12-30
50246,2025-12-30
50247,2025-12-16
50248,2025-12-16
50249,2026-01-21
50250,2025-12-30
50251,2025-12-17
50253,2025-12-17
50255,2026-01-21
50256,2025-12-17
50258,2025-12-17
50260,2025-12-17
50264,2026-02-11
50265,2026-02-11
50266,2025-12-30
50267,2026-01-07
50271,2025-09-09
50273,2026-02-20
50274,2026-03-20
50275,2026-03-06
50277,2026-02-27
50279,2026-01-30
50280,2026-03-20
50281,2026-03-13
50282,2025-09-09
50283,2025-09-09
50286,2025-09-09
50288,2026-03-13
50290,2026-02-11
50291,2025-09-17
50294,2026-01-20
50300,2026-01-20
50301,2026-05-13
50302,2025-09-09
50303,2026-01-21
50307,2026-01-20
50308,2026-03-06
50309,2026-04-17
50310,2026-04-16
50311,2025-12-17
50312,2026-02-27
50313,2025-12-30
50316,2025-12-30
50317,2026-02-11
50318,2026-01-20
50320,2025-12-22
50324,2025-07-11
50325,2026-01-30
50330,2025-10-27
50331,2025-09-11
50332,2026-03-31
50335,2026-02-06
50336,2026-01-30
50338,2025-09-09
50340,2026-01-20
50342,2026-03-13
50343,2026-03-13
50345,2026-03-13
50346,2025-09-17
50349,2025-09-17
50350,2026-02-20
50351,2026-03-13
50352,2025-10-27
50355,2026-02-27
50356,2025-12-19
50357,2025-09-19
50358,2026-04-17
50360,2026-03-13
50362,2025-09-09
50363,2026-04-13
50364,2026-03-17
50366,2026-01-05
50367,2025-12-08
50368,2026-04-08
50369,2026-02-20
50371,2026-01-07
50374,2026-03-06
50375,2026-04-21
50378,2025-11-24
50380,2026-03-13
50381,2025-12-23
50382,2026-04-24
50383,2026-03-13
50384,2026-01-05
50385,2026-03-27
50386,2026-01-07
50389,2026-03-13
50392,2026-02-13
50396,2025-09-11
50397,2025-10-29
50400,2026-03-20
50404,2025-09-17
50405,2025-09-17
50406,2025-09-18
50407,2026-01-20
50408,2026-01-20
50411,2026-02-11
50412,2025-09-17
50415,2026-01-20
50416,2026-01-07
50417,2026-04-22
50418,2026-01-20
50420,2026-04-22
50421,2026-01-20
50423,2026-01-07
50424,2026-01-20
50426,2026-01-07
50428,2026-04-16
50432,2026-01-20
50433,2026-02-20
50435,2026-01-07
50440,2026-01-20
50442,2025-10-27
50443,2026-03-13
50445,2026-04-24
50448,2026-01-05
50449,2026-02-20
50451,2026-03-13
50452,2025-10-29
50457,2025-11-17
50460,2026-03-20
50462,2025-09-11
50463,2026-01-07
50466,2025-09-10
50467,2025-09-11
50468,2026-01-13
50470,2025-09-22
50473,2026-02-13
50476,2026-03-06
50477,2026-03-20
50479,2025-09-10
50480,2026-02-13
50482,2026-01-07
50483,2026-03-27
50486,2026-02-13
50487,2026-03-09
50491,2026-04-07
50495,2026-03-13
50499,2025-09-10
50501,2025-09-17
50502,2025-09-10
50503,2025-10-29
50504,2026-03-20
50505,2026-01-13
50506,2026-01-07
50507,2026-01-13
50509,2026-01-13
50511,2026-02-27
50513,2026-01-14
50515,2026-02-13
50523,2025-09-10
50524,2026-01-13
50526,2026-01-13
50528,2025-06-11
50529,2025-12-19
50530,2026-06-24
50535,2025-10-29
50536,2026-01-13
50537,2025-09-10
50538,2025-09-10
50540,2025-10-29
50543,2025-09-17
50545,2025-09-11
50546,2026-03-31
50547,2025-09-18
50548,2026-01-30
50549,2026-02-27
50551,2026-03-06
50554,2026-03-13
50555,2025-12-29
50557,2025-10-29
50558,2025-09-10
50561,2026-02-05
50566,2026-05-15
50567,2025-10-29
50569,2026-03-27
50572,2025-09-10
50573,2025-09-10
50574,2026-01-13
50575,2026-01-13
50577,2025-12-31
50579,2026-03-20
50580,2025-11-25
50581,2026-01-26
50582,2025-09-18
50584,2026-03-13
50585,2026-02-18
50586,2025-12-19
50596,2026-01-13
50598,2026-04-24
50599,2026-02-06
50600,2026-01-13
50605,2026-01-14
50606,2026-01-27
50607,2026-01-27
50610,2026-03-27
50614,2026-04-22
50616,2025-09-10
50617,2026-02-27
50618,2026-02-20
50620,2026-02-06
50624,2025-12-17
50625,2026-01-13
50626,2025-11-25
50627,2026-01-13
50629,2026-03-10
50630,2026-03-13
50633,2026-01-05
50634,2026-01-13
50635,2026-01-13
50637,2026-03-06
50639,2025-09-17
50642,2025-12-31
50643,2026-01-13
50645,2026-01-14
50646,2026-01-14
50647,2026-01-14
50648,2025-12-30
50650,2025-09-17
50651,2026-02-06
50653,2025-09-10
50654,2026-01-14
50655,2026-01-30
50656,2025-11-25
50657,2026-02-13
50658,2026-04-21
50659,2025-12-30
50661,2026-03-31
50662,2026-03-13
50664,2026-02-13
50665,2026-03-10
50667,2025-09-18
50668,2025-09-18
50669,2026-03-20
50674,2026-03-20
50675,2025-09-10
50676,2025-09-10
50681,2025-09-18
50683,2026-02-18
50684,2026-01-14
50686,2026-01-27
50687,2026-01-14
50689,2026-01-14
50690,2026-01-14
50691,2025-12-30
50693,2026-04-22
50695,2026-01-14
50698,2025-12-30
50699,2025-12-30
50703,2026-01-14
50705,2025-09-18
50706,2026-01-14
50707,2025-12-30
50708,2026-01-14
50709,2026-01-14
50714,2026-01-14
50718,2026-01-21
50719,2025-12-30
50720,2025-09-18
50721,2026-01-05
50723,2026-01-14
50725,2025-09-04
50726,2026-03-27
50728,2025-10-29
50732,2025-09-18
50734,2026-02-13
50735,2025-12-23
50736,2026-03-03
50738,2026-03-13
50739,2026-03-20
50740,2025-09-18
50742,2026-03-13
50743,2025-12-30
50744,2025-09-18
50745,2025-09-18
50748,2025-09-10
50752,2026-01-14
50753,2025-10-27
50754,2026-01-14
50756,2025-11-26
50757,2025-12-31
50761,2026-01-14
50762,2025-12-31
50763,2026-03-13
50764,2025-12-31
50767,2025-10-29
50771,2025-12-08
50773,2026-01-14
50776,2026-04-01
50777,2026-01-20
50779,2026-01-27
50781,2025-12-31
50785,2025-12-31
50786,2026-01-20
50787,2026-01-21
50788,2025-08-28
50789,2026-01-26
50791,2026-03-27
50792,2026-02-20
50797,2025-09-10
50798,2026-03-27
50800,2026-03-27
50804,2025-12-31
50807,2026-01-21
50808,2025-12-31
50809,2025-09-10
50811,2026-04-07
50814,2026-03-20
50816,2025-10-28
50818,2026-01-28
50819,2025-11-26
50821,2025-11-24
50826,2026-01-19
50827,2026-01-05
50830,2026-04-30
50833,2026-01-13
50835,2026-01-05
50836,2026-01-05
50842,2026-01-13
50843,2026-03-06
50847,2026-01-30
50849,2025-11-26
50852,2025-11-24
50853,2025-12-16
50855,2026-03-13
50859,2025-09-10
50867,2026-01-13
50868,2026-05-15
50869,2026-02-13
50870,2026-02-20
50872,2026-02-13
50874,2026-02-06
50876,2026-03-06
50880,2026-01-27
50881,2026-02-20
50882,2026-03-13
50884,2026-03-20
50885,2025-07-11
50886,2025-10-03
50887,2026-02-18
50888,2025-09-18
50890,2026-02-18
50891,2025-09-16
50894,2026-04-14
50896,2026-03-27
50899,2025-12-31
50900,2026-01-13
50901,2026-01-13
50903,2026-02-20
50904,2026-02-04
50907,2025-12-31
50908,2025-09-17
50909,2026-01-13
50910,2026-01-27
50912,2025-12-31
50914,2025-09-10
50915,2026-02-04
50916,2026-02-03
50917,2026-04-15
50919,2025-12-31
50920,2025-12-31
50921,2026-01-13
50924,2026-01-14
50925,2026-01-20
50926,2025-12-31
50927,2026-03-13
50928,2025-09-10
50929,2026-02-27
50930,2026-03-31
50931,2025-12-31
50936,2025-09-10
50937,2026-02-20
50940,2025-12-22
50942,2025-08-25
50944,2026-02-06
50945,2025-09-16
50946,2025-09-10
50950,2025-09-10
50951,2026-01-26
50954,2025-09-18
50955,2026-03-20
50956,2025-11-26
50957,2025-09-18
50960,2026-01-14
50961,2026-02-27
50962,2026-01-14
50963,2025-09-18
50964,2026-06-11
50966,2025-09-10
50968,2025-11-26
50969,2025-09-22
50970,2025-09-16
50971,2026-01-20
50972,2026-01-14
50977,2025-09-10
50978,2026-02-19
50979,2026-03-20
50980,2025-09-23
50981,2026-03-06
50983,2025-09-10
50984,2026-01-19
50985,2026-05-21
50990,2025-10-03
50991,2025-11-21
50992,2025-09-10
50994,2025-09-16
50995,2026-03-20
50996,2026-02-19
50997,2026-03-13
50998,2025-10-27
51003,2026-03-06
51006,2026-04-17
51007,2026-03-27
51008,2026-03-20
51009,2026-02-27
51012,2026-03-27
51017,2026-01-14
51020,2026-03-13
51021,2026-01-30
51023,2026-03-20
51024,2026-02-06
51025,2025-12-29
51026,2025-12-31
51029,2025-09-16
51030,2025-09-23
51031,2026-03-17
51032,2026-02-19
51033,2026-02-27
51034,2026-03-20
51036,2025-11-26
51037,2025-09-22
51039,2026-01-14
51041,2025-11-26
51042,2026-03-20
51044,2026-01-26
51049,2025-09-16
51051,2025-12-31
51054,2026-04-21
51055,2026-03-27
51057,2026-02-04
51058,2025-09-16
51059,2025-09-11
51061,2026-02-04
51062,2026-01-14
51064,2026-03-13
51068,2026-01-14
51069,2026-01-14
51070,2025-09-24
51074,2025-12-31
51077,2026-03-27
51078,2026-03-20
51079,2026-02-20
51080,2026-03-20
51082,2026-01-14
51083,2026-03-20
51085,2025-10-28
51086,2026-01-14
51087,2026-01-14
51088,2026-01-14
51089,2026-01-30
51090,2026-01-20
51092,2026-01-21
51093,2026-04-23
51095,2026-01-20
51097,2026-01-21
51098,2026-01-21
51101,2026-02-04
51104,2025-09-22
51105,2025-09-22
51106,2025-09-22
51108,2026-01-16
51114,2026-01-20
51119,2026-02-19
51120,2026-01-26
51121,2026-03-20
51123,2025-11-24
51128,2025-09-22
51131,2026-02-27
51132,2026-03-20
51134,2026-03-20
51135,2025-10-27
51137,2026-01-21
51138,2026-01-20
51139,2026-04-17
51140,2026-01-20
51145,2026-03-13
51150,2026-03-13
51151,2026-01-20
51154,2025-12-31
51155,2026-01-20
51156,2026-01-20
51157,2026-02-06
51159,2026-01-20
51160,2026-04-27
51162,2026-01-14
51163,2026-01-14
51165,2026-03-13
51166,2025-09-25
51167,2026-01-14
51169,2026-03-20
51172,2025-12-31
51173,2026-01-14
51174,2026-01-14
51176,2025-09-11
51177,2025-09-22
51181,2026-01-14
51182,2026-01-21
51183,2026-01-14
51184,2026-03-06
51185,2025-09-22
51186,2025-09-11
51187,2026-01-29
51190,2026-06-11
51191,2026-02-13
51192,2025-09-23
51193,2025-09-23
51194,2026-03-20
51195,2025-09-11
51196,2026-02-06
51198,2025-09-11
51201,2025-12-31
51205,2026-01-14
51208,2026-03-27
51210,2026-01-14
51214,2025-08-28
51215,2026-02-20
51217,2025-10-17
51218,2025-12-26
51219,2026-04-06
51220,2026-03-13
51221,2026-03-27
51222,2025-12-31
51223,2025-08-12
51225,2026-01-13
51226,2025-12-31
51228,2025-12-31
51229,2026-01-27
51231,2026-01-14
51232,2025-12-31
51233,2026-01-14
51234,2026-01-14
51235,2026-01-14
51237,2026-01-20
51238,2025-09-04
51239,2026-01-14
51240,2026-01-21
51243,2026-04-09
51244,2026-01-07
51246,2026-01-06
51247,2026-01-14
51251,2025-11-26
51253,2026-02-27
51256,2026-02-13
51259,2026-03-06
51260,2026-01-06
51261,2026-01-20
51263,2026-01-14
51264,2025-12-31
51266,2025-12-31
51271,2025-12-31
51272,2025-10-27
51274,2026-04-07
51277,2026-06-18
51280,2025-09-22
51282,2026-02-06
51283,2026-03-13
51285,2026-03-06
51286,2025-09-22
51290,2026-04-21
51291,2026-03-20
51298,2026-01-06
51300,2025-12-31
51303,2025-09-10
51304,2025-09-10
51305,2026-03-13
51306,2025-09-22
51308,2025-09-10
51309,2025-09-11
51312,2026-04-07
51316,2026-01-21
51317,2026-01-21
51318,2026-01-21
51321,2026-01-07
51323,2025-09-24
51324,2026-03-20
51327,2025-09-22
51328,2026-02-06
51329,2025-12-02
51332,2026-04-16
51335,2025-09-11
51336,2025-10-27
51337,2025-09-22
51338,2026-02-13
51339,2025-09-22
51342,2025-09-22
51343,2026-01-21
51344,2026-01-12
51345,2026-01-19
51349,2026-01-19
51350,2026-03-20
51352,2026-03-20
51354,2026-06-02
51358,2026-03-13
51362,2025-09-11
51364,2026-01-12
51368,2026-02-13
51370,2026-02-27
51371,2026-03-20
51374,2026-01-19
51376,2026-02-04
51379,2026-01-06
51381,2026-02-20
51382,2026-01-26
51385,2026-02-10
51388,2026-01-12
51389,2026-01-06
51390,2026-01-12
51393,2026-04-15
51396,2026-01-19
51399,2026-01-12
51400,2026-01-26
51402,2026-02-04
51403,2026-01-06
51404,2026-01-06
51407,2026-02-10
51410,2026-01-06
51412,2026-01-12
51413,2026-01-05
51414,2026-01-12
51416,2026-01-12
51420,2026-01-12
51422,2026-03-06
51424,2026-02-20
51425,2026-01-06
51429,2026-03-06
51432,2026-03-06
51433,2026-01-19
51434,2025-09-16
51438,2026-04-21
51440,2026-06-15
51442,2026-03-20
51443,2026-03-06
51444,2026-02-13
51446,2026-01-26
51447,2026-01-06
51448,2026-01-26
51452,2026-06-11
51454,2026-01-07
51455,2025-09-22
51459,2026-04-17
51460,2025-09-11
51463,2025-09-11
51464,2026-06-15
51465,2026-01-05
51466,2026-01-06
51467,2026-01-26
51468,2026-01-26
51471,2025-09-16
51474,2025-11-24
51475,2026-03-31
51477,2026-03-27
51478,2026-01-30
51479,2026-03-27
51483,2026-03-06
51491,2026-01-26
51492,2026-01-26
51494,2026-01-06
51495,2026-01-06
51499,2026-04-15
51502,2026-03-20
51503,2026-03-27
51506,2026-01-26
51507,2026-02-06
51510,2026-06-03
51512,2026-01-05
51516,2026-01-05
51518,2026-01-05
51522,2026-04-09
51523,2026-01-26
51524,2026-01-06
51526,2026-01-06
51527,2026-01-06
51529,2026-01-06
51530,2026-04-15
51533,2026-01-06
51534,2026-01-06
51535,2026-01-26
51539,2026-01-06
51540,2025-09-25
51541,2026-03-20
51542,2026-03-20
51543,2026-03-06
51544,2025-09-25
51546,2025-09-25
51548,2026-03-06
51550,2026-04-15
51551,2026-01-06
51553,2025-08-28
51561,2025-09-25
51562,2026-02-27
51563,2026-04-28
51564,2026-03-20
51565,2026-02-27
51566,2026-03-20
51568,2025-11-24
51570,2026-03-20
51571,2026-02-20
51574,2026-01-12
51576,2026-02-27
51577,2026-03-27
51578,2025-06-05
51579,2026-03-20
51580,2025-10-23
51581,2025-09-25
51582,2026-03-20
51585,2025-09-16
51586,2026-03-20
51587,2025-12-22
51588,2026-02-13
51589,2026-03-20
51592,2026-02-27
51593,2025-12-19
51595,2026-03-20
51596,2026-03-13
51598,2026-04-08
51601,2026-02-20
51602,2025-09-25
51604,2025-09-16
51606,2026-01-06
51608,2025-07-10
51609,2026-01-06
51611,2026-01-06
51615,2026-01-06
51618,2026-01-06
51622,2025-09-10
51623,2026-03-27
51627,2026-04-22
51628,2025-09-16
51631,2026-03-13
51632,2025-09-25
51635,2026-02-06
51636,2026-03-06
51637,2026-01-27
51640,2025-09-25
51641,2026-04-21
51642,2025-09-30
51649,2026-01-06
51650,2026-04-15
51653,2026-03-20
51655,2025-09-16
51656,2026-03-03
51657,2026-03-13
51659,2025-09-10
51660,2026-01-06
51661,2026-06-03
51666,2025-10-27
51667,2026-04-21
51672,2026-04-22
51674,2026-03-27
51675,2026-04-14
51677,2026-04-15
51678,2026-01-07
51681,2026-02-20
51684,2026-04-07
51688,2025-09-11
51690,2026-01-07
51698,2026-01-27
51701,2026-01-07
51703,2025-10-27
51704,2025-09-16
51706,2026-03-27
51708,2025-10-27
51709,2026-02-20
51711,2026-04-07
51712,2026-02-13
51713,2026-01-06
51714,2026-01-06
51715,2026-02-27
51716,2026-01-06
51718,2026-02-20
51725,2026-02-06
51728,2025-09-22
51729,2025-10-27
51730,2025-11-17
51731,2026-03-27
51732,2026-03-06
51734,2026-03-27
51737,2026-03-13
51745,2026-03-06
51749,2025-09-16
51750,2026-03-17
51751,2026-01-05
51752,2026-03-24
51754,2025-10-28
51756,2026-05-11
51758,2026-04-20
51764,2026-01-26
51765,2026-05-06
51767,2026-03-27
51768,2025-10-27
51770,2026-03-13
51771,2026-02-06
51772,2025-10-27
51775,2026-02-13
51780,2025-09-16
51781,2025-10-27
51783,2025-09-16
51784,2026-01-05
51786,2025-09-16
51791,2026-01-06
51792,2026-02-24
51793,2026-01-06
51795,2026-03-13
51796,2026-03-06
51797,2026-01-30
51799,2025-11-24
51800,2026-02-25
51801,2026-02-10
51804,2026-01-21
51805,2026-01-05
51807,2026-02-06
51809,2026-03-20
51810,2026-03-06
51811,2025-09-22
51816,2025-09-22
51817,2025-08-22
51818,2026-01-06
51819,2026-02-10
51821,2026-04-07
51825,2025-09-22
51826,2025-09-22
51828,2026-01-05
51829,2026-01-05
51831,2026-02-02
51832,2025-09-22
51834,2025-09-22
51836,2025-10-29
51838,2026-01-06
51839,2026-02-24
51840,2026-02-24
51841,2026-02-20
51842,2026-04-29
51844,2026-02-06
51846,2026-03-20
51847,2026-03-20
51848,2026-03-16
51849,2026-06-23
51852,2026-03-03
51853,2026-02-10
51859,2025-09-22
51862,2025-09-16
51866,2026-05-04
51869,2025-12-15
51870,2026-03-06
51874,2025-10-28
51875,2026-04-01
51876,2026-01-30
51878,2026-03-20
51879,2026-03-20
51880,2026-03-13
51881,2026-03-06
51882,2026-02-27
51884,2025-10-27
51885,2026-03-06
51886,2025-09-22
51887,2026-02-06
51888,2026-03-06
51890,2026-02-13
51892,2026-04-30
51893,2025-10-28
51895,2025-09-26
51896,2025-09-26
51897,2026-01-16
51899,2026-02-02
51900,2025-11-24
51903,2026-06-23
51904,2025-09-22
51906,2025-09-16
51907,2026-03-13
51909,2026-03-06
51910,2026-01-30
51911,2026-03-06
51913,2025-09-16
51914,2025-06-04
51915,2025-09-22
51916,2026-05-15
51917,2025-10-28
51918,2026-02-04
51919,2026-02-03
51921,2026-02-23
51923,2026-01-06
51924,2026-02-03
51925,2026-01-21
51928,2026-01-06
51929,2026-02-25
51931,2026-01-06
51932,2026-02-13
51933,2026-06-23
51936,2026-02-20
51937,2025-07-28
51938,2026-02-20
51940,2026-02-02
51941,2026-05-14
51942,2026-04-13
51943,2026-04-13
51945,2026-04-30
51946,2025-10-27
51947,2026-03-06
51948,2026-02-04
51950,2025-10-17
51951,2025-06-02
51952,2026-01-06
51953,2025-09-16
51954,2026-01-05
51955,2025-11-17
51956,2025-09-16
51958,2025-10-28
51959,2025-10-28
51960,2026-02-02
51966,2025-09-19
51967,2026-01-21
51968,2026-01-21
51970,2025-10-27
51971,2026-02-25
51983,2025-11-24
51984,2026-02-24
51985,2026-01-06
51986,2026-01-06
51989,2026-02-04
51990,2025-10-28
51992,2025-09-23
51995,2025-10-29
51997,2025-09-23
52002,2026-03-06
52003,2025-10-29
52004,2026-02-20
52010,2025-11-24
52012,2026-03-13
52014,2026-03-27
52017,2026-02-24
52020,2026-01-06
52021,2026-02-03
52024,2026-01-06
52025,2026-02-04
52026,2026-01-21
52028,2025-10-28
52032,2026-03-06
52033,2026-05-15
52035,2026-02-13
52036,2025-09-24
52038,2026-03-03
52040,2026-03-20
52041,2026-03-06
52042,2025-12-12
52043,2026-04-21
52047,2025-10-28
52049,2026-02-27
52053,2025-09-16
52055,2025-10-14
52058,2026-03-24
52060,2026-03-20
52061,2026-05-13
52062,2026-03-06
52063,2025-09-23
52064,2026-06-16
52065,2026-03-13
52066,2025-11-24
52067,2026-03-20
52068,2025-12-15
52069,2025-09-23
52070,2025-10-01
52072,2026-04-14
52078,2026-02-13
52079,2026-02-09
52080,2026-01-06
52081,2026-03-13
52082,2026-03-31
52083,2026-04-07
52085,2026-04-14
52086,2026-01-07
52087,2026-01-07
52089,2026-01-07
52090,2026-02-10
52092,2026-02-10
52094,2025-11-07
52095,2026-01-27
52098,2026-03-06
52100,2025-10-14
52102,2026-04-17
52104,2026-04-07
52107,2026-04-14
52108,2025-09-23
52110,2026-03-06
52112,2026-03-13
52113,2026-04-10
52114,2026-01-07
52115,2026-04-07
52116,2025-09-16
52118,2025-09-29
52119,2025-09-30
52121,2025-10-28
52123,2026-02-24
52126,2026-04-10
52128,2026-04-14
52130,2026-04-07
52131,2026-02-27
52132,2026-03-13
52133,2025-09-29
52136,2026-01-30
52139,2026-04-10
52143,2026-01-27
52144,2026-03-06
52146,2026-03-27
52147,2026-04-14
52148,2025-09-29
52150,2025-09-29
52151,2026-03-27
52155,2026-04-14
52156,2026-03-06
52157,2026-04-21
52159,2025-09-16
52160,2026-04-07
52162,2025-09-29
52163,2025-09-30
52164,2025-09-29
52165,2025-10-29
52168,2026-02-18
52169,2026-03-06
52171,2026-04-10
52172,2025-10-01
52173,2026-04-14
52174,2026-03-20
52175,2026-04-17
52176,2025-11-25
52178,2025-09-29
52179,2025-09-29
52181,2026-03-20
52182,2025-10-22
52184,2026-04-14
52185,2025-07-14
52186,2026-01-05
52188,2025-09-29
52191,2026-04-24
52193,2026-04-30
52195,2025-10-01
52196,2025-09-29
52199,2026-04-24
52200,2025-09-23
52203,2026-05-14
52205,2026-02-25
52206,2026-02-13
52207,2026-03-20
52208,2026-01-07
52209,2026-01-05
52211,2026-02-20
52212,2026-01-07
52213,2026-01-05
52214,2026-02-20
52215,2026-03-06
52217,2026-02-27
52221,2025-08-22
52222,2026-03-13
52225,2025-10-31
52226,2025-10-28
52228,2025-10-29
52230,2026-03-06
52231,2026-02-03
52234,2025-09-29
52235,2025-09-16
52236,2025-09-16
52237,2025-09-24
52239,2025-10-30
52240,2025-09-26
52241,2025-09-24
52242,2025-09-24
52243,2025-09-16
52244,2026-02-10
52245,2026-03-13
52252,2025-09-16
52253,2025-09-22
52255,2026-03-27
52256,2026-04-13
52257,2026-01-07
52259,2026-03-18
52260,2026-02-10
52264,2025-09-17
52267,2025-08-29
52268,2026-02-04
52270,2025-06-05
52275,2026-03-13
52276,2026-02-13
52278,2026-02-04
52284,2026-02-25
52286,2026-02-03
52287,2026-02-25
52288,2025-09-17
52290,2026-02-10
52293,2026-01-07
52294,2026-02-24
52296,2026-02-10
52297,2025-10-31
52298,2026-06-16
52299,2026-03-20
52301,2026-03-20
52302,2026-02-20
52303,2026-03-06
52304,2026-02-13
52305,2026-03-13
52306,2026-03-17
52307,2026-03-27
52309,2026-04-21
52310,2025-09-17
52311,2026-01-14
52312,2026-02-09
52315,2026-02-10
52316,2026-01-14
52320,2026-02-10
52322,2026-01-13
52329,2026-01-13
52331,2026-03-06
52332,2025-09-17
52336,2026-02-09
52337,2025-09-17
52338,2026-02-09
52339,2025-09-22
52340,2026-02-10
52343,2025-09-16
52346,2025-12-02
52347,2026-03-10
52348,2026-03-20
52350,2026-02-20
52351,2026-03-06
52353,2026-03-20
52354,2026-03-06
52355,2026-03-13
52356,2026-02-13
52357,2026-03-06
52359,2026-03-06
52362,2025-09-22
52363,2025-10-29
52364,2026-03-27
52366,2025-10-29
52367,2025-10-29
52369,2026-02-10
52371,2026-02-09
52372,2026-04-29
52374,2026-01-05
52375,2026-04-09
52376,2026-04-20
52377,2026-04-20
52378,2026-02-24
52380,2026-03-13
52382,2026-04-30
52383,2026-04-13
52385,2025-10-28
52387,2026-03-06
52391,2025-10-29
52392,2025-09-22
52393,2025-09-24
52394,2025-10-29
52397,2026-03-27
52401,2026-03-06
52408,2026-03-27
52411,2026-02-25
52412,2025-09-22
52414,2026-02-10
52424,2026-02-20
52425,2026-02-24
52426,2026-02-06
52427,2026-02-06
52428,2026-03-13
52429,2026-02-13
52430,2026-02-13
52433,2025-10-28
52434,2026-02-03
52435,2026-02-10
52436,2025-09-22
52437,2026-01-07
52438,2026-05-18
52441,2025-09-22
52443,2026-03-31
52446,2026-04-13
52447,2026-01-05
52448,2026-04-13
52449,2026-04-13
52450,2026-02-23
52451,2026-02-23
52453,2026-03-20
52458,2025-09-22
52460,2025-09-19
52463,2025-12-31
52464,2025-10-03
52465,2025-12-26
52466,2026-01-16
52472,2026-04-15
52473,2026-03-06
52474,2026-03-13
52475,2025-09-24
52477,2026-01-30
52479,2026-03-06
52480,2026-01-30
52481,2026-03-06
52482,2026-03-13
52484,2026-02-13
52488,2026-03-06
52489,2026-03-20
52490,2026-04-17
52491,2026-02-13
52492,2025-10-29
52495,2025-11-24
52498,2026-02-13
52499,2026-03-06
52500,2025-10-29
52501,2025-09-24
52502,2025-09-24
52503,2026-03-17
52506,2026-03-17
52510,2026-01-07
52511,2026-06-25
52513,2026-02-17
52517,2026-04-30
52518,2026-01-07
52520,2025-10-29
52521,2025-09-22
52524,2026-02-27
52525,2026-01-30
52526,2025-09-24
52527,2025-09-22
52528,2025-09-24
52530,2025-09-24
52532,2025-09-22
52536,2026-02-04
52538,2026-02-03
52541,2026-01-07
52542,2026-02-24
52543,2026-02-25
52546,2026-03-03
52548,2025-09-24
52549,2026-02-10
52550,2026-02-24
52551,2026-05-19
52552,2026-02-04
52553,2025-11-26
52557,2025-10-01
52558,2025-09-29
52559,2026-04-14
52560,2026-01-06
52565,2026-01-05
52568,2025-09-24
52570,2026-02-03
52571,2026-02-11
52575,2026-02-25
52576,2026-02-03
52578,2026-02-03
52579,2026-02-10
52580,2026-01-19
52581,2026-02-04
52586,2026-01-30
52588,2026-06-10
52589,2026-02-10
52592,2025-10-28
52596,2026-02-06
52597,2026-01-19
52598,2026-03-24
52599,2026-03-13
52600,2026-03-20
52601,2026-02-20
52606,2026-03-27
52607,2025-12-15
52609,2026-02-03
52611,2025-09-30
52612,2026-04-07
52618,2026-02-02
52619,2026-03-03
52622,2026-04-14
52623,2026-03-20
52624,2026-03-20
52625,2026-02-25
52627,2026-01-06
52629,2025-09-30
52630,2026-03-20
52632,2026-05-19
52633,2026-01-06
52635,2026-02-24
52638,2026-01-28
52641,2026-05-07
52642,2026-03-13
52643,2026-03-06
52644,2025-10-06
52646,2026-04-07
52648,2025-10-08
52649,2026-04-09
52650,2025-10-01
52651,2026-04-21
52652,2026-04-28
52653,2026-02-04
52656,2026-02-11
52657,2026-05-19
52658,2026-02-03
52659,2025-12-17
52660,2026-02-25
52662,2026-02-03
52665,2026-02-27
52666,2026-01-09
52668,2026-04-28
52669,2025-10-01
52670,2025-10-21
52672,2025-11-24
52673,2026-02-06
52677,2025-10-28
52681,2026-02-10
52682,2026-02-11
52683,2026-02-25
52685,2026-02-03
52686,2026-02-02
52687,2025-10-29
52688,2026-04-10
52689,2025-10-28
52690,2025-09-30
52691,2026-04-07
52692,2026-02-24
52694,2026-01-27
52696,2025-10-22
52698,2026-05-06
52703,2025-09-30
52704,2026-02-02
52705,2026-02-16
52706,2025-09-30
52707,2025-09-24
52708,2026-03-06
52709,2026-06-16
52710,2026-02-25
52711,2026-02-25
52712,2026-05-06
52713,2025-09-24
52714,2026-02-20
52716,2026-05-06
52718,2026-02-25
52719,2026-02-25
52720,2026-02-10
52721,2026-02-24
52722,2026-01-07
52726,2026-03-20
52727,2026-02-16
52728,2026-05-19
52729,2026-02-11
52731,2026-02-10
52733,2026-02-24
52734,2026-02-24
52735,2026-01-27
52737,2026-02-11
52739,2026-02-02
52740,2026-02-11
52743,2026-03-06
52744,2025-09-30
52746,2026-02-11
52747,2026-01-07
52748,2026-03-06
52750,2026-04-07
52751,2026-02-24
52752,2026-03-06
52753,2026-03-06
52754,2026-03-27
52755,2026-03-27
52756,2025-09-24
52757,2026-01-19
52760,2026-01-19
52761,2026-01-19
52763,2025-11-03
52764,2026-01-27
52766,2026-01-07
52769,2026-02-05
52770,2026-01-05
52773,2025-09-30
52775,2025-09-24
52776,2025-09-30
52777,2025-09-24
52778,2025-09-24
52779,2026-05-26
52780,2025-09-24
52782,2025-09-30
52783,2025-09-24
52784,2026-03-20
52785,2026-03-20
52786,2026-04-17
52788,2026-02-03
52790,2025-12-23
52791,2026-02-25
52792,2025-10-14
52793,2025-11-26
52795,2026-04-08
52799,2025-10-02
52800,2026-04-14
52803,2026-03-13
52804,2026-04-07
52805,2026-04-30
52806,2026-03-31
52808,2026-04-21
52810,2026-05-15
52811,2026-05-08
52812,2025-12-23
52814,2025-10-01
52816,2026-04-10
52817,2026-01-19
52820,2026-02-11
52821,2026-03-13
52823,2026-02-13
52825,2026-02-17
52829,2025-09-24
52830,2026-04-17
52831,2026-01-27
52832,2026-02-18
52833,2025-10-21
52835,2026-02-17
52836,2026-02-17
52838,2026-03-25
52839,2026-02-03
52841,2026-02-18
52842,2026-01-26
52844,2026-02-17
52845,2026-03-20
52846,2025-10-28
52847,2026-02-17
52849,2025-09-24
52850,2026-01-09
52851,2026-05-06
52855,2026-04-07
52856,2026-02-24
52857,2025-09-30
52859,2025-09-24
52860,2025-10-01
52861,2026-02-17
52862,2026-06-16
52865,2026-02-04
52866,2026-02-20
52868,2025-09-24
52874,2026-04-24
52875,2025-09-12
52879,2026-04-07
52880,2026-04-28
52882,2026-02-24
52883,2026-02-03
52884,2026-01-28
52885,2026-05-19
52886,2026-02-24
52887,2026-02-03
52888,2026-03-13
52891,2026-03-13
52892,2026-03-27
52894,2025-12-23
52895,2025-09-30
52898,2025-09-24
52899,2025-09-30
52900,2026-03-20
52902,2026-04-10
52904,2026-02-24
52905,2026-05-25
52906,2025-09-24
52907,2026-03-06
52908,2026-03-20
52909,2026-04-14
52916,2026-02-18
52917,2026-04-14
52918,2026-01-19
52923,2026-03-06
52925,2026-02-11
52926,2026-05-15
52927,2025-09-30
52928,2026-04-13
52930,2025-10-22
52931,2026-03-27
52933,2025-09-30
52934,2026-03-20
52935,2026-04-24
52937,2025-09-30
52939,2025-12-23
52940,2026-04-10
52941,2026-04-07
52942,2026-03-27
52943,2026-03-13
52944,2025-10-22
52945,2026-03-20
52946,2026-04-10
52947,2025-09-30
52948,2026-02-18
52949,2025-09-30
52950,2025-10-01
52952,2025-10-02
52953,2026-04-07
52955,2026-04-07
52956,2026-02-04
52957,2025-10-01
52958,2026-05-04
52961,2026-02-04
52962,2026-03-06
52962,2026-03-27
52963,2026-04-14
52965,2025-10-01
52966,2026-05-19
52968,2026-01-19
52969,2026-02-24
52971,2026-02-02
52976,2026-01-16
52978,2026-02-25
52979,2026-04-14
52980,2026-02-17
52981,2026-04-14
52982,2026-02-25
52983,2026-02-18
52984,2026-02-18
52985,2026-01-27
52986,2026-02-24
52987,2026-02-17
52988,2026-03-03
52989,2026-03-27
52990,2026-02-10
52991,2026-02-25
52993,2026-02-03
52994,2026-02-17
52995,2026-02-04
52996,2026-02-18
52999,2025-10-22
53001,2026-02-11
53002,2026-01-27
53003,2026-02-18
53004,2026-04-07
53005,2025-10-02
53008,2026-03-13
53009,2026-03-06
53010,2026-04-10
53011,2026-04-14
53012,2025-10-02
53013,2026-01-09
53014,2026-02-03
53016,2025-09-30
53019,2026-01-28
53020,2025-12-23
53021,2025-09-30
53025,2025-10-22
53027,2026-04-10
53030,2026-03-20
53031,2026-04-01
53032,2026-04-14
53033,2025-10-23
53034,2026-04-07
53037,2026-04-14
53039,2026-03-27
53040,2026-04-17
53043,2026-02-18
53044,2025-09-30
53045,2025-10-06
53046,2025-09-26
53048,2026-04-10
53049,2026-03-13
53050,2025-10-01
53052,2026-04-14
53053,2026-03-06
53056,2026-03-13
53057,2026-04-14
53058,2026-05-08
53060,2025-10-06
53061,2025-10-01
53063,2025-10-01
53065,2025-10-01
53067,2026-04-01
53068,2026-04-14
53071,2026-04-10
53072,2026-04-28
53073,2026-04-14
53076,2026-04-10
53077,2026-02-05
53078,2025-10-01
53079,2025-10-01
53081,2026-02-24
53084,2026-04-28
53086,2026-02-16
53087,2026-04-07
53088,2026-04-07
53089,2025-10-22
53090,2026-02-24
53091,2026-02-04
53094,2026-02-17
53095,2026-02-24
53096,2026-02-17
53097,2026-02-18
53098,2026-02-18
53099,2026-02-25
53102,2026-02-24
53103,2026-02-17
53104,2026-04-07
53105,2026-02-20
53106,2026-04-10
53107,2026-04-07
53108,2025-10-23
53110,2026-03-03
53111,2026-04-10
53112,2026-04-01
53113,2026-01-19
53114,2025-10-23
53116,2026-05-04
53120,2026-05-07
53121,2026-03-13
53123,2026-04-01
53124,2026-03-13
53125,2025-10-01
53126,2025-12-15
53127,2025-10-01
53131,2025-10-23
53134,2026-04-07
53135,2026-03-20
53136,2026-04-01
53137,2026-04-01
53138,2025-10-22
53139,2025-10-06
53141,2025-08-20
53142,2025-10-01
53143,2026-05-08
53144,2026-01-19
53145,2025-10-01
53147,2025-10-06
53149,2026-04-07
53151,2025-10-01
53152,2026-04-07
53153,2026-02-25
53154,2026-02-03
53157,2026-02-10
53159,2026-04-10
53160,2025-10-01
53162,2025-10-01
53165,2026-04-01
53166,2025-10-29
53168,2026-04-24
53169,2026-06-15
53172,2026-03-06
53173,2026-02-17
53174,2026-05-07
53175,2025-10-29
53176,2026-02-17
53177,2026-04-17
53178,2026-05-07
53180,2026-02-17
53182,2026-05-25
53183,2026-02-18
53187,2025-10-31
53188,2025-12-29
53189,2026-02-27
53190,2026-03-20
53191,2025-10-02
53193,2026-04-01
53194,2025-10-29
53197,2026-03-06
53198,2025-10-29
53199,2026-04-01
53200,2026-04-14
53201,2026-03-06
53202,2026-02-20
53203,2026-04-14
53204,2026-02-24
53206,2025-11-24
53207,2026-04-21
53210,2025-11-26
53211,2026-04-10
53212,2026-02-25
53216,2026-02-02
53217,2025-11-24
53221,2026-04-10
53222,2026-03-27
53224,2026-04-07
53227,2026-04-14
53229,2026-04-10
53230,2026-02-18
53231,2026-02-24
53232,2026-02-24
53233,2025-10-29
53234,2025-10-29
53236,2026-02-03
53239,2026-05-07
53241,2026-04-21
53242,2025-11-24
53243,2025-12-15
53245,2026-03-13
53246,2026-04-14
53250,2025-10-21
53251,2025-10-02
53252,2026-04-07
53253,2026-04-10
53254,2025-10-02
53255,2025-10-02
53257,2026-04-17
53259,2026-04-10
53260,2025-10-21
53261,2025-10-03
53262,2026-06-23
53265,2026-05-12
53266,2026-01-27
53268,2026-02-17
53269,2026-02-25
53270,2025-12-24
53271,2026-03-13
53273,2026-04-01
53275,2026-03-06
53276,2026-02-24
53277,2026-02-25
53279,2026-02-24
53280,2025-10-22
53282,2026-01-27
53284,2026-02-17
53285,2025-10-02
53286,2025-11-25
53288,2026-02-24
53289,2026-03-06
53290,2026-04-14
53291,2026-04-17
53292,2025-10-22
53294,2026-02-11
53296,2025-10-02
53297,2026-05-05
53298,2026-02-17
53299,2026-02-03
53300,2026-05-07
53301,2025-10-02
53302,2026-04-01
53303,2026-02-18
53304,2026-03-20
53307,2026-01-19
53310,2026-04-01
53311,2025-10-02
53312,2025-10-07
53314,2025-10-07
53315,2025-11-25
53316,2026-04-01
53317,2025-10-22
53318,2026-03-13
53319,2025-10-03
53321,2026-04-10
53323,2026-04-01
53324,2025-11-25
53327,2026-03-20
53328,2026-03-31
53329,2026-04-13
53332,2025-10-07
53333,2026-04-14
53334,2025-12-29
53336,2026-04-07
53337,2025-10-07
53338,2026-06-15
53340,2026-02-03
53342,2026-01-06
53343,2026-04-10
53344,2026-04-01
53345,2026-04-07
53346,2026-02-16
53348,2025-10-07
53349,2026-04-07
53351,2026-04-07
53352,2026-04-14
53353,2025-10-02
53354,2025-10-02
53357,2026-01-19
53358,2026-04-14
53359,2026-04-17
53362,2025-10-08
53364,2025-10-09
53366,2026-04-17
53368,2025-10-22
53372,2026-04-07
53373,2026-04-17
53374,2026-04-24
53375,2026-02-17
53376,2026-02-25
53378,2026-04-29
53379,2026-02-25
53380,2026-02-04
53381,2026-02-24
53384,2025-10-14
53385,2026-04-24
53389,2025-10-23
53390,2025-10-23
53392,2025-10-14
53393,2026-02-17
53395,2026-02-03
53397,2026-02-16
53398,2026-05-19
53399,2026-05-08
53401,2026-04-21
53402,2026-04-10
53404,2025-10-06
53405,2025-10-06
53407,2026-04-10
53408,2026-01-27
53409,2026-04-10
53412,2026-05-19
53413,2025-10-14
53416,2026-02-18
53417,2026-02-17
53418,2026-02-17
53419,2026-02-18
53421,2025-10-06
53422,2025-10-14
53423,2025-10-14
53424,2026-05-07
53425,2025-10-17
53429,2026-04-14
53430,2026-02-20
53432,2026-02-11
53437,2026-05-07
53438,2026-02-17
53439,2026-02-18
53440,2026-02-18
53442,2026-01-26
53443,2026-02-25
53444,2026-02-18
53446,2025-10-14
53447,2026-04-07
53449,2026-02-02
53450,2026-04-14
53451,2025-10-27
53453,2026-02-04
53456,2026-01-06
53458,2026-04-07
53460,2026-05-08
53461,2026-04-07
53462,2026-04-07
53463,2026-04-07
53464,2026-04-14
53465,2026-05-26
53466,2026-04-21
53469,2026-04-07
53471,2026-04-10
53472,2025-10-23
53474,2026-02-17
53475,2026-03-03
53481,2025-10-15
53482,2026-02-18
53485,2025-10-28
53486,2026-04-14
53488,2026-04-07
53489,2025-10-28
53491,2026-04-07
53492,2026-04-07
53493,2025-10-28
53494,2025-10-28
53499,2026-05-21
53500,2025-10-06
53502,2026-02-25
53503,2026-02-03
53506,2025-09-17
53507,2025-10-06
53508,2025-11-25
53509,2025-10-06
53511,2025-10-07
53513,2026-05-12
53514,2026-01-26
53515,2026-04-15
53516,2025-10-06
53518,2026-02-17
53519,2025-11-26
53520,2026-01-20
53521,2026-01-26
53522,2026-02-24
53523,2026-02-18
53526,2026-05-19
53528,2025-10-06
53532,2025-09-30
53539,2026-02-11
53541,2026-02-10
53542,2026-02-03
53543,2026-04-21
53545,2026-02-03
53547,2026-02-17
53550,2025-11-24
53552,2026-02-23
53553,2026-04-10
53554,2026-02-25
53555,2026-02-17
53556,2026-02-17
53557,2026-02-17
53558,2026-02-04
53559,2026-02-11
53560,2026-01-27
53561,2025-08-28
53563,2026-01-19
53566,2025-09-30
53567,2026-04-30
53568,2026-04-14
53570,2026-04-07
53571,2026-04-17
53573,2026-04-07
53575,2026-04-07
53578,2026-05-08
53582,2026-02-03
53583,2026-02-17
53584,2026-03-03
53585,2025-10-21
53587,2026-02-11
53589,2026-02-11
53591,2026-04-17
53593,2025-10-06
53594,2026-04-21
53596,2026-01-06
53597,2025-10-24
53601,2026-05-19
53602,2026-04-10
53604,2025-09-30
53605,2026-04-10
53606,2025-12-23
53607,2026-02-03
53608,2026-04-24
53609,2025-09-30
53610,2026-04-10
53611,2026-04-17
53613,2026-02-17
53614,2026-02-24
53616,2025-10-29
53618,2026-04-17
53619,2026-04-21
53620,2025-10-01
53621,2025-10-06
53625,2026-02-17
53626,2026-04-07
53627,2025-11-25
53630,2026-02-03
53631,2025-10-06
53632,2026-04-17
53637,2026-04-10
53638,2025-11-21
53640,2026-04-10
53641,2025-10-01
53646,2026-04-14
53647,2026-05-07
53649,2026-04-17
53650,2026-04-10
53652,2025-10-01
53653,2026-02-20
53655,2026-02-03
53656,2026-02-03
53657,2026-04-07
53658,2026-05-08
53659,2026-05-07
53660,2026-04-17
53662,2025-10-06
53664,2025-10-06
53666,2026-01-06
53667,2025-10-06
53668,2025-10-01
53669,2026-01-26
53670,2026-06-02
53671,2026-04-07
53674,2026-04-13
53675,2025-10-06
53676,2026-04-14
53679,2025-10-01
53681,2025-10-06
53682,2026-02-17
53684,2026-02-11
53685,2026-02-03
53686,2026-02-11
53688,2026-01-28
53689,2026-02-03
53690,2026-02-11
53691,2026-02-03
53692,2025-10-17
53693,2026-04-07
53694,2025-10-06
53697,2026-02-20
53700,2026-04-14
53701,2026-06-02
53702,2025-10-07
53703,2026-02-17
53707,2026-04-07
53708,2025-10-06
53710,2026-02-16
53711,2025-10-01
53712,2026-04-07
53714,2026-04-10
53715,2026-04-14
53716,2026-01-06
53717,2026-04-24
53718,2026-02-03
53720,2025-10-01
53721,2026-02-17
53722,2026-02-18
53725,2026-04-10
53726,2026-04-09
53727,2025-11-25
53728,2026-04-24
53729,2025-10-06
53731,2026-04-10
53732,2026-04-14
53733,2026-04-07
53734,2025-10-06
53735,2026-04-07
53737,2026-04-10
53739,2025-10-01
53743,2026-04-14
53745,2026-04-21
53747,2026-04-14
53748,2026-04-17
53750,2026-02-25
53753,2026-01-06
53755,2026-04-07
53758,2026-04-10
53759,2025-12-15
53760,2025-11-25
53762,2026-04-14
53764,2025-10-08
53765,2026-02-17
53766,2026-04-10
53767,2026-04-21
53768,2025-10-08
53770,2025-11-24
53771,2026-04-14
53772,2026-04-10
53777,2025-10-01
53778,2026-04-28
53779,2025-10-08
53781,2026-04-10
53782,2026-05-12
53783,2026-05-15
53784,2026-04-24
53785,2026-05-08
53786,2026-05-06
53787,2026-01-06
53788,2026-04-07
53789,2025-10-07
53791,2025-10-07
53792,2025-11-25
53794,2025-10-08
53795,2026-05-08
53796,2025-10-07
53798,2026-02-03
53802,2026-04-14
53803,2025-10-01
53804,2025-11-25
53805,2026-04-10
53807,2026-04-14
53808,2025-10-01
53809,2026-04-10
53810,2025-10-07
53811,2025-10-01
53812,2026-02-18
53813,2026-02-11
53815,2026-02-11
53816,2026-02-24
53817,2026-01-19
53818,2026-02-18
53821,2026-02-17
53824,2026-02-17
53825,2026-02-11
53827,2026-04-07
53828,2025-10-07
53829,2026-05-08
53831,2025-10-08
53833,2026-04-14
53834,2026-03-31
53835,2026-04-17
53837,2025-07-11
53839,2026-02-18
53840,2026-02-11
53842,2026-04-14
53844,2026-02-11
53846,2026-04-07
53848,2025-10-07
53850,2025-10-21
53851,2026-05-05
53852,2025-10-07
53854,2026-05-07
53855,2026-02-11
53856,2026-04-09
53858,2026-04-07
53861,2026-04-07
53862,2026-04-24
53863,2026-04-17
53864,2025-10-24
53866,2025-10-21
53867,2026-01-27
53870,2026-04-17
53872,2026-04-17
53874,2025-10-02
53875,2025-10-07
53876,2026-04-14
53877,2025-10-07
53878,2025-10-07
53884,2026-02-24
53887,2025-10-21
53890,2026-02-17
53891,2025-09-29
53893,2026-04-07
53894,2025-10-07
53896,2026-02-18
53897,2026-02-17
53898,2026-04-09
53900,2026-04-07
53903,2026-06-02
53904,2026-04-10
53906,2026-04-14
53907,2026-02-17
53908,2026-02-11
53909,2026-04-14
53911,2025-09-29
53912,2026-04-24
53915,2026-04-14
53916,2026-04-07
53917,2026-02-11
53918,2026-03-13
53922,2026-05-08
53924,2026-02-11
53925,2026-04-10
53926,2026-05-05
53928,2025-10-21
53930,2026-02-25
53931,2025-10-08
53932,2026-04-24
53934,2025-10-08
53935,2025-10-02
53937,2026-04-14
53939,2026-04-07
53940,2026-04-10
53943,2025-09-29
53946,2026-04-07
53951,2026-04-10
53952,2025-10-07
53953,2026-04-10
53954,2026-04-14
53956,2026-04-10
53959,2025-09-29
53960,2025-09-29
53962,2025-09-29
53963,2026-01-27
53965,2026-02-03
53966,2026-02-17
53968,2026-02-11
53971,2026-04-10
53974,2026-04-10
53975,2025-10-07
53976,2026-05-19
53977,2025-09-30
53983,2026-02-18
53984,2026-02-25
53985,2026-02-11
53986,2025-10-14
53987,2026-02-25
53988,2026-02-11
53990,2026-02-11
53991,2026-04-07
53992,2026-02-03
53993,2026-02-03
53994,2026-04-14
53996,2026-02-03
53997,2026-02-24
53998,2026-02-18
53999,2026-02-23
54001,2026-02-11
54002,2026-04-07
54003,2026-02-24
54004,2026-02-11
54006,2026-05-07
54007,2026-05-05
54008,2026-01-27
54009,2026-02-25
54010,2026-02-03
54011,2026-02-24
54013,2025-10-22
54014,2026-04-24
54016,2026-02-18
54017,2026-02-18
54020,2026-02-04
54021,2025-10-07
54022,2025-10-07
54023,2026-04-07
54025,2026-05-07
54026,2026-05-26
54027,2025-10-23
54029,2025-09-30
54031,2026-05-26
54032,2026-01-06
54033,2026-04-14
54034,2025-09-30
54036,2026-04-17
54037,2026-04-07
54038,2026-05-07
54039,2025-09-30
54041,2025-09-30
54042,2026-01-27
54043,2026-02-18
54044,2026-04-14
54046,2026-05-26
54047,2026-04-14
54049,2026-04-14
54050,2026-01-06
54051,2026-04-10
54052,2026-01-06
54055,2025-10-06
54056,2026-04-28
54058,2025-10-07
54059,2026-04-24
54061,2026-05-15
54067,2026-04-28
54069,2026-04-21
54070,2025-10-22
54071,2026-02-17
54072,2026-05-05
54074,2025-10-07
54076,2026-01-19
54077,2026-04-14
54078,2025-10-07
54079,2026-02-03
54082,2026-04-14
54084,2025-10-07
54085,2026-06-04
54086,2026-04-24
54090,2025-10-08
54092,2026-04-17
54093,2026-04-10
54094,2026-02-24
54095,2026-01-28
54096,2026-04-14
54098,2025-10-07
54099,2026-01-05
54101,2026-02-18
54102,2026-02-24
54104,2026-04-10
54106,2026-02-02
54107,2026-04-29
54110,2026-04-14
54111,2026-02-17
54112,2025-09-30
54113,2025-10-30
54114,2026-04-07
54116,2025-10-07
54117,2025-10-09
54118,2025-10-30
54124,2025-10-30
54126,2025-10-30
54127,2026-04-14
54128,2026-04-13
54130,2026-04-07
54131,2026-04-14
54133,2026-04-17
54134,2026-04-14
54136,2026-02-11
54138,2026-05-15
54141,2026-04-14
54143,2026-04-17
54145,2026-04-10
54146,2026-04-10
54147,2026-04-10
54148,2026-02-20
54152,2026-04-14
54153,2026-04-10
54155,2026-05-08
54159,2026-05-12
54160,2026-05-26
54163,2026-05-12
54165,2026-03-16
54166,2026-04-28
54167,2026-04-28
54168,2026-05-15
54171,2025-10-24
54172,2026-05-12
54173,2026-04-28
54174,2026-02-16
54175,2026-05-12
54177,2025-10-24
54181,2026-05-05
54182,2026-01-06
54183,2025-10-30
54184,2025-10-30
54185,2026-06-04
54186,2026-05-12
54188,2026-03-03
54189,2026-04-28
54191,2026-05-12
54192,2026-04-07
54193,2026-04-07
54197,2026-05-12
54198,2026-04-28
54199,2026-05-05
54200,2026-05-12
54202,2026-02-25
54203,2026-01-21
54205,2025-09-30
54206,2026-04-10
54210,2025-10-14
54212,2025-10-14
54213,2026-04-28
54215,2026-05-12
54217,2026-02-27
54219,2026-04-07
54220,2026-05-12
54223,2026-04-07
54224,2026-02-03
54230,2025-09-29
54232,2025-09-29
54235,2026-04-28
54243,2026-03-25
54244,2026-05-12
54245,2026-05-05
54246,2025-11-26
54248,2026-05-19
54249,2025-10-24
54250,2026-03-04
54253,2025-10-24
54255,2026-03-04
54257,2026-06-01
54258,2026-04-15
54259,2026-02-03
54260,2025-09-29
54261,2026-04-09
54262,2025-10-30
54263,2025-10-30
54264,2026-04-28
54266,2025-12-30
54267,2026-02-17
54268,2026-01-20
54269,2026-01-27
54272,2026-04-24
54273,2026-04-17
54274,2026-04-28
54276,2026-05-08
54277,2026-05-08
54278,2026-04-10
54279,2026-05-12
54280,2026-05-08
54281,2026-04-28
54282,2026-05-08
54283,2025-11-25
54284,2026-04-28
54285,2026-05-08
54287,2025-10-24
54288,2025-10-14
54289,2026-04-28
54290,2026-05-12
54291,2025-10-14
54294,2026-05-26
54295,2026-05-15
54297,2026-05-19
54298,2026-05-12
54299,2025-10-14
54300,2026-04-28
54302,2026-05-08
54305,2026-05-08
54306,2025-10-24
54307,2026-03-03
54308,2026-02-17
54309,2026-05-05
54312,2025-11-25
54313,2026-05-12
54314,2026-05-12
54317,2026-04-10
54318,2026-04-28
54319,2025-10-24
54321,2025-10-14
54327,2026-02-17
54330,2026-04-17
54331,2025-10-30
54334,2025-10-15
54335,2026-03-17
54336,2026-02-25
54337,2026-02-18
54338,2026-02-18
54339,2026-02-18
54340,2026-02-16
54341,2026-04-21
54343,2026-02-25
54346,2025-11-25
54351,2026-04-28
54352,2026-05-19
54353,2026-05-12
54354,2026-04-28
54356,2026-05-19
54359,2026-05-12
54361,2026-02-02
54367,2025-10-24
54368,2025-10-15
54369,2025-10-15
54372,2026-03-17
54373,2026-05-05
54374,2026-04-28
54377,2026-05-05
54380,2026-05-12
54382,2026-02-24
54383,2026-04-28
54384,2025-10-15
54385,2026-02-16
54386,2026-04-10
54388,2026-02-16
54394,2026-05-12
54395,2026-03-24
54396,2026-03-11
54397,2026-02-18
54398,2026-02-18
54400,2026-02-17
54401,2026-02-11
54402,2026-02-25
54403,2026-01-27
54405,2026-03-02
54406,2026-02-24
54407,2026-02-18
54408,2026-05-08
54409,2026-05-19
54410,2026-01-16
54412,2026-05-05
54413,2026-05-08
54415,2026-02-16
54416,2025-09-29
54418,2026-03-02
54419,2026-03-18
54420,2026-02-23
54421,2026-03-06
54423,2026-03-24
54424,2025-09-29
54426,2025-10-15
54428,2026-05-08
54429,2026-05-05
54430,2026-05-12
54431,2025-10-24
54433,2026-04-28
54436,2025-10-15
54437,2026-04-28
54438,2026-05-19
54440,2026-03-02
54441,2026-05-05
54443,2026-05-12
54446,2026-05-05
54448,2025-10-15
54450,2025-10-15
54451,2026-05-05
54453,2026-05-06
54454,2026-01-20
54456,2025-11-24
54458,2026-01-16
54459,2025-11-21
54461,2025-11-21
54462,2026-02-06
54466,2026-03-20
54467,2026-02-20
54470,2025-07-08
54471,2026-04-17
54473,2026-01-16
54475,2026-03-27
54476,2026-04-17
54477,2026-02-20
54481,2025-10-07
54482,2026-05-12
54483,2026-05-12
54484,2025-10-07
54486,2025-10-15
54487,2026-03-18
54488,2026-04-28
54490,2026-04-28
54491,2026-04-28
54496,2025-10-07
54497,2026-04-28
54498,2026-04-28
54499,2025-12-30
54502,2025-12-31
54503,2026-02-24
54504,2025-10-08
54505,2026-03-04
54507,2025-12-31
54508,2026-05-12
54509,2026-03-25
54510,2026-02-17
54511,2026-05-05
54513,2026-02-02
54515,2025-10-08
54516,2026-05-12
54518,2025-10-22
54519,2025-10-08
54521,2026-05-12
54522,2026-05-12
54524,2026-05-15
54525,2026-02-02
54529,2025-10-08
54530,2025-10-22
54531,2026-05-08
54532,2026-03-25
54533,2026-03-17
54534,2026-03-24
54535,2026-02-23
54538,2026-04-28
54539,2026-03-17
54540,2026-02-23
54541,2026-03-18
54542,2026-04-28
54543,2025-10-31
54544,2026-04-24
54545,2025-09-30
54547,2026-04-10
54548,2025-10-30
54549,2025-09-30
54550,2025-10-31
54551,2025-10-30
54553,2026-01-28
54554,2026-02-16
54555,2025-10-30
54557,2026-04-07
54558,2026-04-10
54559,2026-04-28
54561,2026-02-23
54562,2026-03-24
54564,2026-05-05
54566,2026-05-22
54567,2026-05-05
54569,2026-05-12
54570,2026-05-08
54572,2025-10-08
54573,2026-03-10
54576,2026-05-05
54577,2026-06-24
54578,2026-04-28
54579,2026-04-28
54580,2025-10-22
54581,2026-04-28
54582,2026-05-15
54583,2025-10-21
54584,2025-10-08
54586,2026-05-12
54587,2026-05-12
54588,2026-05-29
54590,2026-05-12
54591,2026-02-16
54592,2026-04-28
54593,2026-03-02
54597,2026-05-15
54598,2025-10-21
54599,2026-05-12
54604,2025-10-30
54605,2025-10-30
54606,2026-03-10
54607,2026-05-15
54611,2026-05-08
54612,2026-05-12
54613,2026-04-28
54614,2026-03-10
54615,2026-02-23
54616,2026-05-12
54617,2026-03-10
54618,2026-02-16
54619,2026-04-10
54623,2026-05-05
54624,2026-04-28
54625,2026-05-05
54626,2026-04-17
54630,2026-02-16
54631,2025-10-30
54632,2025-10-15
54633,2025-10-16
54635,2025-10-08
54636,2025-12-31
54637,2026-03-27
54638,2025-10-08
54639,2025-10-08
54640,2025-12-24
54642,2026-02-16
54644,2025-10-16
54646,2026-02-16
54647,2026-03-03
54650,2025-11-26
54651,2026-06-03
54652,2026-02-20
54655,2026-04-28
54656,2026-05-05
54657,2026-05-29
54658,2025-10-23
54659,2026-04-13
54662,2026-04-28
54664,2026-05-05
54667,2026-05-12
54669,2026-01-20
54670,2026-05-08
54671,2025-10-15
54673,2026-05-05
54674,2025-10-08
54676,2025-10-16
54679,2025-10-22
54680,2025-10-16
54682,2025-10-08
54685,2025-10-30
54687,2025-10-21
54688,2025-10-15
54689,2026-04-17
54691,2025-10-13
54694,2025-10-20
54695,2025-10-20
54696,2025-10-08
54697,2025-10-21
54698,2026-05-05
54699,2025-10-20
54701,2025-11-25
54702,2025-10-14
54703,2025-10-21
54705,2026-02-02
54707,2026-05-12
54709,2026-05-22
54711,2026-05-12
54713,2026-05-12
54714,2026-04-28
54717,2026-05-05
54718,2026-05-05
54719,2026-05-12
54720,2026-05-15
54721,2025-10-08
54722,2026-05-15
54724,2025-10-08
54726,2026-04-28
54730,2026-05-08
54731,2026-03-23
54732,2026-03-18
54734,2026-03-11
54735,2026-03-10
54736,2026-05-15
54737,2026-03-17
54738,2026-02-16
54739,2026-03-25
54741,2026-02-11
54743,2026-02-25
54744,2026-02-03
54745,2026-04-10
54746,2026-01-16
54748,2026-04-30
54749,2026-04-07
54750,2025-10-08
54751,2025-10-14
54753,2026-05-05
54754,2026-05-12
54756,2026-04-28
54762,2026-02-20
54765,2026-05-05
54766,2026-04-10
54768,2026-03-13
54769,2026-02-23
54771,2026-05-05
54773,2026-05-12
54775,2026-04-28
54778,2026-03-18
54780,2025-10-08
54781,2026-02-24
54786,2026-03-27
54787,2025-10-06
54788,2025-10-20
54790,2026-05-15
54791,2026-04-24
54793,2026-03-18
54794,2026-03-24
54795,2026-01-30
54799,2026-05-12
54800,2025-10-20
54802,2026-05-12
54805,2026-05-05
54810,2026-04-28
54812,2025-10-08
54813,2026-03-16
54814,2026-05-29
54816,2026-05-12
54818,2026-05-05
54822,2026-05-12
54823,2026-06-08
54824,2026-01-27
54825,2026-04-28
54826,2026-05-12
54827,2026-04-28
54830,2026-02-02
54831,2026-03-02
54832,2026-03-17
54833,2026-03-02
54834,2026-03-03
54835,2026-03-24
54836,2026-04-28
54840,2025-10-20
54841,2026-02-16
54845,2026-03-03
54846,2026-03-25
54847,2026-03-25
54848,2026-03-16
54850,2026-02-16
54853,2025-10-08
54854,2025-10-20
54856,2026-05-19
54857,2026-05-26
54858,2026-05-05
54862,2026-05-05
54867,2026-04-28
54870,2026-05-12
54871,2026-01-16
54872,2026-04-28
54879,2025-10-08
54880,2026-03-18
54882,2025-10-20
54883,2026-04-28
54884,2026-05-12
54885,2025-10-20
54888,2026-05-12
54893,2026-04-28
54894,2026-05-19
54896,2025-10-08
54897,2026-04-28
54899,2025-10-22
54901,2026-02-24
54902,2026-05-05
54904,2026-05-05
54908,2026-05-12
54909,2025-10-20
54910,2025-10-08
54912,2025-10-20
54913,2025-10-08
54914,2026-05-12
54915,2026-05-15
54916,2026-05-05
54918,2025-10-20
54919,2025-10-23
54920,2025-10-08
54921,2026-05-08
54922,2026-03-17
54923,2026-04-28
54924,2026-03-25
54925,2025-10-29
54926,2026-05-08
54927,2025-10-08
54928,2026-05-12
54929,2026-01-20
54930,2026-04-28
54931,2026-05-05
54935,2026-05-12
54937,2026-05-15
54939,2026-04-28
54940,2026-05-08
54941,2026-05-08
54943,2026-05-05
54946,2025-10-22
54950,2025-10-08
54951,2026-03-10
54953,2026-03-24
54954,2026-03-17
54955,2026-03-10
54956,2026-03-04
54957,2026-03-04
54958,2026-05-15
54959,2025-10-09
54962,2026-03-25
54963,2026-03-25
54965,2025-10-09
54966,2025-10-21
54969,2026-04-28
54970,2026-05-15
54971,2025-10-14
54975,2026-05-05
54976,2026-05-08
54977,2025-10-09
54980,2026-01-20
54981,2025-10-22
54982,2026-04-28
54983,2026-05-12
54985,2026-05-05
54986,2025-10-14
54988,2026-01-05
54992,2026-05-07
54993,2026-04-28
54994,2026-05-29
54995,2026-05-12
54996,2025-10-22
54997,2026-04-28
54998,2026-05-19
54999,2026-05-12
55005,2025-10-21
55007,2026-04-28
55008,2026-05-19
55010,2026-01-09
55013,2025-09-10
55014,2026-05-07
55015,2026-05-19
55016,2026-01-28
55017,2026-05-05
55019,2026-03-18
55024,2026-05-15
55025,2026-05-08
55027,2026-05-19
55031,2025-10-22
55032,2026-05-19
55033,2026-04-28
55035,2026-05-05
55036,2026-04-28
55037,2026-05-19
55039,2025-10-14
55042,2025-10-13
55043,2025-10-13
55044,2025-10-13
55047,2026-05-19
55048,2025-10-21
55050,2025-10-30
55052,2025-10-14
55053,2025-10-16
55055,2025-10-13
55056,2026-05-29
55059,2025-10-13
55060,2025-10-21
55061,2025-10-14
55062,2025-10-13
55064,2026-03-24
55065,2025-10-14
55066,2026-04-28
55067,2025-10-14
55072,2025-10-15
55073,2025-09-01
55074,2026-03-04
55075,2026-01-16
55077,2025-10-09
55079,2025-10-15
55080,2026-05-05
55083,2025-10-15
55086,2026-05-15
55087,2026-05-15
55090,2026-05-19
55091,2026-06-03
55093,2026-05-08
55095,2026-02-16
55097,2026-05-19
55099,2026-02-03
55102,2026-03-03
55104,2026-05-05
55105,2026-05-08
55106,2025-10-15
55108,2026-05-12
55109,2026-04-28
55110,2026-05-22
55111,2026-05-29
55112,2025-10-14
55114,2026-05-12
55115,2025-10-15
55116,2026-05-08
55119,2025-10-14
55120,2026-05-19
55121,2026-05-12
55123,2025-10-21
55124,2026-05-08
55125,2026-03-17
55126,2026-03-10
55127,2026-04-10
55128,2026-02-24
55129,2025-12-02
55131,2025-10-16
55132,2026-05-19
55133,2025-10-29
55134,2025-10-15
55135,2025-10-14
55137,2026-03-24
55138,2026-04-28
55139,2025-11-26
55140,2026-05-19
55141,2025-10-22
55142,2026-03-04
55143,2025-10-22
55144,2025-10-14
55145,2025-10-16
55146,2025-10-14
55147,2026-05-15
55148,2026-04-28
55149,2025-10-23
55152,2026-05-05
55154,2026-05-22
55156,2026-05-22
55157,2026-05-22
55159,2025-10-14
55162,2026-05-22
55166,2025-10-13
55168,2026-05-05
55169,2026-05-29
55170,2025-11-21
55172,2026-05-22
55174,2026-05-08
55175,2025-08-28
55176,2026-05-19
55180,2026-03-18
55182,2026-03-10
55184,2026-03-10
55185,2025-10-21
55186,2025-11-21
55189,2026-03-18
55190,2026-03-24
55191,2026-03-18
55193,2026-03-17
55194,2026-03-10
55195,2026-05-19
55196,2025-10-22
55197,2025-10-27
55198,2026-03-16
55199,2026-03-25
55200,2026-03-24
55201,2026-03-18
55204,2026-03-03
55205,2026-05-13
55206,2026-03-10
55208,2026-03-10
55209,2026-03-24
55210,2026-03-11
55211,2026-03-06
55212,2026-03-17
55213,2026-03-04
55214,2026-03-11
55215,2026-03-24
55218,2026-03-18
55219,2026-02-11
55220,2026-03-03
55221,2026-03-17
55222,2026-03-18
55224,2026-05-22
55225,2026-03-24
55226,2026-03-24
55227,2025-10-22
55228,2026-03-24
55229,2026-02-23
55233,2026-03-25
55234,2026-03-17
55236,2026-03-25
55237,2026-03-24
55238,2026-03-11
55239,2026-03-04
55243,2026-03-04
55245,2025-10-13
55247,2026-05-12
55249,2026-03-18
55252,2025-10-13
55253,2025-10-21
55255,2026-05-22
55256,2026-05-05
55257,2026-05-22
55258,2026-06-18
55261,2025-08-28
55262,2026-05-12
55264,2026-05-08
55265,2025-10-15
55266,2026-03-03
55267,2025-11-26
55268,2025-09-17
55269,2025-09-22
55270,2025-08-28
55271,2025-09-10
55272,2026-05-22
55274,2026-02-24
55277,2026-03-10
55278,2026-02-16
55280,2026-05-22
55285,2026-05-08
55286,2026-05-22
55289,2025-10-22
55290,2025-10-15
55293,2025-10-16
55294,2026-05-22
55295,2025-10-15
55297,2026-03-17
55298,2025-10-15
55299,2025-10-15
55301,2026-03-06
55302,2026-03-10
55306,2026-05-22
55307,2026-05-22
55309,2025-11-28
55311,2025-10-15
55312,2026-05-22
55313,2026-03-17
55314,2026-03-25
55319,2026-05-05
55320,2025-10-15
55321,2026-05-15
55323,2026-04-28
55327,2026-05-22
55328,2025-10-14
55329,2026-05-22
55332,2026-05-22
55333,2026-03-10
55334,2026-03-18
55335,2026-05-12
55336,2026-05-22
55337,2025-11-25
55338,2025-10-13
55341,2026-05-22
55343,2026-05-22
55344,2026-03-10
55345,2026-05-22
55346,2026-03-03
55348,2026-05-12
55349,2025-10-20
55350,2025-10-20
55351,2026-02-06
55353,2026-03-24
55354,2026-05-22
55355,2025-12-24
55357,2026-05-22
55358,2026-06-18
55360,2025-10-13
55361,2026-03-18
55362,2025-10-13
55368,2026-05-12
55369,2026-05-12
55371,2026-05-22
55373,2026-03-24
55374,2025-11-10
55375,2025-10-20
55376,2026-03-04
55378,2026-03-10
55381,2025-10-03
55382,2025-08-25
55384,2025-10-13
55385,2025-10-22
55386,2026-05-12
55387,2026-03-17
55388,2026-02-16
55389,2026-02-16
55390,2025-10-03
55391,2025-07-10
55396,2025-10-24
55397,2025-12-22
55399,2025-11-21
55401,2026-03-23
55404,2025-12-19
55409,2026-05-12
55411,2026-03-18
55412,2025-07-10
55413,2025-10-31
55415,2025-10-13
55416,2026-04-28
55419,2026-05-05
55421,2025-10-03
55422,2026-02-06
55423,2025-10-31
55425,2026-04-10
55428,2025-07-14
55430,2026-04-22
55433,2025-10-13
55434,2025-11-25
55435,2025-11-21
55436,2026-05-22
55438,2026-05-22
55439,2026-05-12
55440,2026-05-22
55443,2026-05-08
55444,2026-04-21
55445,2026-05-22
55446,2025-10-20
55448,2025-10-31
55449,2026-03-27
55451,2026-03-24
55454,2026-04-28
55456,2026-05-12
55457,2026-05-22
55458,2026-05-08
55459,2026-05-22
55465,2026-05-22
55467,2026-03-09
55468,2025-10-13
55469,2026-01-20
55472,2026-05-08
55474,2026-04-28
55477,2026-05-05
55478,2025-10-13
55481,2026-02-23
55482,2025-11-06
55486,2025-10-20
55487,2025-10-16
55491,2026-05-22
55494,2026-05-22
55495,2026-03-10
55497,2025-08-21
55499,2026-03-18
55500,2026-03-25
55501,2025-10-16
55504,2026-05-22
55505,2026-05-08
55508,2026-04-28
55512,2026-05-22
55513,2026-03-17
55514,2026-03-03
55516,2026-05-22
55517,2026-05-22
55518,2026-03-27
55521,2026-04-28
55522,2026-05-22
55523,2026-05-22
55524,2026-02-20
55526,2026-03-10
55531,2025-10-16
55532,2026-02-02
55533,2026-05-05
55535,2026-05-21
55537,2026-03-13
55538,2026-05-22
55542,2026-05-08
55544,2026-05-22
55545,2025-10-16
55546,2026-05-12
55547,2026-05-12
55548,2026-05-22
55550,2026-05-15
55552,2026-05-22
55553,2026-04-28
55555,2026-03-18
55556,2026-05-05
55557,2025-10-13
55560,2026-05-05
55562,2025-11-04
55565,2026-03-02
55566,2025-10-16
55568,2026-05-08
55569,2025-12-19
55570,2026-01-09
55571,2025-10-31
55574,2026-04-24
55576,2026-03-24
55577,2025-10-15
55578,2025-10-15
55579,2026-04-28
55580,2026-05-12
55581,2026-05-12
55585,2025-10-15
55590,2026-05-22
55591,2026-05-22
55594,2026-05-22
55595,2026-05-22
55596,2025-10-15
55597,2026-05-22
55598,2026-05-22
55599,2025-10-15
55600,2026-05-15
55601,2026-05-15
55603,2026-03-02
55605,2026-03-17
55606,2026-03-24
55607,2026-05-22
55609,2025-10-15
55613,2026-04-28
55614,2026-03-10
55615,2026-01-09
55616,2026-03-25
55617,2025-12-24
55618,2026-03-17
55619,2026-03-10
55621,2026-03-18
55623,2026-03-03
55624,2026-03-11
55625,2026-03-03
55626,2026-03-17
55628,2026-03-24
55629,2026-03-09
55631,2025-10-20
55632,2025-10-20
55633,2025-10-20
55634,2025-10-13
55636,2025-10-20
55638,2025-10-13
55639,2025-10-20
55640,2026-03-24
55641,2026-05-22
55642,2026-04-28
55643,2026-05-22
55644,2026-05-22
55645,2025-10-13
55646,2025-10-22
55647,2025-10-20
55648,2026-03-11
55649,2026-03-04
55650,2026-03-11
55651,2026-03-04
55653,2026-03-25
55654,2026-04-28
55655,2026-03-10
55656,2026-03-04
55658,2026-04-28
55659,2026-04-28
55660,2025-10-31
55661,2026-06-24
55662,2026-05-05
55665,2026-05-05
55666,2025-10-20
55667,2025-10-13
55668,2026-03-18
55669,2026-03-18
55670,2026-03-17
55671,2026-05-22
55672,2026-05-22
55673,2026-01-20
55675,2026-05-12
55677,2026-04-28
55679,2026-05-22
55680,2025-10-13
55681,2026-05-12
55682,2026-03-10
55683,2026-05-22
55684,2026-05-08
55686,2026-04-28
55687,2026-05-15
55689,2025-10-20
55690,2026-05-22
55691,2026-04-28
55693,2026-03-04
55698,2026-05-12
55699,2026-06-10
55701,2026-05-22
55702,2025-10-13
55703,2026-05-22
55704,2026-03-04
55706,2026-05-15
55710,2026-04-28
55712,2025-12-24
55716,2025-10-20
55719,2025-11-03
55721,2026-04-28
55723,2026-05-12
55725,2026-04-28
55728,2026-05-05
55729,2026-05-22
55731,2026-03-11
55732,2026-05-22
55733,2026-05-12
55739,2026-05-22
55740,2026-05-15
55741,2026-05-22
55747,2026-04-28
55750,2025-11-03
55751,2025-10-27
55752,2026-05-22
55753,2025-10-27
55755,2026-03-24
55756,2026-03-18
55757,2026-03-10
55758,2026-03-17
55759,2026-02-16
55760,2026-03-18
55761,2026-03-17
55762,2026-03-04
55766,2026-05-22
55767,2026-03-25
55769,2026-03-03
55770,2026-03-03
55778,2026-05-12
55779,2026-05-08
55780,2026-05-22
55783,2025-08-04
55785,2025-10-27
55786,2025-10-14
55787,2026-05-22
55788,2026-03-24
55790,2025-10-13
55791,2025-10-13
55794,2026-04-28
55795,2026-03-17
55796,2025-10-13
55798,2026-03-18
55799,2025-07-17
55800,2026-04-28
55801,2026-05-08
55802,2026-05-12
55803,2026-05-22
55804,2025-10-13
55805,2025-10-28
55808,2026-05-15
55809,2026-03-17
55810,2026-05-22
55811,2025-12-24
55812,2026-02-27
55815,2026-03-24
55816,2026-02-12
55817,2026-03-03
55818,2026-03-03
55819,2026-03-18
55820,2026-03-10
55821,2026-05-19
55822,2025-12-24
55823,2026-05-22
55826,2026-06-03
55827,2026-02-02
55832,2026-03-10
55835,2026-01-30
55836,2026-05-08
55837,2026-03-17
55839,2026-05-12
55841,2025-10-13
55842,2026-04-28
55843,2026-02-12
55844,2026-05-22
55847,2026-03-04
55848,2026-05-12
55849,2026-05-22
55852,2026-02-12
55853,2025-10-13
55854,2025-10-13
55855,2025-10-13
55857,2026-03-24
55859,2026-02-25
55863,2026-04-17
55864,2026-05-22
55865,2026-03-18
55866,2025-10-13
55867,2026-03-04
55875,2026-05-22
55876,2026-05-22
55878,2026-04-28
55882,2026-05-22
55883,2026-03-18
55885,2026-05-22
55886,2026-05-22
55888,2025-11-07
55890,2026-03-24
55891,2026-02-02
55893,2026-03-03
55899,2026-02-13
55900,2026-05-08
55904,2026-05-22
55906,2026-05-22
55908,2026-05-22
55909,2026-04-28
55910,2026-05-05
55912,2026-05-05
55913,2026-04-28
55915,2026-04-28
55916,2026-04-09
55917,2025-10-13
55918,2026-05-22
55922,2026-05-22
55923,2025-10-13
55926,2025-12-24
55927,2025-10-13
55933,2026-03-17
55934,2026-01-13
55938,2026-03-24
55939,2026-03-24
55941,2026-05-05
55944,2026-05-22
55946,2026-03-10
55948,2026-05-15
55949,2026-05-12
55950,2025-10-30
55951,2026-05-22
55952,2026-05-22
55953,2026-01-27
55954,2026-01-27
55955,2026-04-28
55957,2026-02-09
55959,2026-05-22
55960,2026-04-28
55963,2025-12-24
55964,2026-05-22
55969,2025-10-13
55970,2026-02-13
55972,2026-05-15
55975,2026-01-16
55977,2026-04-28
55978,2026-03-03
55979,2026-05-22
55981,2026-03-27
55983,2025-10-03
55985,2026-04-09
55986,2026-05-22
55987,2026-03-04
55988,2026-03-11
55989,2026-03-17
55990,2026-03-03
55992,2026-03-25
55993,2025-11-03
55994,2026-05-22
55995,2026-04-28
55997,2026-05-22
55998,2026-05-08
56000,2026-05-22
56002,2025-10-13
56003,2026-04-28
56004,2026-05-12
56005,2026-05-05
56006,2026-05-22
56007,2026-05-05
56009,2026-01-27
56010,2026-05-08
56011,2026-05-22
56012,2025-10-16
56016,2026-05-08
56017,2026-03-04
56020,2026-01-27
56022,2026-05-15
56023,2026-05-12
56024,2026-03-10
56026,2026-02-16
56027,2025-10-16
56029,2026-04-09
56030,2026-04-28
56032,2026-04-28
56033,2025-12-24
56035,2026-03-24
56036,2026-03-11
56037,2026-03-02
56038,2025-12-24
56041,2026-05-08
56042,2026-04-28
56044,2026-03-04
56045,2026-04-28
56046,2026-04-28
56048,2025-10-13
56049,2026-05-22
56050,2026-02-16
56052,2026-04-09
56053,2026-01-16
56054,2026-03-03
56055,2026-04-14
56056,2026-03-11
56059,2026-03-20
56060,2026-03-18
56061,2026-03-10
56062,2026-03-24
56064,2026-03-18
56067,2026-03-04
56068,2026-03-04
56070,2026-03-17
56072,2026-03-18
56073,2026-03-18
56076,2026-04-28
56081,2026-05-08
56082,2026-03-17
56084,2026-03-04
56086,2025-12-24
56088,2026-02-05
56090,2026-05-22
56091,2025-12-24
56095,2026-05-08
56097,2026-04-17
56098,2026-05-22
56101,2025-12-31
56104,2025-10-27
56106,2026-05-19
56108,2026-02-23
56110,2026-02-17
56111,2025-10-23
56113,2025-10-22
56114,2026-02-05
56115,2026-05-22
56116,2026-02-23
56117,2026-02-16
56118,2026-02-03
56119,2026-05-05
56120,2026-03-10
56121,2026-03-24
56123,2026-03-18
56127,2026-02-02
56130,2025-10-20
56131,2025-10-20
56132,2025-10-20
56133,2026-02-18
56135,2025-10-22
56136,2026-05-15
56137,2026-05-22
56138,2026-06-18
56139,2026-03-11
56140,2026-05-22
56143,2026-03-17
56145,2026-03-17
56146,2026-05-22
56147,2026-05-22
56149,2026-05-15
56150,2026-05-22
56153,2026-04-28
56154,2026-05-22
56155,2025-10-21
56156,2026-05-22
56157,2026-05-05
56159,2026-05-05
56160,2026-05-12
56161,2026-02-17
56162,2026-05-08
56163,2026-03-24
56165,2026-05-22
56166,2026-03-16
56167,2026-03-25
56168,2026-06-04
56170,2025-10-20
56172,2026-05-22
56174,2026-05-12
56176,2025-10-23
56179,2026-05-22
56182,2026-03-24
56183,2025-10-20
56184,2026-03-25
56186,2026-03-03
56187,2026-04-21
56188,2026-03-11
56189,2026-05-22
56190,2025-10-27
56191,2026-03-24
56194,2026-03-18
56196,2026-03-11
56197,2026-03-10
56199,2026-03-03
56200,2025-10-21
56204,2026-05-22
56206,2026-05-22
56207,2026-03-25
56208,2026-03-10
56209,2026-03-11
56211,2026-03-03
56212,2026-05-22
56213,2026-03-24
56214,2026-05-26
56215,2026-03-04
56216,2026-03-17
56218,2026-03-13
56219,2026-03-17
56222,2026-03-04
56223,2026-03-17
56224,2026-03-17
56225,2026-03-11
56227,2026-03-10
56228,2026-03-04
56229,2026-03-24
56231,2025-10-21
56232,2026-03-10
56233,2026-03-17
56234,2026-03-25
56236,2026-03-17
56237,2026-03-11
56238,2026-03-04
56239,2026-03-11
56240,2026-03-10
56241,2026-03-25
56242,2026-03-18
56244,2026-03-17
56245,2026-03-03
56246,2026-03-18
56247,2026-03-18
56248,2026-03-17
56249,2026-03-11
56251,2026-03-03
56253,2026-03-03
56255,2025-10-20
56257,2026-05-22
56258,2026-05-22
56259,2025-10-27
56260,2026-05-08
56262,2026-05-22
56265,2026-03-18
56266,2026-03-18
56267,2026-03-11
56269,2026-03-11
56270,2025-10-20
56271,2026-05-22
56273,2026-05-22
56275,2026-05-22
56276,2026-04-14
56278,2025-11-13
56281,2026-01-28
56282,2026-03-25
56284,2026-05-22
56285,2026-05-22
56287,2026-05-22
56288,2025-11-05
56289,2026-03-04
56291,2025-10-27
56294,2026-05-22
56295,2026-05-22
56296,2026-04-28
56297,2026-05-26
56299,2026-05-05
56300,2026-03-25
56301,2026-02-23
56302,2026-05-15
56304,2026-05-22
56306,2026-05-22
56309,2026-05-22
56311,2026-05-22
56316,2026-03-09
56317,2026-05-12
56319,2026-03-18
56320,2026-03-25
56321,2026-03-18
56323,2026-03-18
56325,2026-03-25
56329,2026-03-11
56332,2025-10-21
56334,2026-05-12
56335,2025-10-20
56336,2026-03-18
56337,2025-09-02
56340,2026-03-17
56341,2026-04-20
56342,2026-03-24
56343,2026-03-11
56345,2025-11-13
56346,2025-11-03
56348,2026-05-22
56352,2026-05-26
56355,2026-05-22
56356,2026-03-24
56359,2026-02-09
56361,2026-05-22
56362,2026-06-04
56365,2026-03-11
56366,2025-11-13
56370,2025-10-21
56372,2025-10-27
56373,2025-12-24
56374,2025-10-20
56375,2025-10-27
56377,2025-10-20
56378,2026-03-04
56379,2026-03-17
56381,2026-03-17
56383,2026-05-05
56384,2026-03-25
56385,2026-03-11
56386,2025-10-21
56387,2025-10-21
56389,2026-05-26
56391,2026-05-22
56392,2026-03-04
56393,2026-03-25
56395,2026-05-22
56396,2026-03-11
56397,2026-05-06
56398,2026-05-22
56400,2026-05-26
56401,2026-05-12
56402,2025-12-24
56403,2026-05-22
56404,2026-03-11
56405,2026-05-26
56406,2026-05-26
56407,2026-05-26
56408,2025-11-05
56409,2025-11-05
56410,2026-05-22
56411,2026-02-17
56412,2026-04-08
56413,2026-05-26
56414,2026-04-14
56415,2026-05-26
56416,2026-04-28
56417,2026-05-13
56418,2025-12-12
56420,2026-04-14
56421,2026-03-10
56422,2026-03-18
56423,2026-05-26
56425,2026-05-26
56426,2026-05-26
56427,2026-02-02
56429,2025-11-03
56430,2025-11-05
56431,2026-05-26
56432,2026-05-26
56436,2026-05-26
56438,2025-11-05
56439,2026-05-26
56440,2026-05-26
56442,2026-03-04
56446,2026-05-26
56448,2026-02-12
56449,2026-05-26
56450,2025-10-17
56452,2026-05-26
56453,2026-05-26
56455,2025-09-22
56456,2026-04-24
56457,2026-05-26
56458,2026-06-03
56459,2025-11-05
56467,2026-03-10
56470,2025-11-04
56472,2026-03-16
56474,2026-05-29
56475,2026-05-26
56476,2026-05-26
56477,2026-05-26
56480,2026-05-26
56483,2026-04-07
56484,2026-04-15
56485,2026-04-27
56489,2026-05-26
56490,2026-03-18
56491,2025-11-04
56497,2025-11-04
56498,2025-11-04
56499,2026-05-26
56501,2026-06-25
56504,2026-05-26
56505,2026-05-26
56506,2026-05-26
56507,2026-05-26
56508,2026-06-29
56509,2025-11-05
56510,2025-11-05
56516,2026-05-26
56517,2025-11-05
56518,2025-11-05
56520,2026-03-04
56521,2025-10-27
56522,2026-05-26
56525,2026-06-08
56526,2026-03-03
56527,2026-04-21
56528,2026-03-24
56529,2026-05-26
56530,2026-05-26
56531,2025-11-05
56535,2026-04-22
56536,2025-10-28
56538,2025-11-12
56539,2025-11-12
56541,2026-02-03
56543,2026-02-12
56545,2026-03-02
56547,2026-03-02
56548,2026-05-26
56549,2026-05-26
56550,2025-11-05
56552,2026-05-26
56555,2026-05-26
56558,2026-03-06
56559,2026-04-10
56560,2026-02-06
56561,2025-11-10
56563,2026-05-11
56565,2026-03-04
56566,2025-11-12
56567,2025-11-13
56568,2026-03-02
56571,2025-11-12
56572,2026-05-26
56575,2025-11-10
56576,2026-04-20
56577,2026-03-31
56578,2026-03-09
56579,2026-05-12
56580,2026-05-26
56583,2026-04-06
56586,2025-11-10
56589,2025-11-17
56590,2025-11-10
56591,2025-11-03
56592,2026-04-21
56593,2026-05-26
56595,2025-11-03
56596,2025-11-11
56597,2026-05-26
56600,2025-11-10
56604,2025-11-24
56605,2025-11-26
56606,2025-11-10
56608,2026-03-16
56610,2025-11-10
56612,2025-11-25
56613,2025-11-17
56614,2026-05-26
56616,2026-03-02
56617,2026-03-31
56618,2026-05-26
56623,2026-05-26
56625,2026-03-31
56626,2026-05-26
56627,2026-05-26
56628,2026-05-05
56629,2025-11-11
56630,2026-05-26
56631,2026-05-26
56632,2026-04-08
56634,2025-11-25
56636,2026-05-26
56637,2026-05-26
56638,2026-04-08
56640,2025-11-03
56642,2026-05-26
56643,2025-11-17
56644,2026-05-05
56646,2026-03-31
56647,2026-05-26
56648,2025-11-10
56650,2026-05-05
56653,2026-05-05
56654,2026-05-05
56656,2025-11-03
56658,2026-03-23
56659,2026-03-09
56660,2026-03-09
56661,2026-03-23
56662,2026-03-23
56663,2026-04-21
56664,2026-04-21
56665,2026-04-29
56667,2026-05-26
56668,2026-04-15
56669,2026-05-05
56670,2026-03-16
56674,2026-04-08
56676,2026-05-19
56677,2026-05-05
56678,2026-04-21
56680,2026-03-25
56681,2026-03-31
56682,2026-03-10
56683,2026-03-18
56684,2025-11-17
56685,2026-03-25
56686,2026-04-15
56687,2026-04-15
56688,2026-04-15
56689,2026-03-23
56690,2026-04-15
56691,2026-03-16
56693,2026-04-21
56694,2026-03-25
56696,2026-05-05
56697,2026-03-23
56699,2026-03-09
56700,2026-04-01
56701,2025-11-10
56702,2026-05-05
56703,2026-04-14
56704,2026-04-14
56705,2025-11-24
56707,2025-11-11
56708,2025-11-10
56709,2025-11-17
56710,2025-11-10
56711,2025-11-03
56713,2025-11-11
56714,2026-03-03
56715,2026-03-31
56718,2026-04-15
56719,2025-11-11
56720,2025-11-18
56721,2026-05-15
56722,2026-03-31
56723,2026-03-31
56724,2026-03-03
56725,2026-04-15
56726,2026-04-08
56727,2026-05-05
56729,2026-04-15
56730,2026-05-26
56734,2026-05-26
56739,2025-11-03
56740,2026-03-31
56742,2026-05-19
56743,2026-04-01
56746,2025-11-03
56747,2026-04-14
56750,2026-03-31
56751,2025-11-11
56752,2026-04-14
56753,2026-03-30
56754,2026-04-07
56756,2026-05-26
56757,2026-04-01
56759,2025-11-03
56760,2026-04-28
56763,2026-03-31
56764,2026-05-26
56766,2026-03-02
56768,2026-05-26
56769,2026-05-05
56770,2026-05-11
56771,2025-11-11
56772,2025-08-29
56773,2026-05-04
56774,2026-03-31
56775,2025-11-11
56779,2025-11-11
56780,2026-05-26
56781,2025-11-20
56782,2026-05-05
56783,2026-03-31
56784,2026-05-05
56787,2026-02-23
56788,2025-11-11
56789,2025-11-11
56791,2026-02-02
56792,2026-05-15
56793,2026-05-15
56794,2026-04-06
56796,2025-11-03
56797,2026-05-05
56798,2026-02-23
56800,2026-06-03
56801,2025-11-11
56803,2025-11-03
56804,2026-04-07
56806,2026-03-16
56807,2026-04-14
56808,2026-04-21
56809,2026-03-23
56811,2026-02-20
56813,2026-05-26
56814,2026-03-23
56815,2026-04-08
56816,2026-04-14
56818,2026-04-27
56821,2026-04-21
56822,2026-05-05
56823,2025-11-11
56826,2025-11-03
56828,2025-11-24
56829,2026-03-25
56830,2026-03-23
56831,2025-11-24
56833,2026-03-09
56837,2025-11-11
56838,2026-03-11
56839,2026-05-26
56840,2025-10-28
56845,2025-10-28
56846,2025-10-21
56848,2026-05-26
56849,2026-05-05
56850,2026-05-26
56854,2026-02-17
56855,2026-03-09
56856,2026-02-24
56861,2026-02-17
56862,2026-04-01
56864,2026-05-05
56865,2025-11-04
56866,2026-03-02
56867,2026-05-26
56870,2025-11-17
56871,2026-05-15
56872,2026-05-26
56873,2026-04-22
56874,2026-05-26
56875,2025-11-11
56879,2026-05-05
56880,2026-04-08
56881,2025-11-04
56882,2026-03-23
56883,2025-11-11
56887,2025-11-04
56888,2026-03-16
56889,2026-05-05
56892,2025-11-04
56893,2026-05-05
56894,2025-11-03
56896,2026-04-07
56897,2026-04-07
56898,2026-04-15
56899,2026-05-26
56900,2026-04-22
56903,2025-12-12
56904,2026-05-13
56905,2026-04-07
56906,2026-05-26
56907,2025-11-10
56908,2026-03-30
56912,2026-05-26
56913,2026-03-02
56914,2026-02-24
56915,2025-10-28
56916,2025-10-28
56917,2026-04-14
56918,2026-02-18
56919,2026-01-16
56921,2026-03-16
56923,2026-05-26
56924,2026-04-20
56925,2026-03-16
56926,2026-04-20
56929,2026-05-11
56931,2026-04-07
56933,2026-05-26
56936,2026-05-05
56937,2025-11-04
56938,2026-04-21
56939,2026-05-26
56940,2025-11-04
56941,2025-11-10
56942,2025-11-04
56944,2025-11-03
56945,2025-11-25
56946,2026-05-26
56947,2026-04-22
56948,2025-11-03
56951,2026-05-13
56952,2026-04-15
56953,2026-05-13
56954,2025-11-10
56956,2026-05-26
56957,2026-03-16
56958,2025-11-03
56959,2026-04-21
56960,2026-05-05
56961,2025-11-17
56962,2026-05-05
56965,2025-11-17
56967,2026-04-22
56969,2026-05-26
56970,2025-11-04
56971,2025-11-04
56972,2025-11-03
56973,2025-11-04
56975,2026-05-05
56976,2026-03-09
56977,2026-05-26
56978,2026-05-26
56981,2026-03-25
56982,2026-03-03
56983,2026-03-24
56984,2026-03-02
56985,2026-03-10
56986,2026-03-18
56987,2026-05-19
56988,2026-03-04
56989,2026-03-04
56990,2026-03-18
56991,2026-02-23
56994,2026-04-08
56997,2026-02-06
56998,2026-05-26
57000,2025-11-04
57001,2025-11-17
57002,2026-04-14
57003,2025-11-10
57005,2026-05-05
57006,2026-04-01
57007,2025-11-25
57008,2025-11-10
57009,2026-04-08
57010,2026-04-29
57011,2026-03-02
57012,2026-04-28
57014,2025-11-10
57015,2026-03-23
57016,2026-04-14
57018,2026-03-23
57019,2026-03-09
57020,2026-04-22
57022,2026-03-31
57023,2026-04-08
57024,2026-04-07
57025,2026-04-21
57026,2025-11-03
57027,2026-04-14
57028,2026-04-14
57029,2026-03-23
57030,2026-05-05
57031,2026-03-16
57032,2026-04-14
57033,2026-04-14
57034,2026-04-22
57035,2025-11-17
57036,2025-11-25
57039,2025-11-10
57041,2026-05-26
57043,2025-11-03
57044,2026-04-28
57045,2026-02-17
57047,2025-11-04
57048,2026-03-09
57050,2026-03-02
57051,2025-11-04
57052,2025-11-10
57053,2025-11-17
57054,2025-11-10
57055,2026-05-26
57056,2026-05-26
57057,2025-11-05
57058,2025-11-10
57059,2026-05-05
57061,2026-05-05
57062,2026-05-26
57064,2026-04-08
57065,2025-11-27
57066,2026-05-26
57068,2026-06-15
57070,2025-11-04
57072,2026-05-26
57074,2026-05-26
57076,2026-05-26
57077,2025-11-04
57081,2026-05-05
57083,2025-11-10
57084,2026-05-05
57085,2026-05-13
57087,2026-05-13
57088,2026-04-01
57089,2026-04-08
57090,2026-04-22
57091,2026-04-21
57092,2026-04-22
57093,2026-04-14
57095,2026-04-07
57096,2026-02-24
57100,2026-05-15
57102,2026-02-24
57103,2025-11-10
57104,2026-02-09
57108,2026-05-05
57109,2026-05-05
57110,2026-04-15
57112,2026-04-22
57115,2026-04-07
57119,2025-11-06
57120,2025-11-26
57122,2026-02-23
57123,2026-04-22
57124,2025-11-11
57126,2026-05-05
57127,2025-11-03
57130,2026-05-15
57131,2026-05-26
57132,2025-11-06
57133,2026-04-08
57134,2026-05-05
57135,2025-11-06
57136,2026-04-07
57138,2025-11-06
57140,2026-05-29
57141,2026-05-05
57145,2026-04-08
57146,2025-11-11
57150,2025-11-11
57151,2026-04-28
57153,2025-11-11
57154,2026-04-21
57155,2026-04-15
57159,2026-05-26
57160,2025-11-04
57161,2025-11-11
57162,2026-04-21
57164,2026-05-26
57165,2025-11-11
57166,2025-11-17
57168,2026-05-19
57169,2026-05-26
57170,2025-11-11
57174,2026-04-14
57175,2026-04-06
57176,2026-04-22
57177,2026-05-05
57179,2025-12-23
57180,2026-04-07
57182,2026-04-22
57183,2026-04-29
57184,2025-11-25
57185,2026-03-31
57186,2025-12-19
57187,2025-11-13
57189,2026-05-05
57190,2025-11-06
57192,2025-11-13
57194,2026-05-05
57195,2026-04-28
57196,2025-11-06
57197,2026-05-26
57198,2025-11-05
57199,2025-11-04
57201,2026-03-31
57202,2025-11-13
57205,2025-07-21
57206,2025-12-05
57207,2026-05-26
57210,2026-04-07
57211,2026-04-01
57212,2026-04-07
57214,2026-04-21
57215,2026-03-04
57216,2026-03-31
57219,2025-11-10
57220,2026-03-31
57221,2026-03-31
57225,2026-05-13
57228,2026-05-26
57229,2025-11-25
57231,2025-11-13
57232,2025-10-21
57233,2026-05-26
57234,2025-11-17
57237,2025-11-21
57238,2026-01-09
57239,2025-09-22
57240,2026-04-01
57241,2025-08-05
57243,2026-01-16
57244,2026-05-05
57245,2026-04-17
57247,2026-05-15
57249,2026-05-26
57250,2026-05-05
57251,2026-04-08
57253,2026-04-01
57255,2026-04-15
57257,2025-11-17
57258,2026-05-05
57259,2026-05-15
57260,2026-05-26
57261,2026-05-05
57262,2026-02-02
57264,2026-05-26
57265,2025-11-17
57266,2026-05-26
57269,2026-05-13
57271,2025-10-28
57272,2026-04-01
57275,2026-04-29
57277,2026-04-29
57278,2026-04-21
57282,2025-11-13
57283,2026-05-05
57284,2026-03-24
57285,2026-05-26
57286,2026-05-13
57287,2026-05-26
57288,2025-11-17
57289,2026-02-09
57292,2026-04-08
57294,2026-05-05
57296,2026-04-22
57299,2025-11-17
57301,2025-11-10
57303,2026-03-31
57304,2026-05-13
57305,2026-05-19
57306,2026-03-23
57307,2026-04-15
57308,2026-04-08
57309,2025-11-04
57310,2026-05-26
57311,2025-11-13
57312,2025-12-19
57318,2026-04-21
57322,2026-05-05
57323,2026-03-31
57325,2026-04-22
57326,2026-04-15
57328,2026-05-13
57329,2025-11-04
57330,2025-11-17
57331,2025-11-13
57332,2025-11-17
57333,2025-11-17
57334,2025-11-04
57335,2026-04-22
57336,2026-04-28
57339,2026-04-22
57340,2025-08-05
57341,2026-03-30
57342,2025-11-10
57345,2025-11-19
57346,2025-11-17
57347,2025-11-17
57349,2026-05-26
57353,2025-11-25
57354,2025-11-13
57356,2025-11-04
57357,2026-04-21
57361,2026-03-18
57362,2026-04-17
57363,2025-11-04
57364,2026-04-21
57365,2025-12-26
57366,2025-11-18
57367,2025-11-18
57369,2026-05-26
57371,2026-05-15
57372,2026-03-30
57373,2025-11-17
57374,2026-05-26
57375,2026-04-08
57376,2025-11-17
57377,2025-11-17
57378,2025-11-04
57379,2026-04-08
57384,2025-11-04
57385,2026-05-05
57387,2026-05-26
57388,2025-11-04
57389,2026-05-05
57390,2026-04-29
57391,2026-05-26
57392,2026-05-26
57395,2026-04-21
57396,2025-11-12
57397,2026-04-07
57398,2026-04-22
57400,2025-11-04
57401,2025-11-11
57402,2026-04-21
57404,2026-05-26
57405,2026-05-05
57407,2026-03-31
57409,2026-04-22
57411,2026-05-26
57412,2026-05-26
57416,2026-05-26
57417,2026-05-05
57418,2026-03-30
57420,2026-04-07
57421,2026-04-07
57423,2026-03-31
57424,2026-04-27
57425,2026-04-07
57426,2026-04-01
57428,2026-05-26
57429,2025-11-11
57430,2026-02-24
57433,2026-05-26
57434,2026-05-26
57436,2026-04-07
57440,2026-05-26
57441,2026-04-07
57442,2026-05-26
57444,2026-05-05
57447,2026-05-15
57448,2026-05-05
57452,2026-04-01
57453,2026-04-07
57454,2026-04-22
57457,2026-04-14
57458,2026-04-15
57460,2026-04-14
57461,2026-04-21
57462,2026-04-15
57463,2025-07-09
57465,2026-04-20
57466,2026-03-09
57467,2026-05-19
57468,2025-11-11
57469,2026-05-13
57470,2025-11-17
57471,2025-11-11
57473,2025-11-11
57474,2025-11-10
57475,2025-11-05
57476,2025-11-11
57477,2026-04-08
57478,2026-04-22
57479,2026-03-31
57480,2025-11-11
57481,2025-11-25
57482,2025-11-17
57484,2025-11-17
57485,2025-11-12
57488,2026-04-08
57490,2026-04-15
57491,2025-11-12
57494,2025-11-05
57495,2025-11-12
57497,2025-11-10
57498,2025-11-05
57499,2026-05-26
57500,2026-03-30
57501,2025-11-04
57504,2025-11-12
57505,2026-04-07
57506,2025-11-17
57507,2026-05-05
57509,2025-11-12
57512,2026-04-27
57513,2025-10-30
57514,2025-10-28
57516,2025-10-29
57517,2026-04-20
57518,2026-04-21
57519,2026-04-22
57521,2026-03-24
57524,2026-05-15
57526,2025-11-04
57527,2026-05-26
57528,2026-05-15
57531,2025-11-04
57532,2025-11-04
57535,2026-05-26
57536,2026-04-22
57537,2025-11-12
57538,2026-04-01
57539,2026-04-07
57542,2026-05-26
57545,2026-04-14
57546,2026-05-15
57547,2026-05-26
57550,2026-05-26
57551,2026-05-26
57552,2026-05-26
57553,2025-11-04
57554,2025-11-04
57555,2025-11-17
57556,2026-02-19
57558,2025-11-04
57559,2025-12-19
57561,2026-05-26
57562,2025-11-04
57567,2026-05-13
57568,2026-04-29
57569,2026-04-01
57571,2026-01-21
57574,2026-05-19
57575,2026-05-26
57576,2026-04-07
57580,2026-04-21
57581,2026-05-15
57582,2026-04-22
57584,2026-04-14
57585,2026-04-14
57586,2026-04-14
57587,2026-04-21
57589,2026-04-07
57590,2026-04-07
57592,2026-04-14
57595,2026-05-15
57596,2026-02-19
57598,2025-11-12
57599,2026-05-26
57600,2026-02-19
57602,2025-11-04
57604,2026-05-04
57608,2025-11-05
57609,2026-03-31
57610,2026-04-21
57612,2026-04-14
57613,2026-04-22
57614,2025-11-12
57615,2025-11-12
57616,2025-11-12
57618,2025-11-12
57619,2026-05-26
57620,2025-11-05
57621,2026-05-05
57628,2026-05-26
57629,2026-04-08
57630,2026-05-15
57631,2025-11-05
57632,2025-11-12
57634,2026-04-21
57636,2026-04-28
57637,2026-05-26
57639,2026-05-26
57640,2026-04-29
57641,2026-04-21
57643,2026-04-28
57645,2026-04-21
57647,2026-04-22
57648,2026-04-06
57649,2026-03-31
57650,2026-03-31
57651,2025-11-12
57653,2025-11-12
57655,2026-02-17
57656,2026-05-26
57657,2026-03-13
57660,2026-04-01
57661,2026-04-08
57663,2026-05-05
57664,2026-05-05
57665,2026-05-26
57669,2026-03-02
57670,2026-03-31
57672,2025-11-12
57673,2026-05-26
57674,2026-05-05
57675,2026-05-26
57676,2026-05-26
57678,2025-11-12
57680,2026-05-26
57681,2026-05-26
57684,2026-05-05
57685,2026-05-26
57687,2026-04-22
57691,2026-05-13
57692,2026-04-14
57693,2026-02-23
57695,2025-11-12
57696,2025-11-06
57697,2025-11-06
57698,2026-02-17
57699,2026-04-22
57700,2026-05-13
57701,2026-04-22
57702,2025-11-06
57705,2026-02-19
57707,2026-05-05
57708,2026-04-07
57709,2026-04-21
57710,2026-05-05
57719,2026-04-13
57722,2026-04-29
57725,2026-04-29
57726,2025-11-26
57730,2025-12-02
57732,2026-04-15
57739,2026-04-01
57740,2026-04-07
57741,2026-04-27
57742,2026-05-26
57743,2026-04-21
57744,2026-05-26
57749,2025-12-02
57750,2026-04-15
57751,2025-11-05
57752,2026-05-13
57754,2026-06-10
57756,2026-03-31
57757,2026-04-07
57758,2025-11-20
57759,2026-04-07
57761,2026-04-20
57762,2026-02-09
57763,2026-04-20
57764,2026-05-05
57765,2026-03-02
57766,2026-05-05
57767,2026-04-22
57768,2025-11-20
57769,2026-04-21
57771,2025-11-20
57778,2026-04-22
57779,2026-05-26
57780,2025-11-20
57781,2026-05-05
57782,2026-04-21
57784,2026-04-28
57785,2025-11-06
57786,2026-04-22
57787,2026-05-15
57789,2026-05-05
57791,2025-11-24
57792,2026-05-26
57794,2026-04-14
57795,2026-04-21
57796,2026-05-26
57799,2025-11-26
57800,2025-11-26
57801,2025-11-24
57802,2026-04-08
57803,2025-11-26
57804,2025-11-24
57805,2026-03-30
57807,2026-05-29
57811,2026-02-23
57812,2026-05-15
57814,2026-06-17
57815,2026-04-21
57816,2026-04-22
57819,2026-04-29
57821,2026-05-18
57822,2026-05-18
57823,2026-04-06
57824,2026-04-27
57830,2026-05-13
57834,2026-05-13
57835,2026-04-01
57839,2026-04-01
57841,2026-04-08
57844,2026-04-15
57854,2025-11-24
57855,2025-11-05
57860,2025-11-05
57862,2025-11-10
57863,2025-11-05
57865,2026-04-08
57866,2025-11-12
57867,2026-03-30
57868,2026-04-06
57869,2026-03-30
57870,2026-05-26
57872,2026-04-20
57873,2026-04-01
57874,2026-04-13
57876,2025-11-12
57878,2026-06-11
57880,2026-03-24
57888,2025-11-05
57889,2025-11-24
57890,2025-11-24
57896,2025-11-05
57902,2026-04-01
57903,2026-04-21
57907,2026-04-08
57909,2026-04-21
57915,2025-11-26
57916,2026-04-07
57918,2026-03-16
57920,2026-06-24
57930,2026-04-01
57934,2025-11-17
57935,2025-11-12
57936,2026-05-06
57939,2026-05-29
57940,2026-01-29
57941,2026-04-08
57942,2026-01-20
57945,2025-11-05
57947,2026-05-29
57948,2026-02-20
57949,2026-05-29
57951,2026-04-08
57955,2025-11-18
57957,2026-06-25
57959,2025-12-02
57960,2026-05-04
57961,2026-04-22
57962,2026-04-14
57963,2026-05-19
57971,2025-12-02
57973,2025-11-12
57981,2025-11-25
57985,2026-05-04
57986,2026-05-29
57987,2026-05-29
57988,2026-05-29
57989,2026-04-08
57994,2026-03-31
57996,2026-04-21
57997,2025-10-03
57998,2026-05-15
57999,2026-03-13
58000,2025-11-18
58002,2025-11-18
58004,2026-05-05
58006,2026-04-14
58007,2026-04-14
58009,2026-04-21
58018,2025-11-12
58019,2025-11-19
58020,2026-03-20
58021,2025-07-07
58022,2026-05-29
58024,2025-10-08
58025,2025-11-12
58028,2025-11-25
58029,2025-12-03
58030,2025-12-03
58031,2026-04-21
58032,2025-11-18
58035,2025-12-03
58038,2026-04-14
58040,2026-05-29
58041,2026-05-29
58043,2026-04-07
58044,2026-05-13
58045,2025-10-21
58047,2025-11-19
58049,2026-05-29
58051,2026-05-13
58052,2025-11-18
58055,2026-04-15
58056,2025-11-19
58057,2025-11-19
58058,2026-02-18
58059,2026-05-29
58064,2025-11-19
58065,2025-11-05
58068,2025-12-15
58071,2026-04-14
58072,2026-04-01
58073,2025-12-03
58074,2025-12-15
58076,2026-03-23
58079,2025-11-18
58080,2026-05-14
58082,2026-04-15
58083,2026-04-21
58086,2025-11-18
58092,2025-12-15
58093,2026-04-07
58097,2026-03-09
58101,2026-05-11
58104,2025-12-03
58105,2025-11-27
58106,2025-11-27
58107,2026-04-28
58108,2026-04-22
58110,2026-04-07
58112,2026-04-08
58113,2025-12-04
58120,2025-11-27
58121,2026-03-17
58122,2025-12-04
58123,2025-12-15
58139,2026-04-15
58141,2026-05-29
58145,2025-12-08
58147,2026-04-22
58149,2026-04-01
58156,2026-04-08
58159,2026-03-31
58161,2025-11-18
58162,2025-11-18
58163,2025-12-09
58165,2026-04-22
58166,2025-11-27
58169,2025-12-15
58174,2025-11-19
58179,2025-11-19
58182,2026-04-07
58185,2025-12-09
58188,2026-05-05
58189,2025-12-09
58190,2025-10-31
58192,2026-04-07
58195,2026-04-01
58196,2026-04-07
58197,2026-03-31
58198,2026-04-22
58201,2026-04-21
58204,2025-11-26
58206,2025-12-09
58207,2025-11-18
58212,2026-04-21
58215,2025-11-18
58217,2026-04-14
58218,2025-11-18
58222,2025-11-18
58224,2025-12-15
58225,2025-12-09
58229,2026-05-14
58230,2025-11-18
58235,2026-04-07
58240,2025-11-27
58244,2026-03-24
58247,2026-03-31
58250,2026-03-31
58251,2026-05-13
58253,2025-12-15
58254,2025-12-15
58255,2026-04-14
58256,2026-04-22
58260,2025-11-18
58262,2025-11-17
58270,2026-05-29
58274,2025-12-09
58276,2026-04-21
58278,2026-04-07
58283,2025-11-26
58284,2025-12-22
58292,2025-11-18
58294,2026-05-14
58295,2025-11-26
58298,2025-11-18
58300,2025-12-09
58303,2026-04-29
58308,2026-04-14
58312,2025-11-05
58313,2026-03-03
58314,2026-05-14
58317,2026-04-28
58318,2025-12-09
58323,2026-04-29
58324,2026-04-14
58330,2025-11-20
58331,2026-05-25
58332,2025-12-09
58335,2026-04-07
58340,2025-11-18
58341,2025-11-20
58343,2025-12-11
58347,2025-11-24
58348,2026-06-16
58354,2026-04-28
58356,2026-06-17
58359,2026-03-31
58362,2026-04-28
58364,2026-05-06
58366,2026-05-06
58367,2026-04-15
58370,2025-12-15
58371,2025-12-09
58374,2025-11-18
58375,2026-03-24
58377,2025-11-18
58378,2026-06-15
58382,2026-03-09
58384,2026-05-05
58390,2026-04-28
58391,2026-04-28
58393,2026-05-13
58395,2026-03-23
58397,2025-12-22
58400,2026-03-09
58402,2025-12-05
58407,2026-04-28
58422,2026-04-15
58424,2026-05-18
58427,2026-05-05
58428,2026-03-31
58429,2026-04-15
58433,2026-03-09
58434,2026-03-16
58436,2025-11-05
58438,2026-05-29
58439,2026-05-29
58442,2026-01-19
58443,2025-11-19
58445,2026-05-05
58454,2026-04-29
58455,2026-04-21
58460,2025-11-24
58464,2025-11-18
58465,2026-05-06
58467,2025-12-02
58470,2025-11-24
58471,2026-03-31
58474,2026-05-19
58476,2026-06-17
58479,2026-02-19
58485,2025-12-02
58487,2026-04-29
58488,2026-04-29
58490,2026-05-13
58494,2026-05-06
58499,2025-10-31
58505,2025-12-05
58507,2026-05-05
58509,2025-11-26
58510,2025-12-03
58512,2026-06-18
58513,2026-04-07
58514,2026-05-05
58515,2025-11-26
58519,2026-04-27
58521,2026-04-14
58524,2026-04-22
58529,2025-11-19
58533,2025-12-02
58543,2026-05-29
58544,2026-04-17
58549,2025-11-19
58550,2026-04-28
58552,2025-12-02
58553,2025-11-19
58556,2025-12-02
58559,2025-12-03
58560,2025-12-03
58561,2025-12-03
58562,2026-05-05
58566,2025-12-03
58568,2025-11-19
58577,2025-12-03
58579,2025-11-19
58580,2026-05-06
58581,2026-04-14
58584,2026-05-13
58586,2026-06-18
58589,2026-04-28
58591,2026-04-01
58592,2026-05-05
58596,2026-05-11
58600,2026-05-19
58601,2025-12-09
58603,2025-11-24
58611,2026-05-06
58612,2026-05-27
58613,2026-04-22
58616,2025-11-18
58621,2025-12-03
58625,2026-03-24
58628,2026-05-06
58632,2026-05-06
58634,2026-05-06
58640,2026-03-23
58642,2026-04-29
58643,2025-12-02
58646,2025-12-02
58648,2025-10-17
58650,2025-11-18
58652,2026-04-07
58655,2026-05-13
58666,2026-04-14
58668,2025-08-28
58670,2026-05-06
58671,2026-05-20
58672,2026-04-21
58673,2026-04-14
58674,2026-05-12
58676,2025-10-06
58677,2026-04-08
58679,2026-05-26
58680,2025-12-02
58681,2025-12-02
58684,2026-03-31
58687,2025-11-19
58690,2026-04-01
58691,2026-05-05
58694,2026-03-31
58695,2026-04-17
58700,2025-11-10
58705,2026-06-15
58709,2025-12-02
58710,2025-12-02
58715,2025-11-18
58716,2025-12-02
58722,2025-12-02
58726,2026-05-05
58738,2026-03-30
58740,2025-11-18
58742,2025-12-03
58744,2025-11-18
58745,2025-11-18
58751,2025-11-26
58754,2026-04-21
58755,2026-04-08
58756,2025-11-25
58757,2026-05-05
58760,2025-12-02
58766,2026-05-05
58767,2026-05-06
58770,2026-04-28
58771,2025-11-18
58776,2025-12-03
58778,2025-11-19
58781,2025-11-25
58783,2025-12-03
58793,2026-04-29
58795,2025-12-03
58797,2026-05-12
58798,2026-04-14
58800,2025-12-03
58803,2025-11-19
58805,2025-12-03
58817,2026-05-06
58821,2025-12-03
58823,2025-11-25
58824,2026-06-24
58827,2025-11-19
58828,2025-12-12
58829,2026-04-28
58837,2025-12-03
58839,2026-03-17
58841,2026-04-07
58844,2026-01-16
58847,2026-05-06
58848,2026-04-08
58849,2026-04-28
58854,2026-04-29
58855,2026-05-05
58858,2025-11-19
58859,2026-04-15
58861,2025-12-03
58864,2026-05-05
58865,2026-05-05
58868,2026-03-02
58869,2026-04-28
58870,2026-05-26
58875,2025-11-19
58876,2026-06-24
58879,2025-12-03
58880,2026-03-23
58881,2026-03-31
58883,2025-11-20
58887,2026-05-12
58888,2026-05-29
58894,2026-05-05
58895,2026-04-28
58896,2026-03-31
58901,2026-03-30
58902,2025-11-20
58910,2026-04-08
58911,2025-08-06
58912,2026-03-27
58913,2025-08-20
58917,2026-03-03
58923,2025-12-03
58926,2025-12-19
58929,2026-04-29
58930,2026-04-07
58939,2026-05-04
58944,2026-04-29
58946,2026-06-24
58949,2026-04-28
58951,2025-12-04
58964,2026-04-28
58965,2026-04-21
58966,2026-04-29
58967,2026-04-28
58971,2025-09-02
58974,2025-11-26
58975,2026-01-16
58979,2026-04-28
58981,2026-04-01
58984,2025-08-12
58991,2026-04-24
58992,2026-04-08
58994,2025-11-20
58995,2025-09-02
58997,2026-04-21
58998,2026-04-22
59001,2026-04-15
59004,2026-03-31
59005,2026-04-24
59007,2026-03-30
59008,2026-05-06
59010,2026-03-31
59011,2026-04-15
59015,2025-12-04
59019,2025-12-08
59020,2026-04-08
59021,2026-04-29
59029,2026-05-20
59033,2025-11-19
59034,2026-05-06
59038,2026-04-17
59039,2025-12-08
59041,2026-04-22
59043,2025-11-19
59044,2026-05-13
59046,2025-11-19
59050,2025-11-19
59057,2026-03-03
59059,2026-04-29
59063,2026-05-19
59068,2026-03-20
59069,2026-05-05
59073,2025-12-08
59075,2026-04-07
59076,2026-04-08
59082,2025-12-03
59084,2026-05-05
59092,2025-12-03
59100,2026-05-05
59101,2026-04-07
59105,2026-05-29
59108,2026-04-28
59114,2026-04-07
59117,2025-12-03
59118,2025-12-03
59119,2025-11-19
59121,2026-05-26
59129,2026-06-29
59133,2026-05-20
59134,2026-05-12
59135,2026-04-21
59140,2026-05-06
59141,2026-04-29
59142,2026-04-17
59143,2025-11-19
59147,2026-04-08
59148,2025-12-29
59151,2026-04-14
59156,2026-05-05
59157,2025-12-03
59160,2026-05-05
59161,2026-04-01
59162,2026-05-19
59164,2026-04-14
59165,2026-04-29
59166,2026-04-29
59167,2026-05-06
59173,2025-10-14
59174,2025-12-04
59177,2026-05-05
59178,2026-05-13
59181,2025-12-08
59182,2026-04-14
59183,2026-04-28
59185,2026-01-30
59191,2026-05-12
59192,2026-04-28
59194,2026-05-05
59197,2026-03-31
59198,2026-04-08
59200,2025-12-08
59203,2025-12-29
59208,2026-04-28
59210,2025-12-29
59212,2026-02-03
59215,2025-12-29
59221,2026-03-10
59222,2026-03-17
59223,2026-02-09
59227,2025-12-08
59228,2026-04-22
59229,2026-05-13
59230,2026-05-04
59232,2025-12-08
59234,2026-04-21
59235,2026-04-14
59238,2026-04-09
59239,2025-12-29
59246,2026-04-21
59247,2026-04-21
59248,2026-05-25
59259,2026-04-01
59263,2025-12-08
59265,2026-04-28
59271,2025-12-08
59274,2026-03-09
59282,2025-12-29
59284,2025-12-08
59285,2026-04-07
59290,2025-12-29
59292,2026-05-27
59296,2026-05-06
59297,2026-03-24
59301,2025-12-08
59302,2026-03-31
59304,2026-05-06
59306,2026-04-22
59308,2026-05-20
59312,2026-05-06
59313,2026-05-19
59314,2025-12-08
59315,2025-12-26
59326,2026-04-09
59329,2026-05-26
59330,2025-10-21
59335,2026-01-09
59336,2026-05-29
59337,2026-02-13
59342,2025-12-08
59343,2026-03-31
59350,2025-11-19
59353,2026-04-09
59359,2025-11-20
59361,2025-12-08
59364,2025-11-19
59365,2025-12-09
59366,2025-12-08
59381,2026-04-22
59382,2026-02-20
59383,2025-11-19
59386,2026-04-28
59389,2026-05-06
59396,2025-11-20
59401,2025-11-19
59405,2026-05-27
59406,2026-05-06
59408,2026-04-08
59409,2026-04-15
59411,2026-05-05
59416,2026-04-27
59417,2026-05-05
59420,2026-04-14
59421,2026-05-19
59422,2026-01-16
59424,2026-03-16
59425,2025-12-08
59430,2025-12-08
59431,2026-05-12
59432,2026-04-15
59434,2025-11-19
59439,2025-11-19
59443,2025-11-19
59452,2026-06-10
59455,2026-02-18
59456,2025-12-08
59459,2026-05-13
59460,2025-12-08
59462,2025-12-29
59464,2025-12-08
59466,2026-03-05
59467,2026-05-19
59468,2026-04-09
59473,2026-05-05
59474,2026-05-05
59475,2025-12-03
59477,2025-12-03
59478,2025-12-29
59480,2025-12-29
59481,2026-05-06
59482,2025-12-18
59484,2026-04-27
59485,2026-05-20
59486,2025-12-18
59492,2025-12-03
59493,2025-12-18
59496,2026-04-01
59498,2026-04-14
59503,2025-12-18
59506,2026-02-20
59507,2026-02-03
59509,2025-12-03
59510,2025-12-18
59516,2026-04-07
59518,2026-03-10
59521,2025-12-03
59523,2025-12-30
59525,2025-10-03
59527,2025-10-31
59528,2026-05-05
59532,2025-12-30
59534,2026-04-15
59535,2026-04-08
59537,2025-12-30
59539,2025-12-18
59540,2025-12-03
59542,2026-06-11
59543,2026-05-05
59545,2025-11-19
59546,2026-01-29
59547,2026-05-05
59549,2025-12-18
59550,2026-04-28
59554,2026-04-08
59560,2026-04-28
59565,2026-04-21
59566,2025-12-23
59568,2026-01-07
59570,2026-05-26
59571,2026-01-07
59578,2026-05-05
59580,2026-06-03
59582,2026-04-21
59585,2025-12-24
59586,2025-12-30
59588,2026-01-29
59589,2026-05-05
59591,2025-12-24
59592,2026-01-29
59593,2025-12-03
59594,2025-12-18
59595,2025-12-18
59596,2025-12-18
59601,2026-04-22
59603,2026-04-22
59608,2026-01-19
59611,2026-05-05
59617,2026-04-24
59618,2026-01-26
59619,2026-04-22
59622,2026-01-08
59628,2026-04-22
59630,2026-06-11
59633,2025-12-18
59637,2025-12-24
59644,2026-04-22
59645,2026-01-07
59646,2026-04-27
59649,2025-12-22
59651,2025-12-22
59652,2025-12-29
59653,2025-11-21
59654,2026-03-27
59655,2025-12-22
59658,2026-04-22
59660,2026-05-04
59662,2026-04-27
59664,2026-05-05
59666,2026-05-05
59670,2025-12-04
59672,2026-04-06
59675,2025-11-24
59676,2025-12-17
59679,2026-03-31
59683,2026-05-06
59689,2026-04-28
59690,2026-05-06
59697,2026-05-06
59701,2025-12-09
59702,2026-04-15
59705,2025-12-17
59708,2026-04-28
59709,2025-12-17
59711,2025-11-24
59712,2025-12-24
59716,2025-12-22
59718,2025-12-22
59721,2026-05-29
59722,2026-04-15
59724,2025-11-24
59725,2026-03-20
59729,2026-04-15
59733,2026-04-29
59734,2026-04-28
59736,2026-05-11
59737,2026-04-29
59738,2025-12-17
59739,2026-04-07
59741,2025-12-17
59742,2025-12-24
59744,2026-05-25
59745,2025-12-17
59748,2025-12-09
59753,2026-04-09
59755,2026-05-05
59757,2025-12-24
59759,2026-04-08
59765,2026-05-05
59766,2025-12-03
59767,2026-02-26
59768,2026-05-11
59769,2026-02-26
59774,2026-02-26
59776,2025-12-03
59779,2025-12-10
59781,2026-02-26
59785,2026-04-01
59786,2026-02-26
59787,2026-02-20
59788,2026-05-19
59789,2025-12-03
59790,2026-02-05
59791,2026-02-26
59793,2026-05-11
59795,2026-02-26
59796,2026-05-05
59797,2025-12-09
59800,2025-11-24
59801,2025-12-04
59802,2026-04-22
59808,2026-06-16
59809,2025-12-15
59810,2026-02-26
59812,2026-02-26
59814,2025-12-09
59815,2025-12-22
59818,2026-05-11
59821,2026-02-26
59822,2026-02-26
59823,2026-02-26
59826,2025-12-15
59828,2026-02-26
59830,2026-05-06
59831,2026-05-04
59832,2025-12-09
59833,2025-12-15
59835,2026-02-26
59837,2025-12-15
59838,2025-12-09
59840,2026-05-11
59841,2026-01-05
59843,2025-12-09
59844,2026-05-04
59845,2025-12-15
59847,2026-05-05
59848,2026-02-20
59850,2026-05-25
59851,2025-12-04
59852,2025-11-10
59855,2025-11-24
59856,2025-11-19
59859,2026-02-26
59860,2025-12-09
59861,2026-04-20
59863,2026-05-06
59865,2026-06-16
59867,2026-05-06
59872,2026-05-14
59876,2025-12-16
59877,2026-05-14
59878,2026-05-04
59879,2026-05-26
59882,2026-05-29
59883,2026-05-11
59885,2026-05-18
59886,2026-05-05
59887,2026-05-05
59888,2026-05-25
59895,2026-02-26
59896,2026-04-30
59898,2025-12-22
59899,2025-10-14
59900,2026-05-14
59903,2026-05-13
59905,2026-05-14
59907,2026-04-29
59908,2026-05-06
59909,2026-02-13
59910,2026-03-06
59912,2026-04-13
59915,2026-04-27
59916,2025-12-16
59917,2026-05-26
59918,2025-11-24
59919,2026-04-29
59920,2025-12-30
59921,2026-05-06
59922,2025-12-09
59923,2026-05-04
59924,2026-05-19
59925,2026-04-13
59926,2026-05-04
59928,2025-12-15
59930,2025-12-15
59932,2026-04-29
59933,2026-04-27
59934,2026-05-11
59937,2025-12-22
59946,2026-05-04
59949,2026-05-04
59951,2025-12-16
59952,2025-12-10
59954,2026-05-19
59955,2025-12-29
59957,2025-12-30
59960,2026-05-06
59965,2026-04-29
59967,2026-05-06
59968,2026-05-29
59969,2025-12-09
59978,2026-05-04
59981,2026-05-11
59982,2025-12-29
59983,2025-12-29
59985,2025-12-29
59987,2025-12-29
59988,2025-12-09
59989,2026-01-20
59990,2026-05-18
59992,2026-05-14
59994,2025-12-24
59995,2025-12-16
59996,2025-12-16
60002,2025-12-16
60004,2025-12-08
60007,2026-04-27
60008,2025-12-10
60010,2026-05-29
60012,2026-02-04
60016,2025-09-22
60017,2026-05-12
60018,2026-02-17
60020,2026-04-07
60021,2026-05-06
60023,2026-05-12
60026,2026-01-29
60029,2026-04-29
60030,2026-04-29
60031,2026-04-27
60032,2026-05-11
60036,2026-05-04
60041,2026-05-18
60042,2025-12-29
60043,2026-05-11
60044,2025-12-09
60046,2026-04-27
60049,2026-05-25
60051,2026-04-20
60054,2026-02-17
60059,2026-05-12
60060,2026-06-16
60064,2025-12-10
60067,2026-01-30
60069,2026-05-13
60070,2026-05-05
60072,2026-05-12
60074,2025-12-10
60075,2025-12-10
60077,2025-12-08
60078,2026-04-29
60079,2026-05-05
60081,2026-05-12
60082,2026-05-12
60086,2025-12-08
60087,2026-04-13
60088,2026-05-06
60090,2026-05-12
60092,2026-05-13
60095,2025-11-19
60097,2026-05-12
60098,2026-05-06
60099,2026-05-12
60101,2026-05-13
60105,2026-05-12
60113,2025-12-08
60115,2025-12-08
60116,2026-05-04
60117,2026-02-13
60119,2025-12-08
60120,2025-12-08
60121,2026-04-29
60122,2026-05-13
60129,2026-05-12
60130,2026-05-13
60131,2026-05-06
60133,2026-05-19
60134,2026-05-05
60135,2026-05-12
60137,2026-05-26
60140,2026-04-29
60141,2026-04-27
60143,2026-05-12
60144,2025-12-08
60145,2025-12-08
60147,2025-12-16
60148,2025-12-10
60150,2025-10-17
60156,2026-05-12
60159,2025-12-08
60160,2025-12-10
60161,2025-09-10
60162,2025-12-10
60166,2026-04-29
60168,2026-05-13
60171,2025-12-09
60174,2026-05-12
60177,2026-05-06
60178,2026-05-05
60180,2025-12-11
60182,2026-05-05
60183,2026-05-29
60185,2026-01-16
60187,2025-12-10
60188,2026-05-12
60189,2026-04-28
60190,2026-02-04
60191,2026-01-28
60194,2025-12-10
60196,2026-05-29
60197,2026-05-29
60200,2026-05-26
60204,2026-05-20
60210,2025-12-10
60212,2026-05-05
60214,2026-04-28
60218,2026-04-28
60219,2026-05-19
60220,2025-12-10
60225,2026-04-29
60226,2026-05-12
60228,2025-12-10
60235,2026-05-19
60240,2026-04-14
60246,2026-04-07
60248,2025-12-30
60249,2026-05-12
60256,2026-02-04
60258,2025-12-08
60259,2026-05-13
60263,2026-05-06
60264,2026-02-04
60268,2025-12-08
60271,2026-02-19
60272,2026-04-08
60276,2025-12-15
60278,2025-12-08
60279,2026-02-19
60280,2025-12-08
60282,2025-12-15
60283,2025-12-15
60286,2026-05-05
60288,2026-02-19
60289,2026-05-12
60290,2025-12-09
60292,2025-12-15
60294,2025-12-30
60296,2025-12-09
60297,2025-12-10
60298,2025-12-09
60300,2025-12-16
60306,2026-05-13
60307,2026-05-12
60309,2025-12-11
60311,2026-04-29
60312,2026-05-13
60313,2025-12-09
60314,2025-12-11
60315,2026-04-08
60317,2025-12-09
60319,2026-02-18
60320,2025-12-09
60321,2025-12-09
60322,2026-05-06
60324,2025-12-09
60326,2026-05-13
60329,2026-05-06
60330,2025-12-09
60331,2025-12-09
60334,2026-04-28
60337,2026-05-12
60338,2026-05-05
60339,2025-12-16
60341,2026-05-12
60345,2026-05-26
60346,2026-05-06
60348,2026-05-19
60349,2026-02-20
60350,2025-12-11
60351,2026-02-20
60354,2025-12-31
60355,2025-12-15
60359,2025-12-30
60361,2026-05-05
60366,2025-11-24
60368,2025-12-15
60370,2025-12-11
60371,2026-02-20
60373,2025-12-11
60374,2025-12-11
60375,2025-12-11
60376,2025-12-11
60380,2026-05-15
60383,2025-12-24
60386,2026-05-19
60387,2025-12-11
60389,2025-12-11
60391,2026-02-18
60394,2026-05-12
60396,2026-05-06
60397,2026-05-12
60400,2026-01-19
60402,2026-04-29
60404,2026-02-27
60405,2026-02-27
60406,2026-05-12
60407,2026-03-13
60409,2026-05-12
60410,2026-05-13
60413,2026-02-20
60415,2025-12-11
60416,2025-12-11
60422,2025-12-08
60427,2025-12-08
60428,2025-12-24
60429,2025-12-16
60430,2025-12-24
60432,2025-12-24
60438,2026-05-12
60440,2025-12-24
60441,2026-05-04
60443,2026-05-12
60444,2025-12-24
60448,2026-06-11
60455,2026-04-27
60460,2026-06-11
60462,2026-04-08
60468,2025-12-16
60472,2025-12-16
60473,2025-12-08
60478,2025-11-14
60479,2025-12-10
60482,2025-12-17
60483,2025-12-10
60487,2026-04-28
60488,2026-05-12
60491,2025-12-24
60492,2025-12-24
60494,2026-05-12
60498,2025-11-24
60502,2026-05-29
60506,2025-12-10
60508,2025-12-10
60509,2025-11-24
60510,2025-12-10
60511,2025-12-10
60518,2026-05-12
60519,2026-05-12
60520,2026-05-05
60522,2025-12-17
60523,2025-12-10
60526,2026-04-28
60527,2026-05-12
60528,2026-05-13
60529,2026-04-29
60530,2026-04-29
60531,2026-05-12
60533,2026-04-21
60535,2025-12-10
60542,2026-05-12
60543,2026-05-05
60545,2026-05-12
60547,2026-05-13
60550,2026-04-29
60554,2025-12-24
60555,2025-12-10
60562,2026-05-06
60564,2025-12-17
60565,2026-02-25
60566,2025-12-10
60567,2025-12-10
60568,2026-05-13
60571,2026-02-25
60572,2025-12-24
60573,2026-05-12
60574,2025-11-17
60576,2026-05-15
60579,2026-02-20
60580,2025-12-17
60581,2026-05-13
60582,2025-12-24
60583,2025-12-11
60586,2026-05-12
60587,2025-12-24
60588,2026-05-13
60589,2025-12-24
60593,2025-12-17
60601,2026-02-25
60602,2026-05-12
60605,2025-12-18
60606,2025-12-24
60609,2026-02-03
60612,2025-12-29
60614,2025-12-22
60616,2025-12-22
60618,2025-12-22
60622,2026-05-19
60623,2025-12-29
60624,2026-05-13
60625,2026-05-12
60627,2025-12-29
60628,2026-04-29
60632,2025-12-22
60633,2026-02-25
60634,2026-05-06
60636,2025-12-22
60637,2025-12-22
60638,2026-02-03
60641,2026-03-18
60644,2025-10-29
60646,2026-05-12
60647,2025-12-22
60648,2026-05-13
60649,2026-04-27
60651,2026-05-06
60653,2025-12-29
60654,2026-02-03
60655,2025-12-22
60656,2026-04-07
60659,2025-06-02
60660,2026-05-13
60661,2025-12-29
60663,2025-12-29
60665,2025-12-23
60667,2025-12-29
60668,2025-12-23
60670,2025-12-29
60671,2026-05-12
60673,2026-02-03
60676,2026-05-12
60678,2026-01-09
60680,2025-12-23
60684,2025-12-29
60685,2025-12-29
60689,2026-05-13
60692,2026-02-25
60694,2026-02-25
60696,2025-12-23
60697,2026-04-28
60699,2025-12-29
60703,2025-12-23
60710,2026-05-12
60711,2025-12-15
60713,2026-05-12
60715,2025-12-15
60718,2025-12-29
60722,2025-12-29
60727,2026-05-12
60728,2026-05-13
60730,2026-05-13
60731,2026-01-06
60732,2026-01-06
60733,2025-12-15
60734,2026-04-20
60735,2026-02-13
60736,2026-01-06
60741,2025-12-23
60742,2026-01-06
60744,2026-01-06
60760,2025-12-15
60761,2025-12-15
60762,2026-05-11
60764,2026-05-12
60766,2025-12-23
60769,2026-02-03
60770,2025-12-29
60772,2026-05-13
60773,2026-04-15
60775,2026-01-06
60776,2026-01-12
60777,2025-12-15
60779,2026-01-12
60787,2026-06-24
60789,2025-12-16
60792,2026-04-15
60794,2026-04-15
60796,2026-04-15
60801,2025-12-15
60807,2026-01-12
60810,2025-12-08
60813,2025-12-29
60814,2026-02-03
60816,2025-12-29
60818,2025-12-29
60819,2026-02-12
60820,2026-05-04
60824,2026-02-25
60827,2026-04-15
60829,2026-05-29
60830,2026-01-12
60831,2025-12-16
60837,2025-12-29
60838,2026-02-25
60840,2026-02-03
60841,2026-01-12
60844,2026-01-29
60856,2025-12-29
60862,2025-12-30
60863,2026-01-29
60865,2026-01-29
60871,2026-02-06
60873,2026-06-23
60884,2025-09-29
60885,2025-12-30
60887,2026-01-12
60889,2025-09-25
60896,2025-12-30
60898,2026-01-12
60911,2026-01-12
60913,2025-12-30
60917,2026-01-12
60918,2026-01-12
60921,2025-12-30
60922,2025-12-30
60925,2026-01-12
60930,2025-12-30
60934,2025-12-30
60935,2025-12-30
60937,2025-12-30
60940,2025-12-31
60941,2026-04-27
60943,2025-12-29
60948,2025-12-09
60949,2025-12-31
60950,2025-12-22
60951,2026-04-13
60953,2025-12-29
60954,2026-04-13
60962,2025-12-31
60965,2026-04-21
60968,2026-01-12
60969,2025-12-31
60970,2026-05-15
60971,2026-05-15
60973,2026-01-12
60978,2026-01-12
60980,2025-12-31
60984,2026-01-13
60985,2025-09-29
60986,2025-12-31
60991,2025-12-31
61000,2026-01-13
61009,2026-01-13
61010,2025-12-31
61015,2026-04-08
61016,2025-10-29
61019,2025-12-31
61020,2026-01-13
61021,2026-01-13
61023,2025-12-31
61025,2026-05-15
61026,2026-04-07
61039,2025-12-29
61040,2026-02-16
61041,2026-01-19
61042,2026-06-03
61043,2025-12-31
61044,2026-01-07
61045,2026-01-19
61052,2025-12-31
61055,2026-01-13
61057,2025-12-31
61058,2026-01-13
61061,2026-01-13
61063,2025-12-31
61065,2025-12-31
61066,2025-12-31
61070,2026-01-13
61071,2026-01-13
61072,2026-06-16
61075,2026-06-16
61085,2026-01-13
61086,2026-05-25
61087,2026-01-14
61090,2026-04-13
61091,2025-11-05
61092,2025-12-31
61093,2026-05-11
61097,2026-05-13
61099,2026-01-14
61101,2025-12-31
61102,2025-12-31
61103,2026-05-29
61104,2025-12-19
61108,2026-04-14
61109,2026-01-16
61110,2026-01-14
61116,2025-12-31
61128,2025-12-31
61130,2026-01-14
61131,2026-01-15
61139,2026-01-15
61140,2026-01-15
61141,2026-01-27
61143,2026-01-15
61144,2026-02-23
61149,2026-04-23
61150,2026-01-22
61154,2026-03-20
61159,2026-06-23
61160,2026-01-20
61161,2026-01-20
61166,2026-01-20
61168,2025-12-30
61174,2026-01-27
61183,2026-01-22
61184,2026-04-23
61191,2026-01-20
61193,2026-01-07
61195,2026-01-27
61197,2026-01-20
61200,2026-04-23
61203,2026-01-20
61204,2026-01-27
61206,2026-04-23
61207,2026-01-20
61208,2026-04-06
61209,2026-04-23
61210,2026-04-23
61214,2026-04-15
61220,2026-01-28
61224,2026-01-28
61225,2026-01-28
61232,2026-01-28
61236,2026-01-21
61237,2026-01-21
61240,2026-04-23
61246,2026-01-28
61257,2026-03-23
61261,2025-08-12
61270,2026-01-21
61273,2026-01-21
61279,2026-04-23
61290,2026-01-28
61292,2026-01-21
61297,2026-01-21
61301,2026-01-28
61302,2026-01-21
61304,2026-01-21
61305,2026-04-13
61311,2026-01-21
61313,2026-04-23
61315,2026-01-14
61318,2026-04-13
61319,2025-06-11
61322,2026-04-23
61329,2026-04-23
61330,2026-04-23
61337,2026-01-14
61339,2026-01-29
61343,2026-01-14
61344,2026-01-14
61346,2026-01-29
61347,2026-01-14
61353,2026-03-20
61355,2026-04-23
61356,2026-04-23
61357,2026-01-14
61358,2026-04-23
61360,2026-01-15
61363,2026-04-13
61364,2026-01-15
61366,2026-01-15
61367,2026-01-15
61368,2026-01-15
61370,2026-01-15
61371,2026-04-23
61372,2026-06-03
61373,2026-01-15
61380,2026-02-06
61381,2025-12-19
61383,2026-01-20
61386,2026-01-15
61387,2026-05-15
61390,2025-12-18
61391,2026-01-15
61393,2026-04-22
61397,2026-04-29
61398,2026-06-03
61399,2026-01-21
61408,2026-01-07
61410,2025-12-31
61411,2026-01-05
61412,2026-01-20
61413,2026-01-05
61415,2026-01-15
61418,2026-05-25
61420,2026-04-29
61421,2026-01-05
61422,2026-04-23
61426,2026-04-10
61427,2026-04-09
61428,2026-01-26
61433,2026-04-09
61437,2026-04-23
61438,2025-11-12
61441,2026-01-05
61442,2026-01-26
61444,2026-01-05
61445,2026-01-26
61446,2026-01-05
61447,2026-01-05
61457,2026-01-15
61463,2026-01-05
61465,2026-04-23
61468,2026-04-17
61473,2026-01-15
61475,2026-04-06
61477,2026-01-15
61483,2026-01-06
61484,2026-01-15
61490,2026-05-29
61498,2026-04-28
61510,2026-04-09
61523,2026-01-19
61525,2025-12-09
61531,2026-01-20
61532,2026-04-14
61534,2026-04-13
61536,2025-08-25
61537,2026-05-29
61540,2026-04-20
61541,2026-01-05
61542,2026-04-23
61543,2026-01-21
61544,2026-04-21
61547,2026-01-21
61558,2026-04-09
61560,2026-03-06
61561,2026-03-27
61562,2026-04-09
61563,2026-01-21
61564,2026-04-09
61566,2026-04-09
61567,2026-04-09
61568,2026-01-21
61569,2026-04-22
61570,2026-03-09
61574,2026-01-21
61576,2026-04-13
61578,2025-10-03
61579,2025-10-21
61580,2026-01-21
61581,2026-01-21
61582,2026-01-21
61589,2026-05-12
61590,2026-01-22
61591,2026-04-17
61592,2026-01-22
61601,2026-01-19
61602,2026-01-22
61603,2026-01-22
61605,2026-01-22
61608,2026-01-26
61618,2026-01-22
61620,2026-01-22
61621,2026-01-22
61622,2026-01-07
61623,2026-01-07
61624,2026-01-07
61632,2026-04-22
61633,2026-01-08
61634,2026-04-27
61635,2026-01-22
61639,2026-01-08
61640,2026-01-08
61643,2026-01-22
61644,2026-04-21
61645,2026-04-22
61646,2026-01-22
61648,2026-01-22
61649,2026-01-22
61662,2026-01-08
61665,2025-09-10
61666,2026-03-31
61667,2026-01-08
61677,2026-01-22
61685,2026-01-09
61689,2026-01-08
61692,2026-01-08
61693,2026-01-19
61704,2026-01-19
61705,2026-01-22
61707,2026-01-22
61708,2026-01-26
61719,2025-12-22
61721,2026-01-08
61725,2026-05-29
61726,2026-01-26
61727,2026-06-24
61737,2026-04-22
61738,2026-01-08
61739,2026-01-26
61743,2026-01-19
61754,2025-11-10
61760,2026-01-26
61762,2026-01-08
61776,2026-01-26
61777,2026-01-08
61778,2026-01-08
61779,2026-01-26
61780,2026-01-08
61782,2026-01-09
61783,2026-02-23
61784,2026-01-08
61788,2026-01-19
61801,2026-06-25
61806,2026-04-22
61810,2026-01-08
61811,2026-04-22
61813,2026-05-26
61818,2026-02-18
61819,2026-02-03
61822,2025-12-08
61825,2026-01-08
61846,2026-01-08
61861,2026-01-12
61869,2026-02-24
61870,2026-01-26
61872,2026-03-04
61877,2026-01-19
61878,2026-03-02
61880,2026-04-22
61881,2026-01-12
61882,2026-04-20
61883,2026-05-05
61886,2026-05-12
61887,2025-12-18
61890,2026-02-17
61893,2026-01-27
61901,2026-02-23
61902,2026-03-18
61903,2026-02-23
61909,2026-03-19
61911,2025-12-09
61923,2026-01-12
61937,2026-02-11
61940,2026-03-03
61942,2026-01-29
61943,2026-01-19
61952,2026-01-12
61953,2026-04-22
61955,2026-04-22
61960,2026-02-20
61962,2026-03-25
61964,2026-01-19
61965,2026-03-23
61967,2026-03-12
61969,2026-03-23
61977,2026-02-16
61983,2026-03-11
61984,2026-03-09
61989,2026-02-23
61992,2026-03-18
61993,2026-03-25
61994,2026-06-23
61997,2026-03-12
62006,2026-03-24
62008,2026-01-19
62010,2026-03-16
62011,2026-01-13
62013,2026-02-02
62014,2026-03-04
62015,2026-05-19
62016,2025-09-25
62017,2026-03-24
62018,2026-02-16
62019,2026-02-17
62023,2026-03-03
62028,2026-03-23
62030,2026-03-03
62034,2026-05-04
62040,2026-03-11
62041,2026-01-27
62045,2026-03-24
62046,2026-03-11
62048,2026-05-12
62050,2026-03-17
62052,2026-03-19
62063,2026-02-11
62066,2026-01-13
62067,2026-03-18
62068,2026-02-20
62069,2026-05-11
62072,2026-02-12
62081,2026-03-09
62084,2026-03-03
62089,2025-11-03
62090,2026-03-02
62092,2026-03-16
62094,2026-02-02
62103,2026-03-10
62105,2026-03-10
62106,2026-03-04
62114,2026-03-24
62116,2026-03-16
62118,2026-03-19
62119,2026-03-05
62120,2026-03-17
62122,2026-02-10
62123,2026-03-04
62124,2026-02-03
62125,2026-03-09
62131,2026-02-02
62132,2026-03-17
62134,2026-03-12
62141,2026-02-24
62142,2026-03-24
62143,2026-03-23
62144,2026-03-16
62146,2026-02-16
62147,2026-02-10
62148,2026-02-17
62149,2025-12-31
62152,2026-01-07
62159,2026-03-02
62161,2026-02-25
62165,2026-03-04
62166,2026-02-23
62167,2026-03-23
62169,2026-03-05
62178,2026-02-11
62179,2026-03-16
62182,2026-03-10
62185,2026-03-19
62186,2026-02-23
62188,2026-03-12
62189,2026-03-18
62197,2026-03-25
62198,2026-05-12
62203,2026-02-18
62204,2026-02-23
62205,2026-02-10
62206,2026-03-04
62207,2026-03-09
62208,2026-03-19
62209,2026-03-05
62210,2026-03-16
62215,2026-03-18
62216,2026-02-25
62218,2026-02-24
62225,2025-08-20
62226,2026-01-27
62227,2025-11-24
62228,2026-03-23
62230,2026-02-02
62231,2026-02-02
62232,2026-02-02
62233,2026-02-11
62234,2026-05-19
62235,2026-03-17
62237,2026-05-12
62240,2026-02-17
62241,2026-03-09
62245,2026-02-25
62246,2026-05-12
62249,2026-05-20
62252,2026-03-09
62253,2026-01-19
62254,2026-03-02
62261,2026-02-24
62262,2026-05-12
62265,2026-02-16
62266,2026-03-05
62267,2026-03-11
62271,2026-03-10
62272,2026-03-16
62274,2026-02-12
62275,2026-03-27
62276,2026-06-24
62279,2026-02-17
62280,2026-03-10
62285,2026-03-03
62286,2026-03-23
62291,2026-03-17
62292,2026-03-25
62293,2026-02-11
62295,2026-02-25
62296,2026-03-19
62299,2026-03-18
62304,2026-02-16
62306,2026-02-23
62310,2026-03-02
62312,2026-02-17
62318,2026-02-02
62321,2026-02-11
62322,2026-03-06
62323,2026-03-04
62324,2026-03-16
62328,2026-05-12
62333,2026-03-05
62337,2026-03-05
62344,2026-02-17
62345,2026-01-26
62346,2026-03-19
62350,2026-03-26
62353,2026-02-11
62354,2026-03-09
62355,2025-11-27
62357,2026-03-03
62360,2026-05-06
62361,2026-03-25
62362,2026-03-09
62363,2026-02-02
62364,2026-03-03
62365,2026-03-23
62366,2026-02-11
62372,2026-03-18
62373,2026-03-26
62374,2026-02-11
62375,2026-02-10
62376,2025-11-10
62378,2026-02-11
62379,2026-03-11
62380,2026-02-18
62381,2026-02-10
62382,2026-03-16
62383,2026-02-11
62385,2026-03-05
62388,2026-03-23
62389,2026-03-04
62390,2026-03-25
62393,2026-03-25
62394,2026-04-28
62395,2025-11-27
62397,2026-03-02
62400,2026-03-24
62401,2026-02-16
62402,2026-03-18
62404,2026-03-30
62405,2025-12-09
62407,2026-02-24
62410,2026-03-09
62412,2026-02-03
62413,2026-03-12
62415,2026-02-13
62416,2026-04-17
62417,2026-05-29
62419,2026-04-07
62420,2026-03-19
62421,2026-03-17
62422,2026-02-17
62425,2026-03-17
62427,2026-03-24
62428,2026-03-24
62429,2026-04-27
62430,2026-02-23
62431,2026-02-02
62432,2026-03-19
62433,2026-03-09
62437,2026-02-12
62438,2026-03-16
62440,2026-01-28
62441,2026-03-09
62443,2026-03-25
62444,2026-03-26
62446,2026-02-24
62447,2026-03-16
62451,2026-02-12
62452,2026-02-25
62453,2026-02-24
62454,2026-03-09
62455,2026-02-12
62456,2026-03-26
62457,2026-02-23
62458,2026-03-09
62459,2026-02-12
62460,2026-04-07
62461,2026-01-30
62462,2026-02-10
62464,2025-10-08
62467,2026-03-02
62468,2026-02-25
62469,2026-03-04
62470,2026-03-11
62471,2026-03-18
62472,2026-02-02
62473,2026-01-07
62474,2026-01-19
62475,2026-03-25
62476,2026-02-17
62477,2026-03-19
62478,2026-03-24
62479,2026-03-03
62481,2026-02-04
62482,2026-03-18
62483,2026-03-24
62484,2026-03-02
62486,2026-02-24
62487,2026-02-11
62489,2026-01-13
62490,2026-02-17
62491,2026-01-27
62493,2026-05-05
62495,2026-03-11
62497,2026-03-05
62499,2026-03-19
62500,2026-04-13
62501,2026-03-18
62504,2026-03-19
62507,2026-03-11
62509,2026-03-23
62511,2026-04-14
62512,2026-03-25
62515,2026-02-16
62516,2026-03-23
62517,2026-03-25
62518,2026-04-20
62519,2026-05-14
62520,2026-03-23
62521,2026-03-04
62522,2026-04-21
62524,2026-03-11
62525,2026-03-03
62527,2026-04-14
62528,2026-04-06
62530,2026-01-21
62531,2026-04-16
62532,2026-03-30
62533,2026-04-27
62535,2026-05-20
62536,2026-02-23
62538,2026-05-19
62540,2026-03-23
62541,2026-01-26
62542,2026-04-07
62544,2026-05-14
62545,2026-04-06
62546,2026-04-14
62548,2026-04-22
62549,2026-03-03
62550,2026-04-20
62551,2026-04-16
62552,2026-04-07
62555,2026-03-05
62556,2026-04-15
62557,2026-03-24
62558,2026-04-13
62559,2026-03-26
62562,2026-03-02
62563,2026-04-07
62564,2026-02-12
62565,2026-03-03
62566,2026-03-04
62567,2026-03-11
62568,2026-04-21
62569,2026-04-27
62570,2026-03-17
62572,2026-04-17
62575,2026-04-16
62577,2026-03-23
62578,2026-04-07
62579,2026-04-14
62580,2026-03-12
62581,2026-04-15
62582,2026-04-15
62584,2026-04-14
62585,2026-04-10
62587,2026-04-16
62588,2026-03-25
62590,2026-03-11
62592,2026-03-30
62595,2026-04-16
62596,2026-03-23
62597,2026-04-07
62603,2026-05-18
62604,2026-04-13
62605,2026-03-12
62606,2026-03-25
62607,2026-04-27
62608,2026-04-14
62609,2026-03-03
62610,2026-04-06
62611,2026-04-15
62613,2026-05-19
62614,2026-05-12
62615,2026-04-16
62617,2026-05-14
62618,2026-04-06
62619,2026-05-11
62620,2026-04-20
62621,2026-05-05
62623,2026-04-22
62625,2026-02-12
62628,2026-03-30
62629,2026-04-15
62630,2026-04-16
62631,2026-05-14
62632,2026-03-26
62633,2026-04-01
62637,2026-04-21
62638,2026-04-08
62639,2026-04-08
62640,2026-03-19
62641,2026-05-14
62642,2026-03-16
62643,2026-03-31
62644,2026-04-08
62646,2026-04-15
62647,2026-03-04
62649,2026-05-14
62650,2026-03-30
62652,2025-11-03
62654,2026-03-02
62655,2026-05-14
62656,2026-03-20
62658,2026-03-31
62659,2026-04-23
62660,2026-04-16
62662,2026-04-07
62665,2026-05-29
62667,2026-04-09
62668,2026-04-21
62670,2026-04-14
62671,2026-03-12
62673,2026-03-17
62675,2026-05-14
62676,2026-03-05
62678,2026-03-19
62679,2026-04-07
62680,2026-03-04
62681,2026-02-16
62682,2026-03-30
62683,2026-04-07
62685,2026-04-10
62686,2026-04-08
62687,2026-03-10
62688,2026-04-06
62690,2026-03-03
62692,2026-03-10
62694,2026-03-26
62695,2026-03-31
62696,2025-10-06
62698,2026-05-18
62699,2026-04-13
62700,2026-03-03
62702,2026-03-10
62703,2026-03-17
62704,2026-04-22
62705,2026-04-23
62706,2026-04-14
62708,2026-03-03
62709,2026-04-20
62710,2026-04-14
62711,2025-12-30
62713,2026-03-10
62714,2026-01-19
62717,2026-03-26
62718,2026-04-14
62720,2026-04-13
62722,2026-04-20
62728,2026-03-04
62729,2026-03-12
62731,2026-03-25
62732,2026-04-16
62733,2026-03-17
62734,2026-03-12
62735,2026-04-13
62737,2026-04-09
62738,2026-03-11
62740,2026-04-09
62741,2026-03-30
62742,2026-04-20
62744,2026-04-06
62745,2026-03-05
62746,2026-03-16
62747,2026-04-16
62748,2026-03-16
62749,2026-03-26
62750,2026-04-15
62752,2026-04-06
62753,2026-04-16
62754,2026-03-11
62755,2026-04-20
62756,2026-04-15
62757,2026-04-22
62760,2026-03-30
62761,2025-12-16
62763,2026-03-11
62764,2026-03-17
62765,2026-04-23
62766,2026-03-09
62767,2026-02-11
62769,2026-03-31
62771,2026-04-16
62772,2026-04-20
62773,2026-04-20
62774,2026-02-11
62775,2026-05-14
62778,2026-04-28
62779,2026-04-27
62781,2026-04-06
62783,2025-06-05
62785,2026-04-01
62786,2026-05-29
62788,2026-03-24
62789,2026-04-09
62790,2026-04-06
62791,2026-03-19
62792,2026-04-09
62794,2026-04-01
62795,2025-09-25
62798,2026-01-07
62800,2026-03-17
62802,2026-03-04
62803,2026-03-23
62805,2026-02-03
62806,2026-04-07
62807,2026-03-12
62808,2026-04-07
62809,2026-04-08
62810,2026-03-12
62813,2025-12-22
62814,2026-04-20
62815,2026-03-18
62816,2026-03-25
62817,2026-04-06
62818,2026-03-30
62819,2026-04-08
62822,2026-04-07
62823,2025-11-10
62826,2026-05-12
62828,2026-04-13
62829,2026-03-31
62830,2026-03-18
62831,2026-03-02
62833,2026-03-24
62836,2026-03-24
62838,2026-04-06
62839,2026-04-27
62840,2026-04-07
62841,2026-05-20
62843,2026-04-30
62844,2026-05-18
62846,2026-03-16
62847,2026-04-16
62848,2026-04-08
62850,2026-04-21
62851,2026-04-29
62852,2026-05-07
62854,2026-04-22
62856,2026-04-30
62858,2026-04-01
62859,2026-03-30
62860,2026-04-07
62864,2026-03-12
62865,2026-04-20
62867,2026-03-26
62869,2026-03-10
62871,2026-03-17
62872,2026-03-18
62878,2026-03-09
62879,2026-04-08
62884,2026-04-15
62889,2026-05-04
62890,2026-04-21
62891,2026-04-10
62892,2026-04-14
62894,2026-03-04
62895,2026-03-11
62896,2026-03-25
62897,2026-04-21
62898,2026-04-15
62899,2026-04-27
62900,2026-04-07
62904,2026-03-31
62906,2026-04-30
62909,2026-04-01
62911,2026-04-01
62913,2026-04-14
62916,2026-04-28
62917,2026-05-14
62918,2026-04-29
62921,2026-03-10
62923,2026-04-08
62924,2026-04-27
62925,2026-05-07
62929,2026-04-21
62930,2026-04-06
62931,2026-04-21
62932,2026-05-04
62933,2026-04-06
62935,2026-04-22
62936,2026-05-04
62937,2026-04-27
62938,2026-05-25
62939,2026-04-28
62940,2026-05-05
62941,2025-10-03
62943,2026-04-30
62946,2026-04-30
62947,2026-03-03
62948,2026-04-29
62950,2026-03-10
62952,2026-04-14
62953,2026-05-06
62956,2026-04-07
62958,2026-04-30
62960,2026-04-16
62962,2026-04-29
62963,2026-05-18
62965,2026-04-08
62966,2026-05-07
62972,2026-04-07
62973,2026-04-30
62974,2026-03-12
62975,2026-04-29
62976,2026-04-29
62979,2026-05-04
62980,2026-04-27
62981,2026-04-14
62982,2026-04-20
62983,2026-03-31
62984,2026-05-07
62985,2026-05-04
62986,2026-04-29
62987,2026-04-22
62992,2026-04-08
62993,2026-04-07
62994,2026-05-19
62996,2026-05-04
62997,2026-04-30
62998,2026-01-07
62999,2026-04-09
63001,2026-04-28
63003,2026-05-06
63005,2026-04-29
63006,2026-05-11
63008,2026-05-27
63011,2026-04-07
63012,2026-04-29
63014,2026-04-27
63015,2026-05-19
63017,2026-05-20
63020,2026-04-29
63023,2026-04-21
63024,2026-05-13
63025,2026-05-06
63026,2026-03-31
63027,2026-05-06
63028,2026-05-04
63030,2026-05-08
63031,2026-01-20
63033,2026-03-30
63034,2026-05-06
63035,2026-05-06
63036,2026-05-05
63037,2026-05-18
63039,2025-11-27
63041,2026-05-04
63043,2026-05-14
63044,2026-04-06
63045,2026-05-29
63047,2026-03-30
63050,2026-05-05
63051,2026-05-05
63053,2026-05-07
63054,2026-05-19
63055,2026-04-30
63056,2026-05-06
63057,2026-05-06
63058,2026-04-01
63059,2026-04-14
63060,2026-04-20
63061,2026-05-06
63062,2026-04-28
63065,2026-04-21
63067,2026-04-08
63068,2026-04-29
63069,2026-04-06
63070,2026-05-04
63071,2026-04-09
63074,2026-04-16
63075,2026-05-07
63079,2026-05-20
63080,2026-04-07
63081,2026-04-07
63082,2026-04-27
63083,2026-05-14
63086,2026-05-07
63090,2026-05-04
63092,2026-05-13
63093,2026-04-15
63094,2026-04-29
63095,2026-04-30
63097,2026-04-06
63098,2026-04-13
63099,2026-04-16
63101,2026-05-05
63102,2026-04-30
63103,2026-05-06
63104,2026-05-05
63105,2026-04-16
63107,2026-05-06
63110,2026-03-30
63112,2026-04-06
63113,2026-04-08
63116,2026-04-27
63117,2026-05-04
63122,2026-04-13
63123,2026-04-07
63126,2026-04-27
63128,2026-04-16
63129,2026-05-06
63131,2026-04-27
63133,2026-04-14
63134,2026-05-05
63137,2026-04-21
63141,2026-05-07
63142,2026-05-07
63143,2026-05-19
63144,2026-04-29
63147,2026-04-30
63148,2026-04-28
63149,2026-04-20
63150,2026-04-27
63151,2026-05-07
63153,2026-04-16
63154,2026-04-20
63155,2026-05-04
63157,2026-04-28
63159,2026-04-21
63163,2026-04-08
63164,2026-05-05
63166,2026-04-08
63168,2026-04-29
63169,2026-04-30
63170,2026-05-19
63171,2026-05-05
63172,2026-03-31
63173,2026-04-21
63177,2026-04-30
63179,2026-04-08
63180,2026-05-11
63182,2026-05-05
63183,2026-05-06
63186,2026-05-19
63187,2026-04-27
63188,2026-04-08
63189,2026-04-13
63192,2026-03-27
63195,2026-04-14
63196,2026-05-06
63198,2026-05-05
63200,2026-03-03
63201,2026-03-18
63202,2026-04-21
63205,2026-05-11
63206,2026-05-12
63207,2026-04-28
63209,2026-05-13
63211,2026-05-13
63212,2026-05-19
63213,2026-05-11
63214,2026-05-13
63215,2026-05-19
63216,2026-05-05
63217,2026-05-11
63219,2026-04-28
63221,2026-05-13
63222,2026-05-11
63224,2026-04-21
63225,2026-05-13
63226,2026-05-19
63227,2026-05-13
63229,2026-04-30
63231,2026-04-28
63232,2026-05-05
63235,2026-05-12
63236,2026-05-19
63237,2026-05-19
63238,2026-05-13
63243,2026-05-11
63245,2026-05-11
63249,2026-05-25
63251,2026-05-11
63252,2026-04-30
63255,2026-05-18
63257,2026-05-12
63260,2026-05-12
63261,2026-05-11
63262,2026-04-13
63263,2026-05-11
63264,2026-05-12
63265,2026-05-12
63268,2026-04-28
63277,2026-05-11
63278,2026-05-13
63280,2026-05-13
63282,2026-05-13
63283,2026-05-12
63285,2026-05-12
63286,2026-05-12
63291,2026-05-12
63294,2026-05-13
63297,2026-04-28
63298,2026-05-12
63299,2026-05-19
63304,2026-05-18
63305,2026-05-06
63308,2026-05-12
63309,2026-04-29
63310,2026-05-13
63311,2026-04-28
63312,2026-05-12
63313,2026-05-13
63314,2025-12-16
63315,2026-03-31
63316,2026-05-12
63318,2026-05-12
63320,2026-05-19
63321,2026-05-07
63322,2026-05-19
63323,2026-05-12
63324,2026-05-12
63325,2026-05-12
63327,2026-05-12
63333,2026-05-13
63338,2026-05-19
63342,2026-05-05
63352,2026-04-30
63358,2026-04-28
63361,2026-05-04
63364,2026-05-05
63365,2026-05-05
63366,2026-05-19
63369,2026-05-29
63372,2026-05-05
63373,2026-04-28
63374,2026-04-29
63377,2026-04-28
63384,2026-04-29
63385,2026-05-29
63391,2026-04-30
63394,2026-05-04
63397,2026-05-04
63400,2026-05-05
63401,2025-11-27
63404,2026-05-05
63405,2026-05-19
63410,2026-02-03
63413,2026-04-28
63415,2026-04-28
63422,2025-11-17
63423,2025-11-17
63424,2025-11-27
63427,2026-05-07
63434,2026-05-07
63437,2026-05-04
63439,2026-05-08
63446,2026-05-04
63451,2026-04-28
63456,2026-04-30
63460,2026-04-30
63467,2026-04-28
63470,2026-05-06
63471,2026-01-13
63493,2026-05-05
63497,2026-05-04
63504,2026-04-29
63508,2026-05-06
63513,2026-04-13
63514,2026-04-13
63515,2025-12-16
63523,2026-05-18
63528,2026-01-13
63535,2026-05-18
63541,2026-05-29
63543,2026-04-28
63544,2025-09-12
63548,2026-05-07
63554,2025-11-20
63559,2025-12-22
63560,2026-04-28
63561,2025-12-29
63564,2026-05-07
63565,2025-11-18
63571,2026-03-04
63573,2025-11-27
63574,2025-11-13
63575,2026-02-23
63579,2026-01-07
63586,2026-01-07
63587,2026-01-13
63591,2026-03-03
63604,2025-10-03
63607,2026-01-27
63608,2026-04-06
63611,2026-02-26
63612,2026-03-17
63614,2026-04-13
63615,2026-05-11
63621,2025-10-30
63622,2025-06-27
63625,2026-02-20
63628,2025-06-05
63629,2025-12-16
63634,2025-07-04
63635,2025-07-07
63639,2026-03-26
63640,2025-06-02
63641,2025-09-01
63642,2025-06-05
63643,2025-06-02
63646,2025-06-13
63650,2025-05-30
63653,2025-06-24
63656,2025-05-30
63660,2025-07-29
63661,2025-04-21
63665,2025-07-08
63666,2025-07-04
63668,2025-10-27
63669,2025-06-06
63673,2025-11-03
63674,2025-05-30
63675,2025-10-27
63676,2025-04-25
63688,2025-06-09
63691,2025-07-17
63692,2025-07-10
63695,2025-06-02
63697,2025-07-09
63699,2025-07-29
63700,2025-08-08
63704,2025-07-21
63706,2025-07-31
63709,2025-08-27
63710,2025-07-17
63711,2025-08-22
63713,2025-08-19
63714,2025-08-08
63715,2025-09-05
63716,2025-10-20
63717,2025-09-01
63723,2025-07-21
63724,2025-05-26
63725,2025-09-12
63726,2025-10-20
63728,2025-09-03
63729,2025-08-11
63730,2025-10-03
63731,2025-08-29
63732,2026-03-19
63733,2025-08-11
63734,2025-10-08
63737,2025-08-29
63738,2025-10-03
63739,2025-09-19
63740,2025-09-10
63741,2025-07-18
63742,2025-09-18
63745,2025-06-05
63746,2025-06-10
63748,2025-12-22
63750,2025-06-23
63751,2025-10-03
63757,2025-08-11
63761,2025-10-31
63763,2025-08-11
63768,2026-02-16
63769,2025-10-01
63773,2025-06-30
63775,2025-10-14
63776,2025-10-17
63777,2026-06-04
63778,2025-10-03
63779,2025-09-29
63780,2025-11-07
63781,2025-10-30
63782,2025-10-03
63784,2025-11-21
63786,2025-08-11
63790,2025-12-26
63791,2025-07-22
63793,2025-10-31
63796,2025-11-21
63797,2025-10-27
63798,2025-11-21
63800,2025-11-25
63801,2025-09-22
63802,2025-11-21
63803,2025-11-07
63804,2025-11-21
63805,2025-11-07
63807,2025-11-07
63809,2025-09-22
63810,2025-11-21
63811,2026-03-09
63817,2025-11-27
63819,2025-09-08
63820,2025-12-19
63822,2025-12-05
63823,2025-12-05
63824,2025-12-19
63828,2026-04-27
63829,2025-12-19
63830,2025-12-19
63831,2025-12-16
63832,2026-01-29
63833,2026-04-23
63835,2025-12-19
63836,2025-12-26
63837,2025-10-06
63840,2026-01-21
63842,2026-01-29
63845,2025-11-10
63846,2025-09-02
63847,2025-10-20
63848,2026-01-21
63850,2026-05-25
63851,2025-10-20
63852,2025-12-09
63853,2025-12-09
63854,2026-04-17
63855,2026-03-25
63856,2026-02-18
63857,2026-02-19
63858,2025-08-12
63860,2026-04-27
63863,2026-02-18
63865,2026-05-19
63866,2026-04-14
63867,2025-12-22
63869,2026-04-14
63874,2026-01-09
63875,2026-02-26
63877,2025-12-30
63878,2025-12-09
63880,2026-02-20
63882,2026-04-01
63883,2026-05-13
63884,2026-06-04
63885,2026-01-19
63886,2025-08-25
63889,2026-02-06
63892,2025-08-28
63893,2025-12-31
63897,2026-03-06
63898,2025-09-09
63900,2026-01-20
63901,2026-01-20
63902,2025-09-17
63904,2026-04-09
63905,2026-03-20
63906,2026-03-06
63907,2026-02-13
63912,2026-04-15
63914,2026-01-20
63916,2025-09-25
63917,2026-01-05
63919,2026-03-20
63920,2026-02-27
63921,2026-01-12
63926,2026-04-07
63927,2026-04-07
63929,2026-04-17
63932,2026-03-17
63934,2026-04-17
63935,2026-04-10
63936,2026-02-11
63939,2026-04-28
63943,2026-04-29
63946,2026-03-17
63947,2026-05-29
63948,2026-05-08
63949,2026-05-29
63950,2025-07-07
63951,2026-05-08
63952,2026-03-02
63954,2026-05-12
63955,2026-03-23
63956,2026-05-05
63957,2025-10-28
63958,2026-04-08
63959,2026-05-05
63962,2026-05-29
63964,2026-04-20
63966,2026-04-06
63968,2026-04-13
63975,2025-11-27
63978,2026-04-21
63979,2026-05-05
63982,2026-01-13
63984,2026-01-19
63988,2026-01-20
63989,2026-03-16
63990,2026-02-16
63995,2026-05-21
63996,2026-05-06
63997,2026-02-16
64005,2025-05-19
64007,2025-06-02
64011,2025-05-26
64012,2025-05-26
64013,2025-06-19
64014,2025-06-16
64017,2025-06-26
64019,2025-06-06
64023,2025-07-30
64027,2025-05-26
64030,2025-05-29
64031,2025-05-19
64034,2025-05-28
64035,2025-05-30
64037,2025-06-06
64038,2025-09-02
64042,2025-05-26
64044,2025-05-19
64045,2025-05-28
64046,2025-06-05
64047,2025-07-07
64049,2025-06-04
64050,2025-06-13
64053,2025-06-04
64053,2025-07-24
64054,2025-06-04
64057,2025-05-30
64061,2026-03-26
64062,2025-05-19
64063,2025-08-25
64066,2025-05-30
64067,2025-06-27
64071,2025-06-23
64072,2025-07-08
64073,2025-05-29
64076,2025-05-30
64082,2025-06-05
64084,2025-06-27
64087,2025-05-27
64089,2025-04-25
64091,2025-06-30
64095,2025-05-26
64096,2025-05-27
64097,2025-06-06
64098,2025-05-30
64100,2025-10-01
64101,2025-07-28
64106,2025-10-01
64107,2025-10-01
64108,2025-05-27
64110,2025-06-06
64112,2025-05-30
64117,2025-10-27
64123,2025-10-01
64124,2025-07-04
64125,2025-05-30
64127,2025-05-27
64130,2025-07-14
64131,2025-10-28
64133,2025-10-27
64135,2025-06-06
64136,2025-07-22
64137,2025-07-04
64140,2025-07-10
64142,2025-07-11
64143,2025-06-23
64145,2025-08-22
64146,2025-08-18
64148,2025-09-02
64153,2025-08-18
64158,2025-08-04
64161,2025-08-22
64167,2025-08-18
64169,2025-09-05
64171,2025-09-22
64174,2025-07-14
64176,2025-12-10
64177,2025-09-04
64178,2026-06-10
64179,2025-08-08
64184,2025-08-07
64185,2025-08-01
64185,2025-07-18
64188,2025-10-06
64190,2025-09-08
64191,2025-07-28
64193,2025-08-27
64194,2025-08-08
64198,2026-01-12
64200,2025-08-27
64201,2025-09-01
64202,2025-07-04
64204,2025-08-07
64205,2025-08-07
64207,2025-09-29
64208,2026-01-12
64209,2025-09-08
64210,2025-07-11
64212,2025-08-08
64213,2025-07-21
64215,2025-09-29
64216,2025-08-08
64217,2025-08-05
64218,2025-08-08
64219,2025-07-07
64225,2025-07-16
64226,2025-11-10
64229,2026-02-23
64232,2025-08-29
64234,2025-06-23
64235,2025-08-29
64239,2026-01-29
64241,2026-03-24
64242,2025-08-07
64243,2025-11-10
64245,2025-07-28
64246,2025-09-03
64247,2026-03-11
64249,2025-07-28
64250,2025-09-12
64252,2025-09-03
64253,2025-09-12
64256,2025-09-03
64257,2025-08-29
64258,2025-08-11
64260,2025-08-26
64261,2025-08-26
64265,2025-09-12
64268,2025-10-02
64270,2025-09-12
64271,2025-11-10
64272,2025-08-29
64275,2025-10-08
64276,2026-03-19
64277,2025-09-09
64278,2025-07-21
64279,2025-12-22
64281,2025-10-02
64282,2025-09-19
64283,2025-09-23
64284,2026-01-29
64285,2025-10-02
64286,2025-09-19
64289,2025-09-19
64292,2025-10-08
64295,2025-10-02
64296,2025-08-11
64299,2025-09-01
64300,2025-10-03
64301,2025-10-02
64303,2025-10-31
64308,2025-09-10
64311,2025-09-09
64313,2025-09-26
64315,2025-09-23
64316,2025-09-03
64317,2025-09-12
64323,2025-08-12
64327,2025-09-30
64328,2025-06-16
64329,2025-10-08
64335,2025-10-16
64336,2025-10-03
64338,2025-06-25
64339,2026-05-19
64340,2025-09-19
64342,2026-05-27
64346,2025-08-11
64347,2025-06-16
64349,2026-03-19
64350,2025-10-16
64351,2025-06-11
64355,2025-10-17
64357,2025-10-16
64364,2025-10-16
64369,2025-08-25
64370,2025-10-16
64371,2025-10-22
64374,2026-03-31
64376,2025-10-22
64377,2025-07-28
64380,2025-10-17
64384,2025-10-17
64385,2025-10-17
64389,2025-10-02
64391,2026-02-16
64392,2025-08-25
64393,2025-10-16
64394,2025-10-16
64400,2025-10-22
64402,2025-10-03
64403,2025-11-25
64404,2025-10-03
64405,2025-09-30
64406,2025-06-04
64407,2025-10-27
64408,2025-11-25
64415,2025-10-20
64418,2025-10-21
64425,2025-10-16
64426,2025-09-01
64428,2025-10-16
64431,2025-11-07
64432,2025-10-27
64434,2025-10-16
64436,2025-10-14
64437,2025-11-07
64443,2025-10-30
64447,2025-09-30
64452,2026-03-09
64454,2026-03-23
64457,2025-06-11
64458,2025-10-30
64461,2025-10-30
64464,2026-03-27
64465,2025-11-21
64467,2025-12-17
64471,2026-02-05
64472,2025-10-30
64475,2026-03-09
64476,2026-03-27
64477,2026-03-02
64478,2025-12-03
64482,2025-12-03
64485,2025-12-03
64486,2025-10-31
64487,2025-11-12
64490,2026-02-06
64492,2025-10-27
64493,2025-08-21
64496,2025-10-31
64503,2026-02-06
64504,2025-07-23
64505,2025-08-06
64509,2026-01-22
64514,2025-11-18
64515,2025-12-05
64516,2025-09-01
64518,2026-01-21
64519,2025-12-05
64522,2026-04-13
64524,2025-12-19
64525,2026-01-22
64526,2025-12-05
64528,2026-02-04
64530,2026-04-23
64531,2025-12-19
64533,2025-12-19
64535,2025-10-06
64536,2026-01-21
64537,2025-12-19
64538,2025-11-25
64539,2026-05-25
64542,2026-04-13
64543,2025-09-01
64545,2025-12-19
64548,2026-02-05
64549,2026-05-13
64551,2026-04-10
64552,2026-04-07
64556,2025-12-05
64557,2025-12-19
64558,2025-12-19
64559,2025-12-16
64560,2025-08-06
64563,2026-05-13
64567,2025-12-12
64569,2026-05-13
64570,2025-10-31
64574,2025-11-05
64575,2025-12-19
64581,2026-04-14
64582,2026-01-16
64583,2026-05-13
64587,2025-10-14
64588,2026-01-16
64589,2026-01-09
64591,2026-03-25
64592,2025-12-09
64593,2026-05-08
64595,2026-03-05
64597,2025-12-19
64602,2025-12-05
64603,2025-08-11
64610,2026-04-14
64611,2026-01-16
64613,2026-01-09
64614,2025-11-17
64615,2025-12-09
64616,2025-08-12
64617,2026-01-09
64618,2026-03-11
64619,2025-09-02
64621,2025-11-03
64622,2025-11-24
64625,2025-09-02
64626,2025-12-02
64627,2026-01-28
64629,2026-03-18
64630,2025-12-23
64632,2026-05-11
64633,2026-03-11
64634,2026-04-24
64635,2026-04-14
64640,2026-03-18
64641,2025-12-03
64642,2026-05-14
64644,2026-01-09
64648,2026-01-16
64650,2026-02-25
64651,2026-02-12
64652,2026-03-06
64653,2026-02-13
64654,2026-05-08
64655,2026-05-19
64658,2026-04-23
64659,2025-11-17
64662,2026-04-08
64664,2026-02-13
64665,2026-04-16
64666,2026-02-20
64667,2026-02-20
64668,2025-12-08
64671,2026-04-09
64672,2026-04-23
64673,2025-11-17
64676,2025-12-08
64677,2026-02-20
64678,2025-12-31
64679,2025-12-08
64680,2025-12-08
64683,2025-12-31
64685,2026-05-14
64688,2025-12-15
64690,2026-02-13
64694,2025-11-03
64698,2026-01-19
64700,2026-02-20
64702,2025-09-09
64704,2025-11-17
64706,2026-03-06
64708,2026-04-29
64709,2025-11-25
64710,2026-04-13
64712,2026-01-19
64713,2026-02-20
64715,2026-03-20
64717,2025-12-22
64719,2026-04-14
64720,2026-04-15
64722,2026-01-12
64725,2026-01-12
64726,2026-05-06
64728,2026-04-29
64730,2026-01-14
64731,2026-02-27
64734,2026-02-20
64735,2025-12-29
64736,2026-02-05
64738,2025-12-29
64739,2025-09-25
64742,2026-02-20
64743,2026-04-16
64746,2026-01-12
64749,2026-03-03
64751,2026-04-01
64752,2025-12-29
64755,2026-02-13
64756,2026-01-14
64758,2026-01-27
64760,2026-01-12
64762,2026-04-09
64764,2025-12-29
64766,2026-03-06
64768,2026-04-10
64769,2026-03-06
64770,2026-02-17
64771,2025-11-24
64772,2026-01-14
64778,2026-04-10
64783,2026-01-06
64785,2026-02-17
64786,2026-04-30
64787,2026-05-20
64788,2026-04-24
64789,2026-04-17
64791,2025-10-06
64795,2026-02-02
64797,2026-04-07
64799,2026-04-07
64801,2026-04-07
64802,2026-02-23
64803,2026-02-23
64806,2025-10-06
64812,2026-04-14
64814,2026-05-06
64815,2026-04-07
64816,2026-04-07
64817,2026-04-07
64818,2026-02-16
64820,2025-10-06
64821,2026-05-07
64822,2026-02-23
64824,2026-05-07
64825,2026-05-07
64826,2026-02-25
64833,2025-10-28
64835,2026-05-12
64837,2026-04-10
64838,2026-04-28
64840,2026-05-29
64841,2025-12-24
64842,2026-03-04
64843,2026-03-10
64844,2026-05-29
64847,2026-05-12
64854,2026-02-02
64856,2026-02-02
64858,2026-05-12
64859,2026-02-09
64861,2026-02-02
64864,2026-05-29
64869,2025-11-19
64870,2026-03-03
64872,2026-04-28
64875,2026-05-05
64879,2026-05-13
64881,2026-05-05
64884,2026-05-29
64886,2026-04-07
64887,2026-05-08
64889,2025-11-05
64890,2026-04-01
64891,2026-05-05
64892,2025-11-13
64894,2026-05-29
64895,2026-04-06
64896,2026-05-05
64897,2026-04-06
64898,2026-05-05
64899,2026-03-02
64900,2025-11-18
64901,2026-03-16
64903,2026-03-02
64904,2026-02-17
64905,2026-05-15
64906,2025-11-12
64911,2026-03-03
64912,2026-04-27
64914,2026-02-17
64926,2026-04-06
64931,2026-04-27
64933,2025-12-23
64937,2026-05-18
64942,2026-04-28
64944,2026-04-06
64949,2026-05-11
64950,2026-04-27
64952,2026-01-07
64953,2026-03-02
64954,2026-05-13
64958,2026-04-13
64961,2026-04-21
64963,2026-05-12
64971,2026-05-18
64983,2026-05-11
64984,2026-03-10
64985,2026-05-25
64986,2026-05-12
64987,2026-05-12
64988,2026-05-11
64992,2026-04-27
64999,2026-04-30
65002,2026-02-11
65010,2025-05-26
65011,2025-05-26
65015,2025-08-01
65016,2025-06-02
65017,2025-06-06
65019,2025-06-06
65021,2025-05-21
65024,2025-07-04
65027,2025-08-01
65030,2025-05-26
65032,2025-07-28
65034,2025-05-27
65039,2026-03-26
65040,2025-05-26
65041,2025-06-02
65041,2025-05-29
65047,2025-05-30
65048,2025-05-26
65049,2026-03-26
65050,2025-07-07
65055,2025-06-04
65056,2026-03-26
65057,2025-04-21
65061,2025-07-04
65063,2025-07-30
65066,2025-05-28
65067,2025-05-30
65069,2025-09-02
65073,2026-03-26
65075,2025-08-05
65076,2025-05-26
65077,2025-06-05
65078,2025-05-19
65081,2025-06-25
65083,2025-05-19
65086,2025-05-19
65088,2025-06-02
65091,2025-07-21
65093,2025-07-04
65094,2025-07-21
65095,2025-05-19
65096,2025-05-21
65101,2025-05-30
65102,2025-05-19
65107,2025-06-06
65109,2025-05-27
65110,2025-06-19
65111,2025-06-05
65113,2025-05-27
65114,2025-05-29
65116,2025-05-27
65120,2025-05-27
65121,2025-05-20
65123,2025-06-24
65124,2025-06-06
65126,2025-05-21
65127,2025-08-22
65132,2025-10-01
65133,2025-10-27
65137,2025-10-01
65138,2025-10-01
65140,2025-06-12
65142,2025-06-24
65143,2025-05-26
65145,2025-08-11
65146,2025-06-30
65149,2025-06-19
65150,2025-10-29
65151,2025-05-30
65152,2025-07-07
65153,2025-05-26
65160,2025-07-07
65162,2025-06-24
65165,2025-07-07
65165,2025-07-28
65166,2025-05-30
65167,2025-07-04
65169,2025-06-26
65170,2025-05-28
65171,2025-07-14
65174,2025-06-06
65176,2025-07-07
65179,2025-07-14
65181,2025-06-19
65182,2025-05-30
65189,2025-08-18
65190,2025-06-20
65193,2025-08-01
65194,2025-07-30
65198,2025-07-09
65199,2025-07-14
65203,2025-07-11
65205,2025-07-18
65206,2025-07-11
65208,2025-07-15
65209,2025-08-04
65211,2025-08-18
65215,2025-07-22
65217,2025-07-18
65218,2025-08-18
65221,2025-08-04
65225,2025-07-18
65226,2025-07-24
65227,2026-03-27
65228,2025-07-28
65229,2025-07-18
65230,2025-07-10
65233,2025-07-10
65234,2025-07-28
65243,2025-07-11
65250,2025-07-08
65251,2025-08-19
65256,2025-06-06
65257,2025-06-02
65262,2025-07-24
65263,2025-07-29
65271,2025-06-09
65274,2025-08-04
65275,2025-06-30
65277,2025-07-18
65279,2025-07-04
65282,2025-09-08
65283,2025-11-24
65287,2025-08-07
65288,2025-07-07
65291,2025-07-31
65295,2025-10-06
65296,2025-08-08
65297,2026-01-12
65298,2025-07-17
65299,2025-09-08
65300,2025-09-08
65302,2025-08-08
65305,2025-09-29
65306,2025-11-24
65309,2025-07-10
65313,2025-08-08
65314,2025-11-26
65315,2025-06-02
65318,2025-09-08
65319,2025-08-08
65321,2025-06-23
65326,2025-07-18
65327,2025-09-29
65328,2025-09-08
65330,2025-09-29
65331,2025-08-08
65333,2025-07-28
65334,2025-08-08
65336,2025-06-02
65337,2025-09-29
65339,2025-07-03
65340,2025-08-07
65343,2026-02-27
65348,2025-07-24
65350,2025-07-22
65353,2025-08-08
65354,2025-09-29
65357,2025-08-07
65358,2025-09-08
65359,2026-01-13
65360,2025-08-05
65362,2025-08-08
65363,2025-07-16
65364,2025-09-08
65366,2025-12-10
65370,2025-08-11
65371,2025-07-24
65377,2025-08-07
65381,2025-08-13
65382,2025-09-03
65386,2025-09-12
65388,2026-03-17
65389,2025-09-12
65391,2025-07-28
65392,2025-09-12
65393,2025-06-02
65394,2025-07-28
65395,2025-10-20
65396,2025-08-29
65398,2025-08-13
65401,2026-02-02
65402,2025-09-12
65403,2025-09-12
65404,2025-08-04
65405,2025-06-23
65409,2025-09-17
65410,2025-07-29
65411,2026-02-24
65412,2026-02-09
65418,2025-09-03
65420,2025-08-26
65422,2025-07-16
65423,2025-09-17
65424,2025-08-19
65428,2025-06-09
65429,2025-07-22
65430,2025-08-29
65431,2025-09-03
65441,2025-09-12
65442,2025-09-11
65444,2025-06-09
65445,2026-02-23
65448,2026-02-03
65449,2025-08-07
65450,2025-09-17
65452,2025-10-31
65453,2026-02-23
65455,2025-10-20
65457,2026-02-17
65458,2025-08-04
65459,2025-09-03
65462,2025-06-10
65464,2025-06-10
65466,2025-09-17
65468,2025-09-03
65470,2025-09-08
65474,2025-08-07
65475,2025-09-01
65476,2025-09-12
65478,2025-07-22
65479,2025-09-12
65482,2025-09-11
65483,2025-08-07
65484,2025-10-08
65487,2025-06-23
65490,2025-09-12
65491,2025-06-30
65492,2026-02-09
65493,2025-09-12
65494,2025-06-10
65495,2026-05-27
65497,2025-09-19
65498,2025-10-20
65500,2025-07-18
65502,2025-08-14
65504,2025-11-10
65505,2025-08-11
65507,2025-09-19
65508,2025-09-10
65520,2025-10-02
65521,2025-09-12
65529,2025-09-09
65531,2025-09-10
65532,2025-09-12
65533,2025-12-22
65534,2025-09-23
65535,2026-02-03
65537,2025-09-19
65540,2025-08-11
65541,2025-08-11
65545,2025-12-22
65547,2026-03-03
65549,2025-09-12
65552,2025-11-07
65553,2025-09-01
65555,2025-09-04
65556,2025-10-31
65560,2025-10-31
65561,2025-09-19
65565,2025-10-31
65566,2025-08-14
65568,2025-08-11
65569,2025-07-22
65573,2025-08-14
65578,2025-09-25
65580,2025-06-16
65584,2025-07-29
65587,2025-09-09
65588,2025-09-10
65592,2025-12-22
65593,2025-09-26
65595,2025-12-22
65596,2025-09-10
65600,2025-09-26
65601,2025-08-11
65602,2026-01-26
65603,2025-10-02
65605,2026-04-29
65609,2026-02-06
65611,2025-10-16
65613,2026-02-06
65615,2025-08-11
65616,2025-09-26
65618,2026-03-26
65619,2025-09-26
65621,2025-09-19
65622,2026-01-26
65626,2025-10-16
65637,2025-09-01
65639,2025-07-14
65640,2025-06-11
65643,2025-12-29
65644,2026-01-29
65653,2025-10-03
65654,2025-10-17
65657,2025-10-16
65659,2025-12-29
65660,2025-09-30
65663,2025-10-17
65664,2025-09-08
65665,2025-10-03
65668,2026-02-16
65669,2026-03-02
65670,2025-10-10
65673,2025-10-08
65677,2025-06-23
65678,2025-11-20
65680,2025-10-28
65681,2025-10-08
65682,2026-04-22
65683,2025-07-29
65686,2025-12-22
65687,2025-09-30
65690,2025-10-08
65693,2025-10-16
65697,2025-06-09
65700,2025-10-03
65704,2025-06-16
65705,2025-07-01
65706,2025-06-16
65707,2025-10-16
65711,2025-06-11
65712,2025-11-28
65715,2025-10-27
65716,2025-09-29
65718,2025-11-21
65720,2025-12-17
65722,2025-10-17
65723,2025-11-20
65724,2025-10-14
65725,2026-05-04
65726,2026-03-19
65730,2025-11-26
65732,2025-10-27
65733,2025-10-10
65740,2026-03-16
65742,2025-12-17
65745,2025-11-03
65746,2025-11-28
65748,2026-02-19
65751,2025-10-31
65755,2026-02-05
65757,2025-12-03
65761,2025-11-13
65764,2025-10-08
65765,2025-11-13
65767,2026-03-12
65768,2025-11-14
65769,2025-11-28
65772,2025-12-03
65774,2025-11-07
65777,2025-11-28
65779,2025-11-07
65782,2026-02-06
65783,2026-03-23
65784,2025-11-07
65785,2026-02-27
65786,2026-03-09
65788,2025-10-30
65791,2025-11-13
65794,2025-11-21
65796,2025-10-30
65798,2026-03-11
65801,2026-02-19
65802,2026-03-23
65807,2026-03-09
65809,2026-02-20
65810,2025-11-13
65811,2025-08-11
65812,2025-12-04
65813,2026-05-13
65814,2026-02-27
65818,2025-11-04
65819,2025-09-19
65820,2025-11-07
65824,2025-10-13
65826,2025-10-06
65830,2025-11-21
65831,2025-12-04
65834,2026-03-11
65838,2026-01-28
65839,2025-12-12
65840,2025-12-05
65842,2025-11-05
65845,2025-11-07
65847,2026-04-21
65848,2026-04-23
65849,2025-12-12
65850,2026-04-06
65855,2025-12-12
65857,2025-10-20
65859,2026-04-23
65860,2026-02-23
65862,2026-03-11
65864,2026-01-08
65865,2025-12-16
65867,2026-04-10
65874,2026-04-23
65875,2026-04-21
65876,2026-04-20
65877,2025-11-11
65878,2025-11-26
65879,2025-10-13
65881,2025-09-01
65882,2026-01-28
65885,2026-01-28
65890,2026-01-07
65891,2026-01-28
65895,2025-10-06
65896,2026-01-28
65897,2025-10-20
65898,2025-10-20
65899,2025-12-12
65900,2026-01-07
65902,2025-10-27
65903,2026-01-21
65905,2026-01-07
65906,2025-12-12
65908,2026-04-24
65913,2026-02-10
65914,2025-12-16
65915,2025-08-06
65921,2026-02-12
65924,2025-12-05
65926,2025-12-12
65927,2025-07-23
65932,2025-12-19
65935,2025-12-19
65936,2026-04-13
65938,2026-02-04
65939,2025-10-20
65940,2025-10-20
65942,2026-06-01
65943,2025-09-01
65944,2026-04-06
65945,2026-05-04
65947,2026-02-18
65948,2025-12-03
65951,2025-12-09
65952,2026-05-19
65954,2026-04-14
65960,2025-09-30
65961,2025-12-09
65965,2025-12-31
65967,2026-01-02
65969,2026-03-25
65970,2025-11-03
65974,2026-01-28
65976,2025-11-17
65978,2026-03-18
65980,2026-01-30
65981,2026-04-24
65982,2025-12-09
65985,2026-01-23
65988,2026-01-30
65991,2025-11-17
65992,2025-09-02
65993,2026-01-16
65994,2026-02-04
65996,2026-02-25
65997,2026-01-02
65998,2025-10-20
65999,2026-01-16
66001,2025-11-24
66003,2025-11-10
66004,2025-08-01
66005,2025-11-03
66010,2026-01-16
66011,2025-10-30
66012,2025-07-11
66015,2026-02-05
66016,2025-11-17
66017,2026-01-16
66019,2026-03-05
66022,2025-08-12
66025,2025-11-10
66026,2025-08-11
66027,2026-01-16
66028,2026-05-20
66029,2026-05-18
66034,2026-01-27
66035,2026-05-18
66037,2026-01-27
66039,2026-03-19
66040,2025-12-02
66042,2026-01-02
66043,2026-02-06
66044,2026-03-12
66045,2026-02-18
66047,2026-01-30
66048,2025-08-20
66054,2026-01-16
66058,2026-03-25
66060,2026-02-20
66062,2026-04-09
66066,2026-01-23
66067,2026-04-01
66069,2026-02-20
66074,2025-10-13
66075,2025-11-17
66076,2025-12-15
66080,2026-01-16
66081,2025-11-03
66083,2025-10-14
66085,2025-12-09
66088,2026-04-23
66089,2026-02-13
66090,2025-11-17
66094,2026-04-09
66096,2026-01-30
66098,2026-04-21
66100,2026-05-13
66103,2026-02-13
66105,2025-12-31
66108,2026-02-02
66110,2026-04-08
66111,2026-01-19
66113,2025-08-28
66117,2026-05-12
66121,2026-02-27
66123,2026-04-01
66124,2025-08-28
66127,2025-11-17
66129,2026-02-06
66131,2026-02-20
66132,2026-02-13
66135,2025-12-15
66136,2025-09-09
66138,2025-08-28
66139,2026-04-09
66141,2025-11-03
66142,2026-02-02
66145,2026-02-20
66147,2026-04-01
66149,2026-04-09
66150,2026-02-20
66151,2025-12-15
66155,2026-03-27
66163,2025-12-29
66169,2025-12-15
66172,2026-01-20
66173,2025-12-29
66175,2025-10-23
66178,2026-04-30
66180,2026-01-07
66181,2026-01-30
66183,2025-09-25
66185,2026-03-06
66186,2026-04-15
66189,2026-04-29
66192,2026-03-20
66198,2026-03-20
66199,2026-01-23
66200,2025-10-14
66201,2026-01-12
66203,2026-02-06
66205,2025-11-24
66207,2026-05-20
66208,2026-05-14
66209,2026-03-20
66211,2026-04-30
66214,2025-11-24
66215,2026-05-06
66217,2025-12-29
66218,2025-11-25
66219,2025-11-25
66221,2026-04-30
66224,2026-02-13
66225,2026-02-20
66226,2026-04-17
66235,2026-04-30
66237,2025-09-26
66244,2026-03-20
66246,2026-02-20
66248,2026-02-06
66249,2026-03-20
66251,2026-02-20
66252,2026-01-21
66253,2026-04-08
66254,2026-05-20
66256,2026-03-06
66259,2025-09-17
66260,2026-04-15
66261,2026-02-20
66262,2025-12-29
66264,2026-04-08
66265,2026-02-27
66268,2026-05-07
66269,2026-04-17
66270,2026-04-08
66272,2026-04-07
66275,2026-03-20
66277,2026-06-17
66278,2025-11-25
66279,2025-12-02
66281,2026-05-15
66282,2026-05-08
66283,2026-05-06
66284,2026-04-14
66285,2026-02-16
66288,2026-02-11
66292,2026-05-27
66293,2026-04-14
66294,2026-04-09
66295,2026-04-10
66297,2026-02-16
66299,2026-04-21
66301,2026-04-10
66302,2026-04-07
66303,2026-01-06
66305,2026-03-02
66306,2026-04-14
66307,2026-02-25
66309,2026-02-16
66311,2026-03-02
66313,2026-04-07
66315,2026-02-17
66320,2026-01-07
66322,2026-02-02
66323,2026-02-18
66325,2026-05-20
66328,2026-02-23
66329,2026-02-11
66330,2026-04-10
66331,2026-02-23
66335,2026-01-12
66336,2026-04-07
66337,2026-02-23
66338,2026-04-07
66339,2026-02-20
66340,2026-04-10
66341,2026-04-30
66344,2026-04-28
66347,2025-10-21
66349,2026-03-09
66352,2026-04-28
66353,2026-03-03
66355,2026-05-29
66356,2026-05-29
66357,2026-05-07
66359,2025-11-03
66360,2026-05-05
66361,2026-03-25
66362,2026-04-28
66363,2025-09-09
66366,2025-10-06
66367,2026-05-05
66368,2026-05-29
66373,2026-03-09
66378,2026-03-02
66381,2026-05-29
66382,2026-05-29
66383,2026-03-03
66391,2026-05-29
66392,2026-02-02
66394,2026-05-12
66399,2026-05-05
66400,2025-11-03
66401,2025-11-03
66402,2026-03-23
66403,2026-02-23
66404,2026-01-20
66405,2026-05-29
66407,2026-05-29
66409,2026-02-23
66411,2026-05-05
66415,2026-01-20
66417,2026-05-29
66419,2026-05-29
66420,2026-05-29
66424,2026-03-31
66425,2026-04-15
66427,2026-05-15
66428,2025-11-19
66429,2026-03-30
66433,2026-04-06
66434,2026-05-29
66435,2026-05-29
66436,2025-11-19
66438,2026-03-02
66439,2026-04-06
66441,2025-11-18
66442,2026-04-13
66443,2025-11-13
66444,2025-11-18
66446,2026-05-29
66448,2026-05-05
66449,2026-05-05
66454,2026-04-20
66455,2026-05-05
66456,2026-04-07
66459,2026-05-05
66460,2026-04-13
66462,2026-03-02
66465,2026-03-10
66470,2026-04-27
66471,2026-04-13
66476,2026-05-04
66478,2026-04-06
66483,2025-12-23
66485,2026-04-06
66496,2025-11-27
66498,2026-05-05
66505,2026-05-06
66506,2026-05-19
66507,2026-05-11
66514,2025-12-04
66521,2026-01-26
66523,2026-03-03
66526,2026-05-25
66527,2026-04-27
66530,2026-05-05
66533,2026-04-14
66534,2025-12-16
66548,2026-04-27
66549,2025-12-16
66550,2026-05-25
66555,2026-02-16
66557,2026-05-25
66559,2026-01-14
66563,2026-01-14
66567,2026-04-14
66581,2026-01-12
66583,2026-01-14
66586,2026-01-26
66587,2026-05-12
66588,2026-05-12
66589,2026-05-18
66591,2026-03-23
66595,2026-04-20
66596,2026-04-16
66597,2026-05-18
66600,2026-03-10
66604,2026-03-02
66613,2026-05-25
66618,2026-04-16
66624,2026-05-19
66628,2026-05-06
66632,2025-05-19
66634,2025-04-25
66636,2025-06-03
66642,2025-07-07
66645,2025-06-30
66646,2025-06-20
66646,2025-06-18
66649,2025-05-30
66653,2025-05-27
66654,2025-06-23
66657,2025-07-31
66661,2025-06-03
66662,2025-06-06
66664,2025-07-11
66665,2025-06-04
66670,2025-05-26
66671,2025-07-01
66672,2025-07-01
66675,2025-07-14
66676,2025-05-27
66677,2025-07-01
66678,2025-08-05
66681,2025-06-05
66682,2025-07-03
66685,2025-06-26
66688,2025-09-08
66690,2025-07-30
66691,2025-06-10
66692,2025-06-05
66694,2025-07-01
66695,2025-05-27
66699,2025-05-27
66700,2025-06-19
66703,2025-08-11
66705,2025-07-01
66706,2025-06-05
66707,2025-07-31
66709,2025-06-19
66711,2025-06-10
66712,2025-05-27
66714,2025-08-11
66718,2025-06-19
66719,2025-08-11
66721,2025-06-10
66723,2025-06-10
66726,2025-06-10
66727,2025-05-29
66728,2025-06-10
66729,2025-06-10
66730,2025-07-04
66731,2025-07-01
66735,2025-06-27
66737,2025-07-07
66738,2025-05-30
66739,2025-05-27
66746,2025-07-03
66748,2025-10-28
66753,2025-05-27
66756,2025-07-04
66758,2025-10-01
66763,2025-06-06
66765,2025-05-27
66772,2025-05-30
66773,2025-06-26
66774,2025-09-01
66776,2025-05-27
66779,2025-05-26
66782,2025-06-06
66784,2025-06-26
66785,2025-06-27
66787,2025-06-27
66788,2025-06-19
66790,2025-05-30
66794,2025-09-10
66795,2025-07-21
66797,2025-10-01
66798,2025-07-01
66800,2025-07-03
66801,2025-10-22
66803,2025-05-27
66807,2025-06-13
66809,2025-04-21
66810,2025-05-30
66816,2025-08-06
66819,2025-08-18
66821,2025-07-08
66825,2025-07-21
66826,2025-07-18
66828,2025-07-11
66830,2025-07-11
66833,2025-07-17
66834,2025-07-10
66835,2025-09-04
66837,2025-08-26
66839,2025-07-11
66840,2025-07-22
66841,2025-07-23
66843,2025-11-24
66844,2025-09-05
66846,2025-07-10
66848,2025-07-11
66849,2025-07-04
66850,2025-08-19
66854,2025-07-24
66856,2025-07-15
66857,2025-07-22
66861,2026-02-23
66865,2025-07-22
66871,2025-07-11
66873,2025-08-08
66878,2025-12-09
66879,2025-07-17
66880,2026-01-12
66882,2025-07-11
66883,2025-09-29
66887,2025-09-04
66888,2025-09-02
66894,2025-12-09
66895,2025-07-17
66897,2025-07-22
66900,2025-08-22
66902,2025-08-08
66903,2025-09-04
66906,2025-08-07
66909,2025-08-07
66915,2025-10-06
66917,2025-07-18
66921,2025-08-07
66924,2026-01-12
66930,2025-12-09
66932,2025-08-08
66933,2025-07-15
66940,2026-03-27
66942,2026-01-26
66945,2025-08-07
66946,2025-08-27
66952,2025-11-10
66956,2025-09-18
66957,2025-08-07
66958,2025-10-31
66959,2025-12-22
66961,2026-02-09
66962,2025-08-07
66963,2025-12-09
66969,2025-08-07
66970,2025-07-04
66975,2025-09-09
66977,2025-09-12
66978,2025-09-04
66979,2025-07-28
66982,2025-11-24
66984,2025-08-29
66986,2025-08-14
66987,2025-08-14
66990,2025-08-19
66991,2025-09-17
66992,2026-03-11
66996,2025-09-09
67001,2025-10-02
67002,2025-07-28
67005,2025-09-26
67007,2025-09-09
67012,2026-02-09
67019,2025-09-18
67023,2025-09-26
67026,2025-09-19
67031,2025-09-19
67032,2025-09-10
67033,2025-09-04
67036,2025-09-25
67050,2025-09-26
67054,2025-09-19
67059,2025-09-23
67061,2025-06-05
67062,2025-12-22
67066,2025-10-08
67067,2025-10-30
67068,2025-10-22
67070,2025-10-02
67071,2025-10-01
67072,2025-10-16
67074,2025-09-25
67078,2025-12-29
67083,2025-09-10
67086,2026-02-02
67087,2026-02-16
67089,2025-09-26
67091,2025-06-05
67096,2025-09-30
67097,2025-11-25
67100,2025-12-29
67101,2025-10-16
67104,2025-06-16
67105,2025-07-01
67106,2025-09-30
67108,2025-09-30
67110,2025-12-29
67112,2025-09-30
67115,2025-10-03
67119,2025-06-19
67122,2025-09-30
67123,2025-12-29
67125,2025-10-17
67127,2025-10-24
67128,2025-10-17
67133,2025-09-01
67134,2025-10-27
67136,2025-09-30
67140,2025-10-16
67143,2025-10-09
67144,2025-12-29
67145,2026-02-26
67148,2025-10-16
67150,2025-09-08
67153,2025-10-17
67154,2025-12-29
67155,2025-06-09
67156,2025-09-01
67157,2025-08-05
67159,2025-10-16
67162,2025-09-30
67168,2025-11-04
67169,2025-12-22
67170,2025-11-07
67171,2025-12-29
67172,2025-11-07
67173,2025-11-07
67175,2025-12-03
67177,2025-10-16
67178,2026-01-21
67180,2025-11-21
67181,2025-12-17
67182,2025-11-04
67183,2025-11-04
67184,2025-11-07
67186,2025-11-07
67189,2025-12-03
67192,2025-07-03
67195,2025-11-21
67199,2025-11-21
67201,2026-02-27
67205,2025-07-09
67208,2025-11-21
67209,2026-02-27
67211,2025-11-12
67212,2026-01-21
67213,2025-10-30
67221,2025-12-05
67222,2025-10-30
67223,2025-12-05
67224,2025-12-05
67225,2025-10-16
67227,2025-11-04
67229,2025-08-11
67230,2025-12-26
67231,2025-11-18
67232,2025-10-20
67233,2026-05-05
67234,2025-11-07
67240,2025-12-05
67241,2025-11-04
67242,2025-12-26
67243,2025-12-26
67244,2025-11-26
67245,2025-11-18
67246,2025-08-20
67247,2025-11-18
67250,2026-04-21
67255,2025-11-05
67256,2026-04-13
67257,2025-11-05
67261,2025-12-26
67263,2025-11-19
67264,2026-01-07
67274,2025-11-19
67276,2025-11-19
67277,2026-01-29
67279,2025-11-19
67282,2026-04-10
67283,2026-04-24
67285,2025-11-19
67287,2025-12-26
67288,2026-03-25
67290,2025-11-19
67293,2025-10-06
67294,2026-03-25
67298,2026-03-30
67299,2025-11-28
67300,2025-06-05
67306,2025-11-05
67307,2026-01-07
67312,2025-11-10
67314,2026-03-25
67315,2026-04-20
67316,2026-02-26
67317,2025-12-10
67318,2025-12-10
67322,2025-12-02
67324,2026-02-19
67325,2026-01-02
67326,2025-12-10
67327,2026-03-18
67330,2026-01-30
67333,2026-01-02
67338,2025-11-19
67339,2026-02-18
67340,2026-05-18
67341,2025-08-11
67342,2026-01-02
67343,2026-01-21
67344,2026-05-18
67346,2026-03-04
67347,2025-11-19
67348,2026-01-30
67349,2026-01-16
67350,2026-01-02
67351,2026-01-16
67356,2026-04-24
67357,2025-12-10
67363,2026-01-02
67364,2025-12-10
67365,2026-05-18
67366,2026-01-16
67367,2026-04-21
67369,2026-05-19
67371,2026-01-23
67372,2025-11-17
67374,2025-11-24
67382,2026-02-06
67384,2026-01-16
67385,2026-01-16
67386,2025-11-07
67388,2025-12-31
67392,2026-04-15
67395,2025-12-31
67396,2025-12-31
67410,2026-06-23
67414,2025-12-31
67417,2025-12-31
67418,2025-09-01
67419,2026-02-20
67420,2025-09-12
67421,2025-09-25
67422,2026-02-25
67423,2026-01-07
67425,2025-09-11
67429,2026-02-20
67433,2026-02-18
67435,2026-03-20
67436,2026-04-30
67437,2026-06-18
67440,2026-03-13
67441,2026-03-13
67444,2026-04-07
67447,2026-03-20
67448,2026-01-07
67452,2026-02-20
67454,2026-02-20
67458,2026-01-07
67459,2026-01-16
67461,2026-03-20
67462,2025-09-18
67465,2026-02-06
67466,2026-01-07
67467,2026-02-04
67469,2026-01-07
67470,2025-11-03
67471,2026-01-12
67472,2025-09-25
67473,2025-09-23
67474,2026-01-27
67475,2025-09-25
67478,2026-02-11
67479,2026-02-11
67481,2026-03-27
67486,2026-05-06
67487,2026-02-16
67489,2026-04-24
67491,2026-04-10
67494,2026-02-24
67495,2026-03-13
67496,2026-02-18
67497,2026-01-07
67500,2026-02-24
67501,2026-02-05
67502,2026-02-24
67504,2026-02-17
67506,2026-02-25
67508,2026-04-10
67509,2026-04-17
67510,2026-04-17
67511,2026-04-14
67513,2026-04-17
67515,2026-05-15
67517,2026-02-17
67519,2026-02-18
67520,2026-02-23
67521,2025-10-09
67522,2026-02-17
67523,2026-02-18
67524,2026-03-17
67525,2026-04-07
67530,2026-01-07
67533,2026-03-10
67534,2026-04-28
67535,2026-04-28
67537,2026-03-09
67538,2026-03-17
67540,2026-03-17
67541,2026-03-25
67542,2026-03-10
67545,2026-05-12
67546,2026-05-29
67549,2026-05-29
67552,2026-03-03
67555,2026-03-10
67556,2025-10-24
67557,2026-03-25
67558,2026-03-11
67559,2026-03-03
67560,2026-05-29
67563,2026-05-29
67565,2026-03-25
67566,2026-05-12
67567,2026-05-29
67568,2026-03-25
67569,2026-03-25
67578,2026-05-12
67581,2026-04-28
67582,2026-03-18
67583,2026-05-29
67584,2026-03-23
67585,2026-04-15
67590,2026-05-05
67591,2026-04-15
67593,2026-04-21
67595,2026-03-17
67598,2026-05-05
67599,2026-04-07
67600,2026-04-14
67601,2026-04-01
67602,2026-05-29
67603,2026-03-02
67607,2026-05-08
67608,2026-05-29
67612,2026-04-21
67613,2026-04-06
67614,2025-11-18
67615,2026-05-05
67618,2026-05-08
67619,2026-05-19
67620,2026-04-28
67621,2026-04-22
67622,2026-04-29
67625,2026-04-13
67626,2026-05-12
67627,2025-12-05
67628,2025-11-27
67629,2025-11-18
67631,2026-05-12
67632,2026-05-18
67634,2026-04-13
67635,2025-11-27
67637,2026-04-27
67639,2025-12-04
67647,2026-05-12
67648,2026-04-28
67649,2025-12-09
67653,2026-05-06
67654,2026-04-29
67655,2026-04-20
67656,2026-04-13
67658,2026-05-12
67664,2026-05-06
67666,2025-12-04
67669,2026-05-29
67671,2026-04-06
67672,2026-05-18
67674,2026-05-06
67675,2025-10-08
67676,2026-03-30
67678,2025-12-09
67681,2026-05-20
67683,2026-05-12
67687,2026-05-12
67688,2025-12-23
67689,2026-05-18
67691,2026-05-05
67698,2026-02-02
67700,2026-04-29
67706,2026-01-14
67708,2026-04-13
67714,2026-04-07
67716,2026-05-19
67721,2026-05-18
67729,2026-05-25
67730,2026-03-26
67732,2026-03-17
67733,2026-04-28
67736,2026-02-24
67737,2026-02-16
67739,2026-02-24
67740,2026-04-07
67741,2026-05-04
67742,2026-03-10
67743,2026-04-27
67745,2026-04-21
67747,2026-04-13
67748,2026-04-08
67749,2026-03-20
67751,2026-04-13
67752,2026-04-20
67753,2026-04-15
67754,2026-01-20
67759,2026-04-27
67760,2026-05-13
67763,2025-12-18
67765,2026-05-07
67769,2026-05-18
67773,2026-04-14
67775,2026-03-02
67779,2026-02-24
67784,2025-10-20
67785,2025-06-05
67786,2025-10-06
67789,2025-05-27
67791,2025-11-24
67793,2025-11-17
67799,2025-10-31
67800,2025-05-14
67800,2025-04-21
67803,2025-10-20
67804,2025-05-27
67808,2026-03-23
67809,2025-08-29
67810,2025-09-26
67813,2025-10-03
67817,2025-09-16
67819,2026-04-28
67821,2026-03-23
67823,2025-08-29
67825,2025-07-04
67829,2025-11-21
67830,2025-12-15
67831,2025-10-01
67834,2026-02-16
67836,2025-06-30
67838,2025-08-04
67840,2025-06-11
67842,2025-05-26
67844,2026-04-29
67848,2025-10-17
67850,2026-03-20
67852,2025-12-26
67855,2025-04-21
67857,2025-09-29
67859,2025-08-01
67862,2025-12-23
67866,2025-11-21
67867,2025-08-11
67868,2025-12-22
67869,2025-07-16
67873,2026-03-13
67874,2025-09-12
67877,2026-01-07
67879,2026-02-13
67883,2025-10-03
67887,2025-11-10
67888,2025-09-11
67890,2026-03-12
67893,2025-12-03
67894,2025-05-19
67901,2025-10-20
67902,2026-01-30
67909,2025-09-04
67911,2025-10-08
67913,2026-03-04
67915,2026-03-25
67918,2025-07-11
67919,2026-02-06
67922,2025-05-30
67924,2025-10-16
67926,2025-08-04
67928,2025-07-14
67932,2026-04-08
67933,2025-07-18
67935,2026-02-11
67940,2026-02-02
67942,2025-11-21
67948,2026-03-03
67950,2025-12-10
67951,2025-07-07
67954,2025-10-09
67956,2025-10-06
67957,2026-01-29
67964,2025-09-29
67965,2026-01-21
67967,2025-04-25
67968,2025-08-04
67970,2026-01-30
67972,2026-05-06
67976,2025-07-18
67978,2026-02-04
67981,2025-12-03
67984,2025-10-01
67985,2025-12-02
67986,2025-09-29
67989,2025-07-18
67990,2025-10-20
67991,2025-08-14
67994,2026-04-24
67996,2026-01-16
67998,2025-12-29
67999,2025-10-16
68000,2026-04-17
68001,2026-04-29
68002,2025-10-30
68003,2025-07-21
68007,2026-04-07
68011,2025-12-22
68013,2025-11-19
68014,2025-09-29
68016,2025-10-23
68018,2026-04-07
68019,2026-04-10
68024,2026-04-15
68026,2026-01-16
68027,2026-04-15
68028,2025-08-11
68031,2026-02-06
68033,2026-04-01
68034,2025-06-09
68035,2025-11-20
68037,2025-10-09
68038,2026-05-18
68039,2025-12-29
68040,2025-06-05
68043,2026-01-02
68045,2025-07-18
68046,2026-04-10
68047,2026-02-04
68048,2025-12-29
68050,2025-10-03
68051,2025-10-17
68052,2026-04-09
68053,2025-10-17
68054,2025-08-22
68057,2025-07-11
68059,2025-07-09
68060,2026-01-16
68062,2025-09-26
68067,2025-07-07
68070,2026-03-09
68073,2026-05-18
68074,2025-10-20
68075,2025-09-01
68079,2026-04-14
68080,2025-06-16
68081,2025-05-26
68087,2025-07-08
68089,2025-06-23
68090,2025-12-03
68092,2025-12-23
68093,2025-07-31
68094,2025-12-09
68102,2026-04-29
68107,2026-05-06
68108,2025-09-29
68109,2026-01-02
68115,2026-04-13
68117,2026-02-16
68119,2026-05-07
68120,2026-01-30
68122,2026-05-13
68124,2026-02-26
68125,2025-06-04
68125,2025-07-02
68126,2025-09-26
68127,2025-07-11
68129,2025-07-07
68131,2026-04-07
68133,2026-05-29
68134,2025-06-19
68135,2026-01-12
68137,2026-04-20
68138,2025-09-25
68142,2025-08-11
68144,2026-04-21
68149,2025-06-03
68150,2026-01-16
68152,2026-01-30
68154,2025-12-15
68155,2025-09-10
68162,2026-02-23
68163,2025-07-18
68167,2026-04-29
68177,2026-05-13
68178,2026-03-27
68179,2025-12-15
68189,2025-05-28
68189,2025-06-25
68190,2026-02-23
68191,2026-04-10
68192,2026-03-27
68193,2025-06-11
68197,2025-05-29
68200,2026-04-08
68204,2026-05-18
68209,2026-04-09
68211,2025-08-11
68215,2026-03-25
68216,2025-08-18
68223,2026-04-16
68224,2025-12-03
68225,2025-09-08
68226,2025-11-24
68228,2026-01-29
68232,2026-03-16
68235,2025-12-31
68236,2025-06-16
68239,2026-04-16
68244,2025-11-17
68247,2025-06-09
68248,2026-03-16
68249,2025-09-23
68253,2025-12-10
68256,2026-01-02
68259,2026-04-06
68262,2025-10-09
68266,2026-02-16
68267,2025-10-13
68271,2025-12-26
68274,2025-07-29
68279,2025-07-09
68280,2026-01-30
68290,2026-03-27
68291,2025-12-02
68293,2025-08-20
68294,2025-12-22
68295,2026-02-05
68297,2026-01-21
68299,2025-12-29
68302,2026-04-09
68305,2026-05-19
68306,2025-10-30
68308,2025-12-10
68309,2025-10-28
68310,2026-03-20
68311,2026-04-15
68316,2025-10-20
68318,2026-04-21
68319,2025-11-21
68321,2026-04-28
68323,2025-07-11
68329,2026-05-29
68330,2025-11-17
68331,2026-03-30
68332,2026-03-09
68333,2026-04-09
68335,2025-11-28
68338,2026-05-18
68339,2026-04-28
68354,2026-04-28
68359,2025-09-22
68360,2026-02-13
68361,2025-12-29
68362,2025-10-31
68365,2025-09-19
68367,2025-11-27
68373,2026-02-18
68375,2026-03-10
68378,2025-10-20
68379,2026-05-06
68380,2026-05-14
68381,2025-10-02
68384,2025-10-03
68386,2025-07-04
68389,2026-04-09
68390,2026-01-23
68392,2026-05-12
68397,2026-05-15
68399,2025-11-27
68402,2026-02-18
68403,2026-05-12
68404,2026-05-07
68408,2026-04-27
68411,2026-01-16
68412,2026-03-04
68413,2026-04-15
68414,2025-11-19
68415,2025-09-29
68419,2025-07-18
68422,2026-03-13
68425,2025-11-27
68426,2025-09-25
68432,2025-10-14
68435,2025-10-30
68442,2026-04-27
68444,2026-05-04
68445,2026-05-04
68449,2025-09-11
68454,2025-09-30
68457,2025-10-16
68462,2025-10-06
68464,2025-11-12
68466,2026-03-23
68468,2026-03-04
68469,2025-10-17
68474,2026-02-24
68476,2026-04-21
68478,2025-11-28
68479,2026-04-13
68480,2026-05-29
68481,2025-06-20
68482,2026-06-03
68483,2025-08-07
68484,2026-03-13
68486,2025-12-15
68487,2025-05-28
68489,2025-09-01
68490,2025-12-16
68491,2025-07-21
68494,2026-05-15
68497,2025-10-02
68501,2025-08-07
68503,2026-06-02
68504,2026-03-25
68505,2025-11-28
68506,2025-09-19
68508,2025-09-18
68509,2026-05-15
68515,2025-09-04
68518,2025-09-30
68520,2025-05-26
68522,2026-05-08
68526,2026-04-17
68527,2026-03-06
68529,2026-05-29
68531,2026-03-27
68532,2025-12-09
68535,2026-02-19
68536,2025-09-26
68538,2025-07-01
68539,2026-01-12
68540,2025-07-11
68543,2026-02-02
68544,2026-05-07
68545,2026-05-27
68546,2026-05-08
68549,2025-09-19
68551,2026-04-20
68552,2025-10-14
68553,2026-02-27
68560,2025-07-01
68562,2025-04-28
68563,2026-02-17
68569,2025-09-10
68570,2026-05-15
68571,2025-12-26
68572,2026-02-18
68574,2025-12-26
68575,2025-06-30
68576,2025-06-06
68582,2026-01-07
68585,2026-02-05
68587,2026-04-07
68588,2025-11-19
68590,2026-04-01
68591,2026-06-04
68592,2025-05-27
68593,2025-10-03
68596,2026-04-16
68599,2026-05-26
68600,2025-08-06
68601,2025-10-09
68602,2026-05-04
68605,2025-09-26
68612,2026-04-14
68613,2025-11-03
68615,2025-07-08
68618,2026-02-25
68620,2025-10-20
68621,2025-05-27
68623,2025-10-20
68625,2026-03-17
68630,2025-06-06
68632,2025-07-07
68635,2025-06-06
68637,2025-05-26
68639,2025-07-23
68641,2025-06-03
68646,2025-08-01
68647,2025-07-04
68648,2025-10-20
68652,2025-07-31
68658,2025-09-22
68659,2025-07-11
68660,2025-09-22
68663,2025-05-27
68667,2025-06-03
68669,2025-06-23
68673,2025-08-21
68676,2025-06-06
68679,2025-07-11
68680,2025-05-19
68686,2025-05-27
68688,2025-07-22
68690,2025-08-29
68693,2025-06-06
68694,2025-05-27
68695,2025-06-24
68696,2025-05-27
68697,2025-06-02
68698,2025-09-12
68699,2025-05-26
68701,2025-08-18
68702,2025-07-24
68705,2025-12-10
68707,2025-05-21
68708,2025-06-24
68709,2025-08-07
68711,2025-06-13
68713,2025-06-03
68714,2025-06-04
68715,2025-07-01
68716,2025-07-14
68717,2025-09-18
68719,2025-09-08
68720,2025-06-06
68721,2025-07-16
68721,2025-07-17
68722,2025-09-30
68724,2025-05-26
68729,2025-09-04
68731,2025-06-25
68734,2025-05-30
68735,2025-09-30
68736,2025-07-04
68738,2025-05-19
68743,2025-06-03
68747,2025-08-19
68748,2025-05-21
68749,2025-05-26
68752,2025-09-16
68757,2025-09-16
68760,2025-06-06
68761,2025-05-30
68763,2025-06-16
68764,2025-06-13
68773,2025-07-04
68778,2025-10-17
68779,2025-04-21
68780,2025-06-26
68784,2025-09-01
68786,2025-12-29
68788,2025-06-24
68789,2025-07-14
68790,2025-06-30
68791,2025-07-04
68792,2026-02-09
68795,2025-06-03
68796,2025-06-30
68797,2025-09-04
68798,2025-07-03
68799,2025-05-26
68802,2025-09-01
68808,2025-12-29
68810,2025-12-22
68813,2025-05-27
68816,2025-07-11
68820,2025-07-18
68821,2025-09-12
68829,2025-06-12
68838,2025-06-27
68840,2025-08-01
68843,2025-08-19
68847,2025-06-16
68848,2025-05-26
68850,2025-06-06
68853,2025-05-30
68857,2025-06-06
68861,2025-12-22
68863,2025-05-27
68864,2025-06-23
68865,2025-07-01
68866,2025-06-23
68870,2025-06-19
68872,2025-12-22
68877,2025-06-26
68877,2025-07-31
68879,2025-09-19
68882,2025-08-29
68883,2025-09-30
68891,2025-10-06
68892,2025-08-07
68893,2025-10-27
68894,2025-06-06
68896,2025-05-26
68897,2025-06-03
68899,2025-10-10
68901,2025-09-16
68904,2025-06-05
68905,2026-06-30
68906,2025-05-30
68907,2025-10-06
68908,2025-09-08
68910,2025-09-04
68912,2025-09-02
68915,2025-07-04
68915,2025-06-13
68918,2025-05-21
68919,2025-12-09
68920,2025-06-30
68923,2025-06-13
68924,2025-05-30
68925,2025-10-20
68928,2025-12-17
68929,2025-06-02
68930,2025-08-05
68931,2025-11-03
68933,2025-07-01
68934,2025-06-06
68936,2025-09-29
68937,2026-03-30
68938,2025-12-29
68941,2025-12-26
68943,2025-09-16
68944,2025-12-22
68946,2025-05-21
68951,2025-08-07
68952,2025-07-11
68955,2025-06-26
68956,2025-11-28
68958,2025-07-03
68965,2025-10-16
68968,2026-02-06
68969,2025-10-17
68974,2025-05-19
68976,2025-04-25
68977,2025-10-03
68989,2025-12-26
68990,2025-08-04
68990,2025-08-25
68991,2025-12-26
68994,2025-05-26
68995,2025-09-26
68996,2025-05-27
68997,2025-09-26
68998,2026-02-27
68999,2025-12-09
69001,2025-05-27
69005,2025-05-29
69007,2025-07-07
69008,2026-03-30
69011,2025-08-01
69012,2025-07-21
69014,2026-03-04
69016,2025-06-04
69019,2025-05-19
69021,2025-08-19
69023,2025-05-28
69024,2025-07-01
69025,2025-10-03
69027,2025-05-26
69028,2025-08-01
69030,2025-07-11
69031,2025-12-22
69033,2025-07-29
69034,2025-07-03
69038,2025-09-01
69039,2025-08-22
69040,2025-08-01
69043,2025-10-03
69047,2025-09-12
69048,2025-07-14
69050,2025-10-01
69054,2025-09-01
69055,2025-08-06
69056,2025-09-19
69058,2025-08-29
69059,2025-09-09
69060,2025-04-21
69063,2025-07-30
69064,2025-05-29
69067,2025-06-30
69070,2025-07-28
69071,2026-04-21
69073,2025-10-20
69074,2025-07-07
69077,2025-07-18
69079,2025-06-13
69083,2025-07-07
69084,2025-12-22
69085,2025-07-14
69087,2025-07-28
69088,2025-05-29
69089,2025-11-10
69091,2026-02-18
69092,2025-07-04
69095,2025-07-18
69098,2025-06-24
69103,2025-06-23
69104,2025-07-18
69105,2025-07-03
69106,2025-06-03
69107,2025-05-19
69112,2026-03-27
69114,2025-08-06
69115,2025-09-01
69118,2025-12-26
69121,2025-12-05
69122,2025-12-26
69125,2026-02-27
69128,2026-03-27
69130,2026-04-10
69132,2025-12-29
69134,2025-09-01
69135,2025-10-17
69136,2025-06-03
69138,2025-06-06
69140,2025-07-21
69142,2025-07-11
69143,2025-07-14
69148,2026-03-27
69151,2025-10-20
69153,2025-05-30
69156,2025-05-29
69157,2025-07-28
69159,2025-06-27
69162,2025-10-27
69167,2026-02-06
69169,2026-03-09
69170,2025-10-24
69174,2025-07-03
69176,2025-12-17
69179,2025-12-22
69181,2025-07-24
69184,2025-08-22
69186,2026-02-20
69188,2025-08-29
69191,2025-06-09
69192,2026-04-28
69194,2025-06-19
69196,2025-10-08
69197,2025-06-13
69203,2025-09-16
69204,2025-06-05
69206,2025-09-26
69208,2025-04-28
69209,2025-12-18
69214,2025-05-30
69215,2026-05-18
69217,2026-01-16
69218,2026-03-30
69222,2025-06-02
69223,2025-09-29
69225,2025-07-24
69227,2025-10-03
69228,2025-09-19
69230,2025-07-10
69231,2025-07-28
69232,2025-12-05
69233,2025-06-30
69237,2025-07-15
69238,2026-03-09
69239,2025-10-22
69241,2026-03-16
69243,2025-10-17
69244,2025-09-26
69249,2026-02-20
69250,2025-12-22
69251,2025-07-09
69253,2025-05-30
69256,2026-05-11
69257,2025-08-29
69264,2025-10-22
69265,2025-07-11
69270,2025-11-25
69271,2026-06-30
69272,2025-08-25
69273,2025-06-06
69276,2025-07-03
69278,2026-04-21
69279,2025-10-06
69280,2025-11-12
69281,2026-01-02
69282,2025-11-12
69284,2025-07-17
69287,2026-03-25
69289,2025-07-21
69290,2025-11-20
69292,2025-11-28
69296,2026-03-20
69298,2025-08-07
69301,2025-06-05
69304,2025-10-16
69305,2026-02-20
69308,2026-02-13
69312,2026-01-23
69316,2025-09-19
69317,2025-12-26
69321,2025-09-26
69326,2025-12-26
69327,2025-10-08
69329,2026-05-25
69330,2025-12-05
69333,2025-08-04
69337,2025-07-01
69341,2025-12-05
69343,2025-07-14
69344,2026-01-16
69349,2025-08-29
69351,2026-05-18
69352,2025-07-28
69353,2025-12-26
69358,2026-01-07
69359,2026-04-21
69360,2025-10-20
69361,2025-07-18
69362,2026-05-27
69363,2026-03-30
69364,2025-06-27
69367,2025-12-03
69369,2025-09-19
69370,2026-02-06
69371,2025-09-16
69373,2026-05-19
69375,2025-12-29
69376,2025-10-06
69377,2025-08-07
69381,2025-09-26
69383,2025-10-31
69384,2026-03-12
69385,2025-11-07
69389,2025-07-21
69393,2025-09-04
69394,2026-06-09
69395,2025-06-06
69398,2025-12-22
69399,2026-03-04
69402,2025-07-07
69403,2025-09-29
69404,2025-07-18
69405,2025-08-07
69406,2025-08-04
69408,2025-07-18
69409,2026-04-24
69410,2025-09-03
69412,2026-02-24
69414,2026-01-12
69415,2025-08-18
69416,2025-08-26
69417,2025-12-10
69418,2026-06-10
69419,2025-12-02
69424,2025-10-20
69425,2025-10-23
69428,2025-08-04
69430,2026-02-13
69431,2026-03-27
69435,2025-10-27
69436,2025-10-16
69437,2025-11-12
69438,2025-09-01
69441,2026-02-20
69442,2025-06-27
69446,2025-07-21
69449,2025-08-07
69450,2025-07-28
69452,2025-09-25
69455,2025-12-26
69456,2026-03-13
69458,2025-08-04
69465,2025-08-18
69468,2025-09-17
69470,2025-09-09
69471,2026-02-04
69473,2025-10-28
69476,2025-07-21
69480,2026-02-25
69482,2025-06-13
69483,2025-08-29
69485,2025-11-26
69486,2026-02-06
69490,2026-01-16
69491,2025-11-28
69493,2025-11-11
69499,2026-02-27
69500,2025-08-29
69502,2025-09-29
69504,2026-03-30
69505,2025-07-31
69506,2025-11-17
69510,2026-03-02
69516,2026-01-30
69517,2026-02-20
69519,2025-08-12
69521,2026-03-18
69526,2025-07-15
69527,2026-04-08
69528,2025-08-18
69534,2025-08-07
69535,2026-01-05
69536,2025-08-18
69538,2025-10-30
69539,2025-07-18
69541,2026-01-07
69543,2026-02-19
69548,2025-10-03
69549,2025-09-04
69550,2026-04-16
69552,2026-04-07
69553,2025-09-26
69555,2025-11-12
69556,2025-08-07
69557,2025-12-17
69559,2026-03-25
69560,2026-05-12
69561,2026-01-02
69565,2025-12-26
69567,2025-06-02
69568,2026-01-02
69572,2026-04-29
69573,2025-06-04
69574,2025-10-17
69576,2026-01-16
69577,2025-08-29
69578,2025-09-05
69579,2025-12-05
69583,2025-08-29
69584,2025-07-08
69585,2025-09-09
69587,2025-10-08
69588,2025-07-18
69589,2026-06-16
69590,2026-01-02
69591,2026-04-29
69593,2025-12-03
69597,2025-08-21
69599,2025-06-26
69603,2025-08-12
69605,2025-12-15
69607,2025-10-22
69608,2025-06-03
69609,2025-12-26
69610,2025-09-26
69612,2026-04-23
69615,2025-09-26
69616,2025-09-04
69619,2025-09-29
69627,2025-08-21
69628,2025-08-19
69629,2025-06-09
69630,2025-07-08
69632,2026-04-17
69633,2025-12-24
69635,2025-07-07
69636,2025-09-26
69637,2026-02-16
69639,2025-06-24
69640,2025-12-24
69641,2025-08-06
69642,2025-12-26
69644,2026-02-16
69646,2025-10-17
69647,2025-06-05
69651,2025-09-30
69652,2025-11-24
69653,2025-12-02
69655,2026-03-25
69656,2025-10-03
69657,2025-11-10
69659,2026-05-08
69664,2026-02-20
69665,2026-04-13
69668,2025-07-22
69669,2026-03-30
69671,2025-09-25
69673,2025-12-05
69674,2025-09-25
69675,2026-02-27
69676,2025-07-15
69677,2026-01-16
69680,2026-03-09
69681,2025-08-29
69682,2025-12-26
69684,2025-06-02
69686,2025-10-14
69688,2025-10-20
69689,2025-11-03
69690,2025-11-03
69691,2025-10-17
69694,2025-07-21
69696,2025-12-31
69699,2026-02-25
69703,2026-04-24
69706,2026-01-26
69707,2026-03-09
69708,2025-06-25
69709,2025-06-05
69710,2025-09-04
69711,2025-10-03
69712,2025-06-10
69714,2026-06-08
69716,2026-03-20
69717,2025-07-11
69718,2025-09-02
69719,2026-04-17
69720,2026-01-16
69722,2025-08-18
69725,2026-02-27
69728,2025-07-11
69731,2025-12-26
69733,2026-06-24
69735,2025-12-09
69736,2026-02-06
69740,2025-06-05
69741,2025-06-24
69746,2025-08-25
69749,2025-10-03
69751,2025-11-07
69753,2025-07-01
69757,2025-08-25
69761,2025-08-18
69765,2025-11-21
69767,2025-11-17
69769,2025-07-07
69771,2025-07-08
69772,2025-08-05
69774,2025-07-15
69775,2025-08-26
69776,2025-09-18
69779,2025-09-09
69780,2025-10-17
69781,2025-10-27
69785,2025-07-03
69786,2026-02-20
69787,2026-02-03
69788,2026-04-27
69790,2025-06-17
69791,2025-07-11
69793,2025-12-05
69795,2026-01-26
69796,2025-08-04
69797,2025-11-21
69798,2026-03-23
69801,2025-06-05
69804,2025-12-26
69807,2025-10-08
69811,2025-09-12
69814,2025-09-26
69815,2025-10-24
69816,2025-06-26
69817,2025-09-12
69819,2026-01-12
69820,2025-10-10
69821,2026-01-26
69822,2025-08-12
69826,2025-06-03
69838,2025-06-17
69841,2025-09-30
69843,2025-10-06
69845,2025-08-01
69846,2025-05-30
69850,2025-08-11
69852,2025-08-19
69853,2026-01-07
69854,2025-09-25
69861,2026-01-05
69862,2025-09-05
69863,2026-02-02
69864,2026-05-07
69865,2025-11-12
69866,2025-06-03
69868,2025-06-09
69870,2025-09-18
69871,2025-08-21
69874,2025-07-15
69876,2025-11-17
69879,2025-10-31
69880,2025-09-30
69886,2026-01-16
69888,2025-07-21
69893,2026-01-02
69894,2026-04-21
69897,2025-08-22
69898,2025-10-28
69899,2025-07-03
69900,2026-04-24
69902,2025-09-16
69903,2026-03-27
69904,2025-10-31
69908,2026-06-11
69912,2025-07-24
69914,2026-04-28
69916,2025-09-30
69917,2025-10-16
69918,2025-08-21
69921,2025-07-28
69923,2025-05-19
69924,2026-02-18
69926,2026-04-10
69933,2025-12-05
69935,2026-03-06
69936,2026-04-29
69938,2026-04-30
69940,2025-07-09
69947,2026-03-06
69949,2026-03-09
69953,2025-11-10
69955,2025-10-06
69957,2025-12-08
69960,2025-10-16
69963,2026-03-09
69965,2025-11-21
69966,2025-10-16
69967,2026-03-23
69970,2025-06-11
69972,2026-02-04
69974,2025-08-04
69975,2026-01-21
69976,2025-09-09
69978,2025-11-21
69979,2026-02-20
69980,2026-04-17
69982,2026-04-17
69986,2026-02-16
69995,2025-11-17
69998,2025-08-11
69999,2025-10-17
70002,2025-07-18
70004,2025-10-10
70006,2025-09-26
70007,2025-11-17
70009,2025-11-18
70014,2026-01-29
70015,2025-07-08
70018,2025-09-01
70019,2025-10-10
70024,2025-11-21
70027,2025-11-25
70028,2026-02-05
70031,2026-01-05
70033,2025-09-29
70034,2026-03-02
70038,2025-06-11
70040,2025-12-15
70041,2025-07-31
70045,2025-09-30
70048,2025-10-17
70049,2025-09-16
70053,2025-09-01
70056,2026-02-06
70057,2025-08-18
70058,2025-10-03
70059,2025-11-19
70061,2025-10-31
70062,2025-12-10
70064,2025-07-01
70065,2025-06-06
70067,2026-04-14
70068,2025-07-22
70070,2025-10-30
70071,2025-11-10
70073,2025-06-11
70075,2025-11-21
70076,2026-03-31
70077,2025-12-04
70078,2026-01-02
70079,2025-10-10
70080,2025-08-22
70084,2025-09-16
70086,2026-04-16
70087,2026-04-17
70090,2026-05-06
70091,2026-05-18
70092,2025-08-19
70093,2025-09-01
70094,2026-05-21
70095,2025-06-17
70096,2026-03-10
70098,2025-10-16
70101,2025-11-21
70103,2025-11-21
70104,2025-11-19
70105,2025-10-17
70107,2025-07-04
70117,2026-01-07
70118,2025-07-23
70119,2025-10-31
70120,2026-02-18
70126,2026-03-17
70127,2025-09-23
70128,2026-05-18
70131,2026-05-29
70132,2025-10-31
70133,2025-12-05
70134,2026-01-30
70135,2025-09-12
70136,2025-09-26
70143,2025-09-08
70145,2025-10-31
70147,2025-12-22
70148,2025-09-01
70149,2026-03-23
70156,2026-03-26
70157,2026-04-20
70158,2025-10-09
70159,2025-11-25
70160,2026-04-21
70164,2026-04-10
70165,2026-02-18
70169,2026-05-04
70171,2025-12-04
70177,2026-01-20
70179,2026-04-17
70180,2025-12-15
70186,2025-06-02
70188,2025-10-28
70190,2026-05-25
70199,2025-11-19
70203,2026-02-20
70205,2025-12-29
70207,2026-05-25
70210,2025-07-07
70214,2026-01-20
70215,2026-05-18
70217,2026-02-23
70219,2025-12-12
70223,2025-10-31
70226,2025-12-19
70227,2026-02-20
70229,2025-12-18
70230,2025-10-31
70232,2026-03-23
70233,2025-09-23
70234,2025-06-17
70237,2025-06-09
70238,2026-03-10
70240,2025-08-01
70243,2025-08-11
70244,2025-09-01
70245,2025-08-11
70247,2025-10-17
70248,2025-06-24
70251,2026-03-30
70252,2025-11-21
70254,2025-11-21
70255,2026-05-05
70256,2025-11-21
70257,2026-03-04
70261,2025-06-11
70264,2025-09-01
70265,2025-11-26
70268,2025-11-14
70269,2025-09-29
70271,2025-10-10
70272,2025-11-25
70274,2025-12-05
70275,2026-02-27
70276,2025-08-20
70279,2025-12-23
70280,2025-12-10
70283,2026-01-23
70286,2025-12-23
70288,2025-10-14
70289,2025-10-16
70291,2025-10-14
70293,2025-09-01
70299,2025-09-08
70302,2025-11-17
70307,2025-10-22
70310,2025-11-07
70312,2026-03-10
70318,2025-12-05
70319,2025-12-19
70324,2025-07-09
70325,2026-01-21
70335,2026-04-20
70337,2025-08-19
70340,2025-07-24
70341,2025-06-25
70342,2025-09-30
70343,2026-04-21
70344,2026-03-13
70346,2025-12-05
70347,2025-12-22
70349,2026-01-07
70350,2025-06-09
70352,2026-01-07
70354,2025-11-07
70355,2026-03-02
70356,2026-04-24
70358,2026-01-23
70360,2025-07-10
70363,2025-06-18
70364,2025-08-11
70370,2025-09-01
70376,2025-12-29
70379,2026-04-21
70383,2026-01-12
70384,2025-11-25
70385,2025-06-09
70386,2026-03-06
70387,2026-03-13
70388,2026-02-06
70389,2026-03-11
70393,2026-01-12
70396,2026-04-08
70400,2026-03-03
70402,2026-01-23
70405,2026-04-28
70407,2025-12-05
70413,2025-09-04
70414,2025-08-11
70415,2025-12-19
70416,2026-01-23
70417,2025-12-23
70418,2025-11-25
70419,2025-09-12
70421,2025-11-13
70423,2025-09-18
70424,2025-11-19
70425,2025-09-16
70426,2025-10-20
70427,2025-09-16
70431,2026-01-21
70433,2026-04-17
70434,2026-04-13
70435,2025-12-19
70439,2025-10-27
70440,2026-04-17
70441,2025-09-01
70445,2025-08-07
70446,2025-08-06
70447,2025-09-01
70451,2025-07-22
70454,2025-08-22
70455,2025-07-29
70456,2025-11-05
70462,2025-10-20
70463,2026-01-23
70464,2026-03-04
70466,2026-05-27
70468,2025-10-10
70470,2026-01-23
70472,2025-06-03
70473,2026-01-23
70476,2026-04-28
70477,2025-06-17
70479,2025-11-24
70481,2026-03-04
70483,2026-04-21
70484,2025-09-01
70487,2026-04-24
70489,2026-02-20
70491,2025-08-12
70495,2025-11-21
70499,2026-05-08
70500,2026-04-24
70503,2025-08-11
70506,2025-12-29
70507,2026-01-20
70509,2025-11-07
70515,2025-11-03
70516,2025-11-03
70518,2026-03-17
70521,2025-10-20
70522,2026-05-11
70523,2025-08-20
70524,2026-05-29
70529,2025-10-09
70532,2026-03-17
70535,2026-02-16
70536,2026-01-23
70537,2026-02-10
70538,2025-12-29
70539,2025-06-11
70540,2025-12-04
70542,2025-07-09
70546,2025-11-07
70549,2025-11-24
70551,2025-11-07
70553,2025-11-21
70554,2025-11-19
70555,2026-05-29
70556,2025-11-21
70558,2025-09-29
70559,2025-11-17
70561,2026-01-21
70562,2026-05-05
70564,2025-10-17
70566,2025-12-19
70567,2025-10-10
70572,2025-11-19
70573,2026-03-06
70581,2025-11-21
70582,2026-04-01
70583,2025-09-26
70584,2025-09-29
70587,2025-09-23
70590,2026-01-23
70594,2026-04-07
70596,2026-04-17
70597,2026-03-16
70598,2026-06-15
70599,2025-08-06
70602,2026-03-27
70608,2026-01-30
70609,2025-10-27
70610,2025-07-03
70612,2026-04-07
70616,2026-01-29
70620,2025-09-09
70621,2025-11-21
70622,2026-04-08
70623,2025-11-21
70624,2025-10-17
70625,2025-08-11
70631,2025-12-16
70632,2026-04-24
70634,2025-12-22
70635,2025-09-02
70636,2025-10-21
70638,2025-08-06
70639,2025-11-10
70641,2025-10-06
70642,2025-10-20
70646,2026-03-10
70647,2026-01-28
70651,2025-12-05
70653,2025-11-17
70654,2026-05-18
70655,2025-11-21
70657,2026-03-20
70658,2026-04-14
70659,2026-01-23
70660,2025-12-10
70661,2025-08-06
70662,2026-05-04
70665,2026-02-11
70668,2025-08-06
70669,2025-09-01
70670,2026-04-07
70671,2025-08-07
70673,2025-08-11
70679,2026-04-14
70682,2025-12-02
70683,2026-02-27
70685,2026-04-06
70686,2025-10-30
70693,2025-10-21
70696,2025-12-24
70699,2026-03-17
70702,2026-05-12
70705,2025-09-09
70708,2026-03-20
70710,2026-03-10
70711,2025-09-16
70712,2026-03-13
70713,2025-10-09
70715,2026-06-16
70717,2026-01-27
70719,2025-12-05
70720,2026-05-12
70721,2026-04-27
70723,2025-08-11
70725,2025-12-19
70727,2026-05-18
70730,2025-11-19
70733,2026-01-02
70736,2025-11-17
70738,2025-11-21
70742,2026-03-13
70743,2026-04-07
70744,2026-04-07
70746,2026-04-30
70748,2025-12-10
70751,2026-05-06
70753,2026-03-10
70756,2025-08-20
70762,2025-07-14
70764,2025-12-19
70768,2025-08-11
70771,2026-05-19
70773,2025-10-21
70774,2026-02-27
70775,2026-02-17
70776,2025-11-18
70777,2025-10-28
70782,2026-03-13
70783,2026-04-07
70785,2025-09-23
70788,2026-01-21
70791,2025-08-20
70793,2026-02-20
70794,2025-12-19
70796,2025-11-21
70797,2026-01-23
70798,2026-05-18
70799,2026-01-23
70800,2025-09-23
70805,2025-12-19
70806,2025-11-21
70807,2025-10-17
70809,2026-04-28
70812,2025-08-07
70819,2026-03-11
70824,2025-04-23
70832,2025-12-23
70833,2025-11-17
70837,2026-02-27
70839,2026-05-15
70841,2025-08-07
70846,2025-05-30
70848,2025-11-25
70850,2025-09-01
70856,2025-10-27
70857,2026-04-07
70860,2025-10-01
70861,2025-08-21
70863,2026-05-29
70865,2026-04-29
70866,2025-09-09
70868,2025-08-04
70869,2026-01-02
70872,2026-04-17
70873,2026-04-06
70874,2026-01-30
70875,2026-01-12
70876,2026-04-17
70879,2025-11-19
70883,2026-04-28
70884,2026-04-14
70888,2026-04-17
70891,2026-03-23
70892,2025-09-23
70893,2025-08-01
70898,2025-11-05
70900,2025-11-19
70903,2026-04-10
70907,2025-09-23
70909,2025-11-24
70912,2026-04-17
70915,2025-09-26
70916,2026-05-29
70918,2026-02-23
70919,2026-04-22
70921,2026-03-02
70922,2026-05-08
70927,2025-07-22
70929,2025-12-23
70931,2025-10-10
70933,2026-05-13
70934,2026-05-29
70936,2026-04-20
70938,2026-04-07
70943,2026-02-13
70949,2026-02-03
70952,2026-03-27
70953,2026-03-27
70959,2025-12-29
70963,2026-03-13
70964,2025-06-09
70965,2026-01-12
70966,2025-11-05
70967,2026-04-29
70968,2025-09-23
70971,2026-05-06
70972,2026-04-14
70973,2025-11-17
70974,2026-03-27
70975,2026-05-15
70976,2025-12-05
70977,2026-02-11
70979,2025-10-21
70980,2026-02-27
70981,2025-09-16
70982,2026-04-09
70984,2025-10-14
70985,2025-12-10
70986,2026-05-29
70987,2025-09-23
70988,2026-03-25
70989,2026-03-20
70990,2025-11-17
70996,2025-11-17
71000,2026-03-23
71007,2025-12-02
71009,2025-12-23
71010,2026-01-20
71012,2026-03-06
71013,2025-10-06
71014,2026-04-27
71015,2025-10-06
71016,2026-02-20
71017,2026-05-18
71018,2026-05-26
71019,2026-05-29
71020,2026-01-21
71021,2025-09-23
71022,2026-04-07
71023,2026-04-28
71024,2025-10-21
71028,2026-06-25
71029,2025-12-10
71032,2025-09-23
71033,2026-04-13
71036,2025-09-29
71038,2025-11-26
71040,2025-11-21
71042,2026-05-25
71043,2026-06-16
71044,2026-04-07
71046,2026-05-29
71048,2026-04-10
71051,2025-12-12
71055,2026-04-14
71056,2026-05-05
71057,2025-11-20
71059,2026-01-14
71065,2026-01-21
71066,2026-03-17
71068,2026-01-12
71069,2026-03-30
71070,2026-03-10
71071,2025-07-23
71072,2026-02-24
71076,2025-12-02
71080,2026-02-13
71083,2026-02-23
71086,2025-09-16
71087,2026-03-23
71088,2025-11-17
71089,2026-01-02
71090,2026-04-14
71091,2026-05-11
71095,2026-05-18
71096,2025-11-25
71100,2025-12-02
71101,2026-02-24
71103,2025-05-27
71107,2026-04-27
71108,2026-03-03
71109,2025-09-16
71110,2026-02-16
71111,2026-02-18
71112,2026-03-02
71114,2026-01-21
71115,2025-09-09
71117,2026-01-30
71118,2026-03-30
71119,2026-03-05
71121,2026-02-27
71123,2025-11-05
71126,2026-02-25
71127,2025-10-09
71129,2026-03-04
71130,2026-05-06
71132,2025-12-24
71135,2026-05-08
71138,2026-05-29
71140,2026-05-15
71141,2026-01-14
71142,2025-12-12
71145,2026-04-06
71146,2026-02-11
71147,2026-05-29
71152,2026-04-14
71153,2026-05-29
71154,2025-11-24
71156,2025-09-29
71159,2026-05-08
71160,2025-11-05
71162,2026-03-06
71165,2026-04-24
71167,2026-02-23
71168,2026-04-01
71170,2026-05-08
71173,2025-10-09
71174,2025-10-09
71176,2025-12-16
71177,2026-02-24
71178,2026-01-20
71180,2026-05-08
71181,2026-03-27
71182,2026-04-06
71184,2026-01-30
71185,2025-12-04
71186,2026-05-05
71189,2025-06-26
71192,2026-05-15
71194,2026-04-28
71195,2026-04-15
71196,2026-01-21
71197,2026-04-06
71198,2026-05-18
71199,2026-05-06
71202,2025-11-17
71205,2026-02-03
71209,2026-02-02
71211,2026-05-18
71212,2025-09-29
71215,2025-09-23
71218,2025-09-29
71219,2026-03-24
71221,2025-11-17
71224,2026-04-21
71227,2026-03-03
71228,2026-02-11
71229,2026-03-04
71230,2026-04-10
71232,2025-11-17
71233,2026-02-02
71238,2025-11-03
71240,2026-03-04
71243,2026-01-12
71248,2026-05-12
71249,2026-03-04
71256,2026-02-03
71258,2025-11-25
71259,2026-03-03
71261,2026-02-16
71262,2025-12-02
71264,2026-02-17
71265,2025-12-17
71266,2025-10-01
71267,2025-10-14
71268,2025-12-23
71269,2026-03-25
71270,2025-11-17
71271,2025-10-09
71273,2025-09-09
71274,2025-10-03
71276,2026-06-10
71277,2026-03-24
71279,2026-03-18
71280,2025-09-29
71284,2025-10-14
71286,2025-11-20
71288,2026-05-29
71289,2026-03-10
71292,2026-05-12
71293,2025-11-03
71296,2026-05-04
71297,2025-11-03
71298,2026-03-09
71300,2026-03-17
71301,2026-01-12
71302,2026-01-23
71306,2026-04-28
71307,2026-02-12
71309,2026-02-24
71312,2026-05-29
71313,2025-11-03
71315,2026-01-14
71316,2026-04-06
71317,2026-04-14
71320,2026-03-04
71326,2026-06-11
71327,2026-04-15
71329,2025-12-17
71330,2026-02-24
71332,2026-03-04
71333,2026-04-17
71334,2026-02-17
71335,2025-11-17
71336,2025-12-02
71337,2026-03-10
71340,2026-04-13
71341,2026-02-23
71342,2026-05-08
71343,2025-12-04
71346,2026-03-06
71347,2026-03-30
71350,2026-02-18
71351,2026-03-17
71354,2026-03-03
71356,2026-03-20
71358,2026-03-17
71359,2025-10-17
71360,2025-11-26
71361,2026-02-19
71362,2026-04-21
71364,2025-10-20
71365,2026-04-28
71366,2025-09-23
71367,2026-03-20
71368,2026-02-18
71371,2026-03-25
71373,2026-05-12
71374,2025-11-03
71375,2026-03-03
71376,2025-07-03
71377,2026-03-10
71378,2026-04-28
71379,2025-07-08
71381,2026-05-15
71382,2025-11-10
71383,2026-03-03
71385,2026-03-24
71387,2026-04-10
71388,2026-03-17
71389,2025-11-06
71390,2026-05-08
71391,2026-03-30
71394,2026-02-17
71396,2026-05-19
71397,2025-11-05
71400,2025-07-21
71403,2025-11-12
71404,2026-01-12
71406,2026-04-22
71407,2026-04-20
71410,2026-05-04
71411,2025-09-09
71412,2025-10-06
71413,2025-06-24
71415,2026-05-15
71416,2026-05-12
71417,2026-05-29
71418,2026-04-08
71419,2026-01-12
71421,2026-05-29
71422,2026-03-30
71424,2026-03-16
71425,2026-04-07
71426,2026-04-14
71427,2025-12-22
71429,2026-03-09
71430,2026-03-11
71432,2025-11-12
71434,2026-03-31
71435,2025-11-06
71437,2025-12-12
71439,2025-11-12
71441,2026-05-29
71443,2026-05-08
71445,2025-10-06
71446,2025-10-03
71447,2026-03-04
71448,2026-02-17
71450,2025-11-12
71451,2026-05-08
71452,2026-04-07
71453,2026-05-29
71454,2025-10-14
71455,2026-03-04
71456,2026-01-12
71458,2026-04-28
71459,2026-05-29
71461,2026-02-12
71462,2026-04-01
71465,2026-05-29
71471,2025-12-22
71472,2026-03-23
71474,2025-09-09
71477,2025-09-09
71480,2026-05-08
71482,2026-03-17
71483,2026-04-14
71484,2025-09-05
71489,2026-05-29
71491,2026-03-04
71492,2026-02-09
71494,2026-05-29
71495,2026-04-29
71496,2025-09-16
71497,2026-04-20
71501,2026-03-10
71502,2025-10-06
71503,2025-08-19
71505,2025-08-04
71507,2025-12-12
71509,2026-05-15
71512,2025-12-23
71514,2026-05-12
71516,2026-05-29
71517,2026-05-04
71518,2026-05-12
71520,2026-05-08
71521,2026-02-11
71522,2026-05-29
71523,2026-01-12
71524,2026-03-10
71526,2026-04-07
71527,2026-01-20
71528,2026-05-15
71529,2026-04-29
71533,2025-11-20
71537,2026-02-19
71540,2026-04-28
71541,2026-05-08
71542,2025-11-17
71544,2026-03-09
71545,2026-04-28
71548,2026-01-20
71549,2026-05-08
71551,2026-01-20
71552,2026-02-17
71553,2026-05-18
71554,2026-05-18
71555,2025-11-06
71559,2026-03-31
71560,2025-12-17
71561,2026-01-20
71562,2026-05-05
71564,2026-03-06
71568,2026-04-07
71571,2025-12-23
71573,2026-05-20
71575,2026-04-06
71576,2026-02-25
71577,2025-12-04
71578,2025-08-29
71579,2025-12-04
71580,2026-01-20
71586,2026-03-30
71591,2025-12-23
71594,2026-05-05
71596,2025-10-06
71599,2026-03-18
71605,2026-04-08
71612,2026-04-20
71614,2026-03-05
71615,2026-04-13
71617,2026-05-08
71618,2026-02-17
71620,2025-11-12
71621,2025-12-15
71622,2026-03-16
71624,2026-03-06
71625,2025-12-17
71626,2026-01-26
71628,2025-05-28
71629,2025-12-15
71631,2026-04-29
71632,2026-06-16
71639,2026-03-25
71647,2025-11-03
71649,2026-02-24
71650,2026-05-19
71653,2026-05-12
71654,2025-12-23
71657,2026-02-17
71658,2025-08-11
71659,2026-05-29
71660,2025-12-23
71661,2026-05-27
71663,2026-03-24
71666,2026-04-06
71668,2026-04-08
71670,2026-05-19
71671,2026-04-27
71672,2026-02-23
71674,2025-11-06
71676,2026-04-07
71678,2026-02-03
71683,2026-01-20
71684,2026-04-13
71687,2026-03-24
71688,2026-03-24
71689,2026-05-05
71690,2026-05-14
71692,2026-02-11
71693,2026-02-11
71694,2026-03-25
71696,2026-03-31
71698,2026-03-02
71702,2026-02-18
71704,2026-04-28
71705,2026-04-23
71709,2026-05-18
71712,2026-02-23
71714,2026-02-17
71715,2026-04-20
71716,2026-05-18
71719,2026-05-15
71721,2026-01-14
71722,2026-05-18
71723,2026-03-03
71724,2026-05-11
71726,2026-03-17
71728,2025-12-17
71729,2026-03-16
71730,2026-02-24
71732,2025-09-09
71736,2026-04-13
71739,2025-06-11
71740,2025-06-10
71741,2026-04-13
71742,2026-05-18
71745,2026-02-02
71749,2025-10-24
71750,2026-04-28
71753,2026-05-19
71754,2026-06-02
71755,2026-04-21
71760,2026-04-20
71761,2026-04-13
71764,2026-04-13
71767,2025-06-10
71768,2025-12-08
71772,2026-03-24
71776,2026-05-05
71780,2026-05-04
71782,2025-08-04
71783,2026-05-13
71784,2026-05-06
71785,2026-03-20
71787,2026-03-30
71791,2026-02-17
71793,2026-04-01
71821,2025-07-24
71850,2026-04-01
71870,2025-06-30
71893,2025-09-25
71894,2026-02-23
71900,2025-12-23
71905,2026-05-05
71913,2026-03-11
71918,2025-08-21
71919,2026-03-23
71922,2026-03-24
71925,2026-02-03
71926,2026-05-20
71933,2026-05-05
71935,2026-02-24
71936,2025-07-04
71942,2026-05-15
71943,2026-03-20
71948,2026-04-09
71949,2025-11-12
71950,2026-01-16
